temperature_2m,relative_humidity_2m,precipitation,surface_pressure,cloud_cover,wind_speed_10m,soil_temperature_0_to_7cm,soil_temperature_7_to_28cm,soil_moisture_0_to_7cm,soil_moisture_7_to_28cm,Actual_Wildfire_Occurrence,Predicted_Probability,Predicted_Class,Actual_Severity,datetime
26.91100121,36.67506409,0.0,931.8647461,0.0,11.79240417,29.01099968,23.01099968,0.185000002,0.174999997,0.0,0.002561634794498483,0.0,0.0,2022-09-27 00:00:00
21.16100121,29.50000954,0.0,934.9483032,0.0,15.19268227,19.76099968,16.66100121,0.130999997,0.163000003,0.0,0.002592839843903979,0.0,0.0,2021-05-18 18:00:00
36.71099854,11.47868252,0.0,933.482605,1.800000072,19.77052307,40.1609993,30.41100121,0.133000001,0.151999995,0.0,0.0028472956425199905,0.0,0.0,2021-07-11 00:00:00
30.247,17.559834,0.0,945.9435,0.0,11.246759,30.197,23.947,0.134,0.153,1.0,0.9953586260477701,1.0,35.66490469,2020-08-31 20:00:00
9.511000633,68.07072449,0.200000003,932.1560059,48.29999542,7.208993912,10.41100025,9.261000633,0.345999986,0.261000007,0.0,0.002528094802983105,0.0,0.0,2022-04-22 18:00:00
30.116,32.646133,0.0,952.5715,0.0,13.627795,30.666,25.116,0.138,0.154,1.0,0.9953619440396627,1.0,33.87752158,2020-08-21 20:00:00
15.96100044,53.64107895,0.0,927.6600952,4.5,8.714676857,17.46100044,15.36100006,0.145999998,0.188999996,0.0,0.0025304487984006605,0.0,0.0,2023-06-01 18:00:00
14.91100025,35.22404861,0.0,934.7025146,0.0,8.209262848,11.61100006,7.011000156,0.289999992,0.308999985,0.0,0.0029245970072224736,0.0,0.0,2022-01-26 21:00:00
25.76099968,21.11493301,0.0,933.9584351,0.0,3.599999905,23.51099968,26.36100006,0.133000001,0.151999995,0.0,0.0028283029096201062,0.0,0.0,2022-07-19 15:00:00
31.171999,10.877131,0.0,908.3217,0.0,10.805999,33.322,27.722,0.137,0.15,1.0,0.9953595598538717,1.0,32.62487809,2020-08-20 20:00:00
26.26099968,23.86974716,0.0,931.3294067,0.0,12.97998428,32.96099854,25.01099968,0.112999998,0.160999998,0.0,0.0025279034938042364,0.0,0.0,2023-07-06 00:00:00
33.4109993,12.1532011,0.0,934.0578613,0.0,6.877789497,33.11100006,23.46100044,0.133000001,0.150000006,0.0,0.0025357273795331516,0.0,0.0,2021-09-05 21:00:00
16.56100082,36.87695694,0.0,934.9785156,0.0,10.49571323,17.96100044,12.46100044,0.296000004,0.224000007,0.0,0.0025438740461443863,0.0,0.0,2022-04-18 00:00:00
16.034,80.52529,0.0,945.9063,1.8,16.981165,23.383999,28.883999,0.136,0.157,1.0,0.9953609903653463,1.0,33.34018179,2020-08-21 09:00:00
34.9225,21.805315,0.0,913.06165,27.000002,14.973577,37.622498,29.322498,0.127,0.152,1.0,0.9953611095746359,1.0,29.53652464,2020-08-18 21:00:00
19.41100121,51.51282501,0.0,929.0603638,0.0,0.80498451,16.56100082,18.16100121,0.152999997,0.202999994,0.0,0.002540861372835934,0.0,0.0,2023-05-22 15:00:00
1.860999942,86.27339172,0.0,934.1694336,2.699999809,7.92817688,3.56099987,7.511000156,0.382999986,0.363000005,0.0,0.002544817437107364,0.0,0.0,2021-02-03 12:00:00
8.611000061,66.92666626,0.0,928.7834473,18.0,9.085988045,9.661000252,13.71100044,0.162,0.200000003,0.0,0.0025222453211123743,0.0,0.0,2021-04-17 12:00:00
18.56100082,53.7721138,0.0,930.4818726,1.799999952,10.58791828,22.76099968,24.06100082,0.133000001,0.152999997,0.0,0.002633865961494545,0.0,0.0,2021-06-26 06:00:00
19.01099968,56.10025024,0.0,928.1264038,0.0,7.421589851,26.11100006,25.61100006,0.133000001,0.150000006,0.0,0.0025195677299052477,0.0,0.0,2021-09-16 03:00:00
14.26100063,47.54379654,0.0,933.2369385,0.0,10.39022636,13.91100025,18.81100082,0.112999998,0.147,0.0,0.002521056255015234,0.0,0.0,2023-09-27 15:00:00
5.160999775,97.93309784,0.5,927.12854,100.0,12.64620018,7.31099987,10.51100063,0.277999997,0.243000001,0.0,0.002521739574149251,0.0,0.0,2021-12-09 15:00:00
12.76100063,42.14895248,0.0,928.5079956,0.0,5.634891033,14.01100063,15.36100006,0.209999993,0.257999986,0.0,0.0025315129508574805,0.0,0.0,2021-04-02 06:00:00
31.11100006,21.50645256,0.0,928.3278809,0.0,20.78045273,37.31099701,30.06100082,0.133000001,0.150999993,0.0,0.002817656612023711,0.0,0.0,2021-08-17 00:00:00
21.6285,43.34301,0.0,998.5402,6.2999997,7.342588,19.178501,18.0285,0.255,0.304,1.0,0.9953404664993286,1.0,38.21446397,2023-07-09 19:00:00
30.563002,10.445276,0.0,955.7579,0.6,14.386494,31.713,34.413,0.116,0.146,1.0,0.9953620632489523,1.0,30.43634535,2020-08-19 10:00:00
12.41100025,54.7828064,0.0,930.7904053,14.40000057,10.19505692,12.51100063,10.26100063,0.279000014,0.231999993,0.0,0.0025244223652407527,0.0,0.0,2022-04-20 18:00:00
31.61100006,19.44147491,0.0,932.4128418,2.400000095,5.351784706,28.36100006,21.06100082,0.134000003,0.158999994,0.0,0.006480977560083072,0.0,0.0,2021-05-31 18:00:00
19.11100006,39.91621017,0.0,933.2009888,0.0,4.679999828,16.71100044,21.31100082,0.138999999,0.165999994,0.0,0.0025451030426969132,0.0,0.0,2022-10-09 15:00:00
26.304,10.730252,0.0,904.3358,0.3,14.88242,27.054,29.554,0.127,0.152,1.0,0.9953611095746359,1.0,30.29884192,2020-08-19 10:00:00
6.660999775,97.95761871,0.0,937.2645264,51.90000153,4.349896431,8.661000252,9.711000443,0.240999997,0.184,0.0,0.002574016456492245,0.0,0.0,2023-12-03 03:00:00
36.207,13.685201,0.0,932.32654,0.0,16.485485,39.107,31.807,0.123,0.149,1.0,0.9953211943308512,1.0,30.77837992,2020-08-19 21:00:00
28.292,9.989953,0.0,927.78046,2.4,14.799459,29.892,32.792,0.125,0.148,1.0,0.9953407645225525,1.0,30.45254306,2020-08-19 10:00:00
15.11100006,39.45715714,0.0,939.9837036,30.00000191,4.896529198,11.66100025,7.210999966,0.282000005,0.30399999,0.0,0.002817100534836451,0.0,0.0,2022-01-28 21:00:00
19.41100121,29.9570713,0.0,932.364624,0.0,13.75557899,23.96100044,26.51099968,0.133000001,0.155000001,0.0,0.002764991639802853,0.0,0.0,2020-08-01 06:00:00
7.710999966,71.90290833,0.0,937.8502197,90.00000763,12.41347694,7.261000156,5.410999775,0.360000014,0.354999989,0.0,0.00253543711733073,0.0,0.0,2022-12-08 21:00:00
8.311000824,82.53186798,0.0,929.7023926,100.0,6.792466164,8.811000824,9.261000633,0.363000005,0.368000001,0.0,0.002537465848339101,0.0,0.0,2022-01-07 18:00:00
11.76100063,45.5032196,0.0,935.0014648,10.5,8.47339344,11.96100044,13.06100082,0.214000002,0.238000005,0.0,0.002540196835373839,0.0,0.0,2021-12-06 03:00:00
15.46100044,55.38479614,0.0,934.1227417,0.0,6.725354195,20.56100082,20.46100044,0.112999998,0.147,0.0,0.002521830261684954,0.0,0.0,2023-09-26 03:00:00
19.2365,39.537907,0.0,919.4361,2.6999998,9.290511,22.9865,28.1365,0.133,0.153,1.0,0.9953487714131674,1.0,32.98093725,2020-08-21 09:00:00
17.01099968,62.35057068,0.0,933.2686157,4.5,7.594208241,17.81100082,18.71100044,0.136000007,0.162,0.0,0.002538887085393071,0.0,0.0,2022-10-16 18:00:00
28.61100006,20.01181221,0.0,932.576355,0.0,14.26436138,29.46100044,22.76099968,0.133000001,0.150999993,0.0,0.002611650968901813,0.0,0.0,2020-09-21 21:00:00
28.61100006,26.95750427,0.0,930.9198608,0.0,8.209262848,28.36100006,24.81100082,0.133000001,0.151999995,0.0,0.002626598075342675,0.0,0.0,2022-07-24 18:00:00
-0.138999999,99.63757324,0.899999976,921.5091553,100.0,1.799999952,4.410999775,4.910999775,0.345999986,0.308999985,0.0,0.0026451649998004236,0.0,0.0,2023-02-25 12:00:00
27.01099968,23.4053688,0.0,933.7302856,0.0,6.193674088,24.71100044,22.06100082,0.112999998,0.148000002,0.0,0.002531187725253403,0.0,0.0,2023-09-11 18:00:00
39.946,17.062624,0.0,952.1095,24.300001,12.224107,43.146,33.396,0.111,0.138,1.0,0.9953617850939432,1.0,29.35579444,2020-08-18 21:00:00
26.163,17.092545,0.0,933.03033,0.0,11.043261,28.063,31.613,0.132,0.149,1.0,0.9953301350275675,1.0,31.56247848,2020-08-20 09:00:00
4.160999775,81.9940567,0.0,934.0474854,3.300000191,7.412853241,6.861000061,9.811000824,0.323000014,0.266000003,0.0,0.0025389418782045445,0.0,0.0,2022-04-23 12:00:00
6.31099987,45.42783737,0.0,926.6467285,0.0,12.76858616,9.111000061,10.01100063,0.216000006,0.257999986,0.0,0.0025228322871650257,0.0,0.0,2022-02-16 03:00:00
11.11100006,83.16313934,0.0,939.6673584,0.0,3.599999905,11.31100082,10.71100044,0.326000005,0.338999987,0.0,0.002590612081500391,0.0,0.0,2020-02-01 03:00:00
25.91100121,30.83637619,0.0,932.618103,0.0,3.960000038,29.86100006,27.11100006,0.133000001,0.151999995,0.0,0.002658010615656773,0.0,0.0,2020-09-05 03:00:00
19.56100082,51.37952805,0.0,934.883667,0.0,3.096837044,19.86100006,13.56100082,0.219999999,0.245000005,0.0,0.0025517584290355444,0.0,0.0,2021-12-01 00:00:00
18.41100121,33.76333618,0.0,927.6885986,0.0,8.049844742,22.46100044,23.96100044,0.134000003,0.166999996,0.0,0.0025308740247661867,0.0,0.0,2020-07-01 06:00:00
12.96100044,54.54304504,0.0,935.8933716,30.00000191,2.902412653,12.16100025,8.461000443,0.201000005,0.197999999,0.0,0.002611492256013056,0.0,0.0,2023-12-15 00:00:00
14.16100025,42.2527771,0.0,937.6992798,0.0,0.509116888,13.21100044,8.311000824,0.257999986,0.287,0.0,0.0032286360704650483,0.0,0.0,2022-02-06 00:00:00
19.0865,45.50142,0.0,955.3594,0.0,1.835647,19.286499,24.286499,0.134,0.154,1.0,0.9953572750091553,1.0,35.52227617,2020-08-30 09:00:00
11.36100006,50.75320816,0.0,927.1951904,0.0,11.20057106,16.41100121,19.16100121,0.136999995,0.172000006,0.0,0.0025305747597788772,0.0,0.0,2022-05-31 06:00:00
14.21100044,71.16569519,0.0,926.6242065,0.0,2.811689854,19.46100044,25.31100082,0.112999998,0.162,0.0,0.00254023940457652,0.0,0.0,2023-07-04 12:00:00
3.411000013,88.62767792,0.0,926.7878418,0.0,5.495161057,6.361000061,7.56099987,0.252999991,0.218999997,0.0,0.002532782692772647,0.0,0.0,2021-01-24 03:00:00
16.06100082,37.12815475,0.0,931.5388184,1.799999952,18.39173508,23.06100082,18.76099968,0.126000002,0.158000007,0.0,0.002535229742837449,0.0,0.0,2023-06-20 00:00:00
4.410999775,89.34553528,0.0,934.1229248,18.89999962,14.39999962,4.611000061,7.210999966,0.275999993,0.245000005,0.0,0.002535063889808953,0.0,0.0,2020-12-31 15:00:00
3.361000061,79.265625,0.0,933.0748291,0.0,6.763785839,1.411000013,6.611000061,0.316000015,0.328999996,0.0,0.002542952618872126,0.0,0.0,2020-02-06 12:00:00
15.433,85.334526,0.0,996.9691,20.699999,6.162207,19.983,23.783,0.175,0.29,1.0,0.9953605135281881,1.0,27.5,2020-07-19 10:00:00
16.615501,87.69695,0.0,949.1481,0.0,6.924738,20.9655,25.0655,0.134,0.159,1.0,0.9953617850939432,1.0,35.20840344,2020-08-26 09:00:00
18.2525,65.604774,0.0,940.7449,27.9,1.1384199,21.4525,26.4525,0.138,0.154,1.0,0.9953605930010477,1.0,33.24669568,2020-08-21 09:00:00
24.81100082,43.50562668,0.0,932.0558472,0.0,7.100309849,30.16100121,26.01099968,0.133000001,0.158000007,0.0,0.002608471976903578,0.0,0.0,2020-07-19 03:00:00
15.21100044,57.84720993,0.0,932.3109741,9.300000191,8.089993477,11.56100082,13.01100063,0.222000003,0.261999995,0.0,0.0025504414613048234,0.0,0.0,2023-04-22 15:00:00
12.76100063,73.59090424,0.0,931.3477783,67.5,2.099142551,12.61100006,11.01100063,0.365999997,0.377999991,0.0,0.002808702294714749,0.0,0.0,2020-04-12 18:00:00
7.56099987,89.28910828,0.0,927.9281616,34.20000076,7.235910416,9.711000443,12.21100044,0.25,0.167999998,0.0,0.002523389683725933,0.0,0.0,2022-11-06 15:00:00
16.9285,39.424786,0.0,1002.30444,0.0,18.847641,15.6785,16.1285,0.175,0.27,1.0,0.9953521688779196,1.0,37.07040817,2022-10-26 19:00:00
2.010999918,99.28891754,2.099999905,928.1901855,100.0,15.46324444,5.111000061,7.960999966,0.340999991,0.263999999,0.0,0.002523770478243629,0.0,0.0,2021-03-10 06:00:00
6.011000156,98.28659821,0.0,936.3394165,86.70000458,4.213691711,5.861000061,8.461000443,0.229000002,0.180000007,0.0,0.0025847551490490637,0.0,0.0,2023-12-02 12:00:00
33.46099854,11.9017849,0.0,937.0187378,0.0,14.51206398,35.56099701,26.71100044,0.133000001,0.151999995,0.0,0.010463281534612179,0.0,0.0,2022-07-20 21:00:00
17.114,70.30551,0.0,941.4788,22.5,3.8773184,21.614,26.814001,0.134,0.151,1.0,0.9953557848930359,1.0,33.11889841,2020-08-21 09:00:00
7.210999966,63.5812912,0.0,938.342041,9.0,4.198285103,5.460999966,8.511000633,0.331999987,0.340999991,0.0,0.0025458882252375283,0.0,0.0,2020-02-01 15:00:00
7.111000061,95.30836487,0.100000001,930.0823975,100.0,8.942214012,8.011000633,8.961000443,0.395000011,0.395000011,0.0,0.0025256109656766057,0.0,0.0,2020-04-09 15:00:00
21.560501,47.763462,0.0,979.03815,6.2999997,17.49615,29.0105,22.160501,0.094,0.151,1.0,0.9953121542930603,1.0,38.53490254,2023-08-03 21:00:00
21.46100044,15.56559181,0.0,935.9470825,29.70000076,5.634891033,19.66100121,13.36100006,0.123000003,0.142000005,0.0,0.002575491516230007,0.0,0.0,2023-10-31 21:00:00
10.06100082,73.61264801,0.0,932.9558716,18.30000114,14.2416296,13.41100025,17.41100121,0.147,0.191,0.0,0.0025312265691657863,0.0,0.0,2020-06-13 15:00:00
28.515501,45.973064,0.0,951.58777,0.0,11.988594,30.4655,24.7155,0.134,0.159,1.0,0.9953611493110657,1.0,35.16100566,2020-08-25 21:00:00
18.328,67.817184,0.0,952.43945,19.2,4.6800003,21.727999,26.578,0.133,0.16,1.0,0.9953617056210836,1.0,33.93157146,2020-08-22 10:00:00
29.96100044,23.7713604,0.0,934.0236816,0.0,14.26436138,31.86100006,23.96100044,0.133000001,0.151999995,0.0,0.004420977706710498,0.0,0.0,2021-07-05 21:00:00
17.86100006,19.46320915,0.0,928.7315063,0.0,10.66110706,18.01099968,13.11100006,0.202000007,0.229000002,0.0,0.0025325153643886247,0.0,0.0,2021-01-19 00:00:00
7.960999966,65.13867188,0.0,929.3258057,0.0,5.014219284,9.311000824,13.51100063,0.165999994,0.206,0.0,0.0025302982733895383,0.0,0.0,2021-04-16 09:00:00
3.111000061,84.25312805,0.0,937.2000122,38.70000076,4.610249519,5.011000156,9.111000061,0.234999999,0.197999999,0.0,0.0025551202318941555,0.0,0.0,2022-04-13 15:00:00
30.599499,14.603269,0.0,948.51984,0.0,12.57426,31.4995,26.4995,0.138,0.154,1.0,0.9953608314196268,1.0,32.46959815,2020-08-20 20:00:00
27.6525,20.925686,0.0,981.3868,0.0,8.049845,31.5025,35.4025,0.097,0.143,1.0,0.9953619043032328,1.0,31.06845816,2020-08-20 09:00:00
10.9265,58.187,0.0,1001.3816,0.0,10.44,13.6765,17.4265,0.227,0.355,1.0,0.9953525265057882,1.0,25.0,2020-04-27 10:00:00
27.625,45.7324,0.0,936.91656,0.0,11.988594,29.574999,23.824999,0.134,0.159,1.0,0.995279053846995,1.0,35.16534662,2020-08-25 21:00:00
22.894,21.29259,0.0,917.9106,0.9,5.937272,25.543999,30.144,0.127,0.152,1.0,0.9953599969546,1.0,31.61164341,2020-08-20 09:00:00
14.26100063,91.59352112,0.0,929.0212402,90.59999847,4.334974289,18.91100121,23.31100082,0.112999998,0.147,0.0,0.0025396246540670595,0.0,0.0,2023-09-16 12:00:00
13.2285,53.28912,0.0,1006.118,30.0,3.219938,11.328501,8.528501,0.386,0.429,1.0,0.9953150153160095,1.0,37.56715231,2023-04-05 19:00:00
11.26100063,66.3312149,0.0,926.1594238,10.5,16.65753937,14.11100006,13.16100025,0.414999992,0.414000005,0.0,0.002522767366220554,0.0,0.0,2021-10-25 22:00:00
13.028501,60.575954,0.0,1011.61127,0.0,6.763786,8.5785,7.0785,0.466,0.48,1.0,0.9953027963638306,1.0,37.2930422,2023-02-08 19:00:00
23.3775,25.173836,0.0,948.8781,0.9,5.1544156,24.1775,28.8775,0.131,0.156,1.0,0.9953621427218119,1.0,31.63282289,2020-08-20 09:00:00
35.76099777,21.7969532,0.0,934.5427246,29.70000267,11.29849529,39.96099854,31.11100006,0.133000001,0.152999997,0.0,0.0197067071373264,0.0,0.0,2020-08-18 00:00:00
25.03,47.446815,0.0,1004.24664,1.8,6.6185193,22.130001,20.03,0.175,0.268,1.0,0.9953537782033285,1.0,36.95330009,2022-10-03 19:00:00
0.561000049,96.09895325,0.100000001,925.008728,100.0,11.52562332,2.911000013,5.31099987,0.407999992,0.419999987,0.0,0.0025254255548740425,0.0,0.0,2021-12-28 09:00:00
37.0645,19.049067,0.0,919.37775,26.400002,10.799999,40.0645,30.8145,0.123,0.149,1.0,0.9953610698382059,1.0,28.98084928,2020-08-18 21:00:00
26.5835,10.783492,0.0,908.78094,0.3,14.88242,27.3335,29.8335,0.127,0.152,1.0,0.9953611890474955,1.0,30.61666548,2020-08-19 10:00:00
35.881,22.713528,0.0,921.7737,26.7,14.264361,38.381,29.931,0.137,0.151,1.0,0.9953492085138956,1.0,29.58670107,2020-08-18 21:00:00
27.96100044,16.12262535,0.0,930.9384155,5.700000286,14.8431797,29.86100006,22.86100006,0.133000001,0.149000004,0.0,0.0025870869867503643,0.0,0.0,2021-10-05 00:00:00
16.56100082,67.22969055,0.0,928.3754272,0.0,9.983105659,22.01099968,23.86100006,0.133000001,0.157000005,0.0,0.0025429686065763235,0.0,0.0,2020-07-24 06:00:00
9.161000252,58.57295609,0.0,932.6946411,0.0,4.896529198,9.511000633,11.81100082,0.231999993,0.268999994,0.0,0.0025313040241599083,0.0,0.0,2022-02-11 09:00:00
15.16100025,59.84770966,0.0,932.2970581,0.0,6.193674088,18.31100082,23.81100082,0.133000001,0.150999993,0.0,0.0025515465143447122,0.0,0.0,2022-08-11 12:00:00
20.71100044,47.05308914,0.0,930.6033936,15.90000057,5.351784706,22.51099968,27.01099968,0.135000005,0.150999993,0.0,0.7594877878824869,1.0,0.0,2021-07-29 12:00:00
21.771,48.95024,0.0,963.1679,25.2,11.090103,26.521,31.971,0.097,0.143,1.0,0.995361864566803,1.0,34.03892831,2020-08-22 10:00:00
29.2165,37.687325,0.0,978.71173,0.0,9.178235,29.8165,25.4165,0.241,0.276,1.0,0.9953599969546,1.0,35.25213557,2020-08-26 20:00:00
17.46100044,42.90261459,0.0,934.4015503,0.0,8.427383423,16.96100044,13.86100006,0.170000002,0.214000002,0.0,0.002532938805719217,0.0,0.0,2020-05-15 18:00:00
8.761000633,70.59841156,0.0,931.0227661,61.79999924,4.394360065,10.26100063,13.51100063,0.148000002,0.147,0.0,0.002522527938708663,0.0,0.0,2021-10-20 09:00:00
4.111000061,89.63877869,0.0,936.590271,0.0,5.959060192,3.710999966,8.411000252,0.287999988,0.305000007,0.0,0.002544348749021689,0.0,0.0,2022-01-20 12:00:00
16.2285,39.78291,0.0,1011.11346,100.0,7.072878,12.328501,11.4285,0.298,0.27,1.0,0.9953452547391256,1.0,37.11158903,2022-11-04 19:00:00
5.56099987,99.65398407,0.0,936.7532349,100.0,10.30883026,5.960999966,5.910999775,0.368999988,0.381999999,0.0,0.0025315495440736413,0.0,0.0,2022-01-04 03:00:00
8.311000824,64.52370453,0.0,936.5633545,87.6000061,4.610249519,7.861000061,5.31099987,0.331999987,0.338999987,0.0,0.002591388028425475,0.0,0.0,2022-12-20 00:00:00
8.2285,98.65117,0.0,1000.31024,77.7,12.88981,11.828501,15.2285,0.317,0.359,1.0,0.995348314444224,1.0,36.74577481,2022-04-26 10:00:00
17.7665,85.30289,0.0,967.31244,8.099999,3.6,23.0665,26.7665,0.241,0.276,1.0,0.9953615864117941,1.0,35.04097486,2020-08-25 09:00:00
7.710999966,97.30745697,0.200000003,932.4539185,100.0,6.839999676,9.511000633,8.861000061,0.419,0.423999995,0.0,0.002540487563237548,0.0,0.0,2023-03-13 12:00:00
6.611000061,85.55192566,0.0,928.0151978,29.69999886,15.71679306,13.01100063,19.56100082,0.133000001,0.156000003,0.0,0.0025215525335321822,0.0,0.0,2021-06-08 09:00:00
6.111000061,44.68852997,0.0,933.62677,0.0,18.79255104,5.56099987,5.960999966,0.358999997,0.375,0.0,0.0025232136249542236,0.0,0.0,2023-01-23 18:00:00
14.16100025,33.12843323,0.0,932.9337769,82.20000458,2.545584202,9.161000252,13.51100063,0.261999995,0.259000003,0.0,0.0025395269816120467,0.0,0.0,2022-04-25 12:00:00
17.36100006,35.94090652,0.0,940.4281006,26.40000153,7.421589851,16.96100044,10.11100006,0.236000001,0.273000002,0.0,0.0025976551696658134,0.0,0.0,2023-04-20 21:00:00
28.7445,32.265305,0.0,930.14667,0.0,13.627795,29.2945,23.7445,0.138,0.154,1.0,0.9952329595883688,1.0,33.60713701,2020-08-21 20:00:00
15.96100044,32.57326889,0.0,928.2102051,0.0,1.799999952,12.46100044,18.51099968,0.170000002,0.231999993,0.0,0.002561817721774181,0.0,0.0,2020-05-08 12:00:00
1.210999966,97.16419983,0.0,925.0252075,54.0,5.351784706,3.260999918,6.81099987,0.256000012,0.217999995,0.0,0.0025266323161001005,0.0,0.0,2021-01-23 12:00:00
38.292503,18.032883,0.0,948.0625,23.7,19.969458,41.6425,33.2425,0.111,0.138,1.0,0.9953617850939432,1.0,27.5,2020-08-17 21:00:00
25.96100044,32.90925598,0.0,926.7457886,0.0,6.638072014,28.26099968,22.01099968,0.135000005,0.162,0.0,0.0025471365079283714,0.0,0.0,2022-10-15 00:00:00
9.611000061,36.29727554,0.0,930.6290283,0.0,7.89541626,14.71100044,16.26099968,0.136000007,0.147,0.0,0.0025252398336306214,0.0,0.0,2021-10-13 03:00:00
15.26100063,43.48647308,0.0,926.0911255,0.0,4.349896431,18.61100006,24.56100082,0.133000001,0.150000006,0.0,0.0025296296225860715,0.0,0.0,2021-09-16 09:00:00
32.083,23.678787,0.0,963.09174,35.4,15.856354,33.533,26.483002,0.133,0.159,1.0,0.9953605930010477,1.0,34.80928746,2020-08-23 21:00:00
19.991499,31.437319,0.0,936.88257,0.9,5.3517847,24.241499,28.5415,0.135,0.151,1.0,0.9953122933705648,1.0,31.69507443,2020-08-20 09:00:00
12.26100063,28.98077202,0.0,932.946167,0.0,2.741678238,14.16100025,17.86100006,0.133000001,0.150999993,0.0,0.002525175999229153,0.0,0.0,2020-10-28 06:00:00
3.661000013,81.92765045,0.0,927.7763672,0.900000036,13.1041975,8.961000443,14.11100006,0.163000003,0.210999995,0.0,0.002527541248127818,0.0,0.0,2022-05-08 12:00:00
18.86100006,64.23867035,0.0,928.7279663,32.40000153,8.891343117,25.06100082,27.66100121,0.133000001,0.150999993,0.0,0.0030932745430618525,0.0,0.0,2022-07-30 06:00:00
6.761000156,62.56373215,0.0,935.7396851,0.0,6.830519199,7.56099987,9.861000061,0.244000003,0.275999993,0.0,0.002563837255972127,0.0,0.0,2022-02-09 09:00:00
6.698,48.714794,0.0,1002.0553,0.0,12.313894,6.748,7.6480002,0.4,0.426,1.0,0.9953091939290365,1.0,37.19395075,2023-01-30 19:00:00
17.36100006,53.45895767,0.0,927.5857544,0.0,6.287129879,24.86100006,23.66100121,0.133000001,0.150000006,0.0,0.002520122022057573,0.0,0.0,2021-08-24 03:00:00
6.0485,59.717564,0.0,999.8959,0.0,5.495161,5.6984997,9.7985,0.288,0.349,1.0,0.9953450361887614,1.0,37.15534369,2022-11-19 10:00:00
7.011000156,100.0,0.0,927.4013062,100.0,15.84000015,7.761000156,7.361000061,0.361000001,0.349000007,0.0,0.0025233886359880366,0.0,0.0,2022-12-10 12:00:00
19.413,31.271482,0.0,927.206,0.9,5.3517847,23.663,27.963001,0.135,0.151,1.0,0.9952319065729777,1.0,31.22818785,2020-08-20 09:00:00
20.41100121,31.22391319,0.0,933.3693237,0.0,3.545588732,17.91100121,22.86100006,0.133000001,0.150999993,0.0,0.0025371151665846505,0.0,0.0,2022-08-12 15:00:00
4.761000156,98.61338806,0.0,924.7250977,90.0,9.693296432,11.16100025,14.71100044,0.157000005,0.208000004,0.0,0.0025227565007905164,0.0,0.0,2021-04-14 06:00:00
2.2354999,91.77193,0.0,995.1607,0.0,6.4096174,4.0355,9.1355,0.244,0.342,1.0,0.9953441023826599,1.0,36.71522324,2022-02-23 10:00:00
31.529001,9.3549185,0.0,964.8388,0.0,18.171976,32.579002,35.179,0.115,0.145,1.0,0.9953620235125223,1.0,30.5365061,2020-08-19 10:00:00
24.9425,36.98167,0.0,923.5887,31.800001,4.8433046,25.592499,29.9425,0.123,0.149,1.0,0.9952804446220398,1.0,34.36412436,2020-08-23 10:00:00
37.903,19.248524,0.0,932.51404,26.400002,10.799999,40.903,31.653,0.123,0.149,1.0,0.9953493277231852,1.0,29.79814696,2020-08-18 21:00:00
10.578501,94.162384,0.0,997.6031,69.299995,10.44,15.828501,21.8785,0.204,0.288,1.0,0.9953568776448568,1.0,36.77570763,2022-06-13 11:00:00
17.06100082,29.17784119,0.0,934.9335938,0.0,4.394360065,18.91100121,18.31100082,0.133000001,0.150000006,0.0,0.0025219492381438613,0.0,0.0,2020-11-01 03:00:00
18.16100121,37.47458267,0.0,926.060791,0.0,2.741678238,19.76099968,22.81100082,0.133000001,0.150999993,0.0,0.0025718952529132366,0.0,0.0,2020-10-22 06:00:00
5.31099987,100.0,0.0,936.1296997,88.19999695,7.594208241,6.710999966,9.661000252,0.26699999,0.188999996,0.0,0.0025578162943323455,0.0,0.0,2023-12-07 12:00:00
22.61100006,22.48967552,0.0,931.2014771,0.0,4.680000305,17.46100044,19.41100121,0.137999997,0.184,0.0,0.0025692671382178864,0.0,0.0,2020-06-18 15:00:00
16.684,80.61309,0.0,957.1344,1.8,16.981165,24.033998,29.533998,0.136,0.157,1.0,0.9953613877296448,1.0,33.29514022,2020-08-21 09:00:00
23.3285,21.327917,0.0,927.58813,0.9,10.009036,26.9785,30.928501,0.137,0.151,1.0,0.9952996373176575,1.0,31.09151359,2020-08-20 09:00:00
22.56100082,10.51292896,0.0,933.5770874,0.0,13.57061481,20.96100044,17.21100044,0.134000003,0.165999994,0.0,0.002554203849285841,0.0,0.0,2021-05-08 18:00:00
24.51099968,14.01319313,0.0,929.9552612,0.0,8.707238197,25.61100006,25.46100044,0.134000003,0.158000007,0.0,0.005962050364663203,0.0,0.0,2022-06-22 06:00:00
13.01100063,84.51143646,0.0,929.7694702,42.0,5.804825306,14.61100006,12.96100044,0.202000007,0.162,0.0,0.002535437000915408,0.0,0.0,2023-11-17 00:00:00
34.225998,14.05148,0.0,916.5411,0.0,16.92383,36.975998,30.076,0.132,0.149,1.0,0.9953607122103373,1.0,30.72607467,2020-08-19 21:00:00
18.51099968,27.12281609,0.0,937.3505249,30.00000191,8.557102203,21.06100082,15.56100082,0.135000005,0.153999999,0.0,0.002540731414531668,0.0,0.0,2022-10-30 00:00:00
19.776,39.692944,0.0,928.38763,2.6999998,9.290511,23.526,28.675999,0.133,0.153,1.0,0.9944076140721639,1.0,32.74746017,2020-08-21 09:00:00
31.187,10.5608835,0.0,966.12366,0.6,14.386494,32.336998,35.037,0.116,0.146,1.0,0.9953620235125223,1.0,30.07313131,2020-08-19 10:00:00
38.0785,19.290295,0.0,935.28253,26.400002,10.799999,41.0785,31.8285,0.123,0.149,1.0,0.9953435063362122,1.0,29.77954129,2020-08-18 21:00:00
14.96100044,63.5822258,0.0,930.0415039,0.0,1.835646987,16.71100044,18.51099968,0.196999997,0.226999998,0.0,0.0025827233912423253,0.0,0.0,2023-05-15 06:00:00
26.752,12.076142,0.0,926.96344,0.3,9.904906,24.852001,27.602001,0.138,0.155,1.0,0.9950964252154032,1.0,30.19283571,2020-08-19 10:00:00
30.16100121,14.56035233,0.0,934.81073,0.0,2.811689854,27.76099968,23.91100121,0.112999998,0.149000004,0.0,0.002536503675704201,0.0,0.0,2023-08-28 18:00:00
2.161000013,90.12958527,0.0,927.5966797,0.899999976,7.628262997,4.611000061,8.561000824,0.224999994,0.246999994,0.0,0.002526847141173979,0.0,0.0,2022-11-29 12:00:00
17.5985,36.655537,0.0,992.4444,0.0,3.6179552,15.3485,18.8485,0.188,0.339,1.0,0.9953399697939554,1.0,25.0,2020-05-08 10:00:00
13.9985,99.353485,0.0,996.1303,90.0,6.489992,17.898499,21.248499,0.255,0.285,1.0,0.9953540960947672,1.0,38.8411852,2023-09-12 10:00:00
10.41100025,74.70014191,0.0,930.1276245,0.0,11.21213531,13.81100082,17.76099968,0.141000003,0.185000002,0.0,0.0025404326152056456,0.0,0.0,2020-06-14 09:00:00
10.91100025,50.62879181,0.0,932.4683838,30.00000191,4.024922371,12.61100006,9.561000824,0.312000006,0.307000011,0.0,0.0025402442940200367,0.0,0.0,2022-11-12 00:00:00
26.21100044,29.37556839,0.0,932.6958008,0.0,14.2006197,31.61100006,25.26099968,0.133000001,0.150999993,0.0,0.0025273927797873816,0.0,0.0,2022-08-10 00:00:00
28.682,10.061022,0.0,934.10657,2.4,14.799459,30.282,33.182,0.125,0.148,1.0,0.9953452746073405,1.0,30.45401306,2020-08-19 10:00:00
30.126,9.831558,0.0,942.0481,0.0,16.363178,30.825998,33.026,0.132,0.15,1.0,0.9953609903653463,1.0,30.02562473,2020-08-19 10:00:00
21.174,45.31208,0.0,920.6662,8.1,5.1165614,20.574,24.373999,0.137,0.154,1.0,0.9953535596529642,1.0,34.31808107,2020-08-23 10:00:00
10.81100082,59.82598877,0.0,933.0804443,100.0,4.610249519,10.06100082,6.81099987,0.354999989,0.363999993,0.0,0.002632223147278031,0.0,0.0,2021-12-22 00:00:00
8.911000252,51.93099594,0.0,935.7327271,0.0,4.843304634,8.411000252,11.21100044,0.180000007,0.186000004,0.0,0.0025459558237344027,0.0,0.0,2020-12-05 06:00:00
19.945,39.74143,0.0,931.2061,2.6999998,9.290511,23.695,28.845,0.133,0.153,1.0,0.9943679571151733,1.0,33.14055814,2020-08-21 09:00:00
13.36100006,81.23690796,0.0,929.7763672,3.599999905,8.905907631,18.46100044,24.86100006,0.133000001,0.153999999,0.0,0.0036588742320115366,0.0,0.0,2020-08-04 12:00:00
9.511000633,98.00302124,0.0,926.8482056,5.999999523,3.319036007,12.46100044,17.16100121,0.316000015,0.170000002,0.0,0.0025310368509963155,0.0,0.0,2022-09-20 09:00:00
4.910999775,43.65974045,0.0,928.2423706,0.0,14.77754974,5.710999966,8.261000633,0.273999989,0.300000012,0.0,0.0025248451080794134,0.0,0.0,2020-02-10 12:00:00
31.649,8.8257675,0.0,916.5559,0.0,11.177405,33.499,27.848999,0.127,0.152,1.0,0.9953610698382059,1.0,32.51187417,2020-08-20 20:00:00
22.71100044,23.26029968,0.0,935.4543457,30.00000191,5.860375404,17.76099968,12.31100082,0.224999994,0.245000005,0.0,0.002532644740616282,0.0,0.0,2021-12-02 21:00:00
13.462,81.521805,0.0,932.65796,1.8,6.763786,17.712,22.612,0.134,0.159,1.0,0.9947153329849243,1.0,35.40289817,2020-08-29 10:00:00
31.792,8.849826,0.0,918.81824,0.0,11.177405,33.642002,27.991999,0.127,0.152,1.0,0.9953613877296448,1.0,32.40828458,2020-08-20 20:00:00
9.011000633,82.05235291,0.0,930.8209229,0.0,3.21993804,9.661000252,9.711000443,0.256999999,0.286000013,0.0,0.0025491559645161033,0.0,0.0,2020-02-14 03:00:00
10.3785,74.43712,0.2,995.72327,100.0,20.608229,9.3785,8.4285,0.451,0.464,1.0,0.9952952861785889,1.0,37.41272408,2023-03-04 19:00:00
18.8155,65.509544,0.0,994.21545,35.7,9.605998,22.7655,25.1655,0.253,0.298,1.0,0.9953577518463135,1.0,38.31998992,2023-07-17 10:00:00
16.21100044,21.11876106,0.0,940.1082764,14.70000076,1.799999952,6.761000156,10.31100082,0.234999999,0.254999995,0.0,0.002617018219704429,0.0,0.0,2022-11-25 09:00:00
14.21100044,60.23545074,0.0,935.7887573,30.60000038,2.879999876,12.16100025,8.061000824,0.284999996,0.231999993,0.0,0.0027156509070967636,0.0,0.0,2020-12-16 21:00:00
8.111000061,65.87338257,0.0,932.2053833,0.0,4.553679466,7.011000156,10.26100063,0.236000001,0.270999998,0.0,0.0025330543673286834,0.0,0.0,2022-02-11 15:00:00
6.56099987,98.29409027,0.0,931.9317017,57.59999847,6.369049549,8.411000252,13.66100025,0.150999993,0.156000003,0.0,0.0025252418126910925,0.0,0.0,2023-11-07 15:00:00
0.061000001,99.27749634,0.0,932.8837891,36.0,3.4152596,3.460999966,5.861000061,0.393000007,0.409999996,0.0,0.0025785048104201755,0.0,0.0,2023-03-31 12:00:00
17.96100044,21.26076698,0.0,934.2634888,0.0,3.877318382,17.61100006,11.86100006,0.135000005,0.150999993,0.0,0.002638192420514921,0.0,0.0,2023-11-10 21:00:00
16.86100006,25.5924015,0.0,939.0054932,0.0,9.511088371,14.81100082,10.26100063,0.185000002,0.186000004,0.0,0.002588535853040715,0.0,0.0,2020-12-03 21:00:00
21.5085,20.856117,0.0,898.04895,0.9,10.009036,25.158499,29.1085,0.137,0.151,1.0,0.9953616261482239,1.0,31.41622938,2020-08-20 09:00:00
17.81100082,28.23816872,0.0,929.5435791,7.800000191,7.594207287,15.11100006,21.81100082,0.133000001,0.149000004,0.0,0.0025223863000671067,0.0,0.0,2021-10-05 12:00:00
39.61100006,7.286822319,0.0,931.7787476,0.0,0.509116888,33.9109993,28.06100082,0.133000001,0.150000006,0.0,0.0026608159920821586,0.0,0.0,2022-09-05 18:00:00
15.21100044,51.08773422,0.0,928.18573,0.0,3.758510351,15.26100063,18.31100082,0.215000004,0.234999999,0.0,0.002548222003194193,0.0,0.0,2020-05-25 12:00:00
31.013,24.210327,0.0,970.22986,11.7,9.1641035,32.212997,34.462997,0.104,0.137,1.0,0.9953617453575134,1.0,28.3463588,2020-08-18 10:00:00
5.111000061,67.37448883,0.300000012,925.2860718,100.0,5.351784706,6.660999775,7.160999775,0.395000011,0.407000005,0.0,0.002530315308831632,0.0,0.0,2023-01-02 21:00:00
30.171501,9.839718,0.0,942.79095,0.0,16.363178,30.8715,33.0715,0.132,0.15,1.0,0.9953609506289164,1.0,30.02433783,2020-08-19 10:00:00
5.460999966,99.65369415,0.0,927.4920044,94.80000305,5.692099571,9.911000252,14.46100044,0.144999996,0.182999998,0.0,0.0025227289103592434,0.0,0.0,2021-04-23 12:00:00
19.81100082,36.52331543,0.0,931.7385864,0.0,7.386581898,17.81100082,23.11100006,0.133000001,0.151999995,0.0,0.002544905796336631,0.0,0.0,2020-09-12 15:00:00
33.26099777,12.47927856,0.0,927.755249,0.0,13.24682617,36.86100006,27.66100121,0.133000001,0.153999999,0.0,0.020749426446855068,0.0,0.0,2021-06-20 00:00:00
29.21100044,21.32135582,0.0,931.9005737,0.0,14.08147717,30.61100006,22.26099968,0.134000003,0.166999996,0.0,0.004121917377536495,0.0,0.0,2020-06-30 21:00:00
1.510999918,91.39385223,0.0,926.0294189,11.69999981,14.24162865,3.611000061,6.261000156,0.335000008,0.340000004,0.0,0.002535472003122171,0.0,0.0,2023-01-30 09:00:00
30.154999,32.656944,0.0,953.21545,0.0,13.627795,30.705,25.154999,0.138,0.154,1.0,0.9953619440396627,1.0,33.62312767,2020-08-21 20:00:00
26.06100082,24.58070183,0.0,931.4614868,66.0,11.21213531,27.76099968,25.81100082,0.133000001,0.150999993,0.0,0.0025613444158807397,0.0,0.0,2021-07-26 18:00:00
41.0755,16.097769,0.0,960.82495,27.300001,7.42159,43.475502,33.3755,0.116,0.146,1.0,0.9953621029853821,1.0,28.79288295,2020-08-18 21:00:00
34.6465,8.475126,0.0,936.3966,0.0,3.8773184,37.1965,30.6965,0.132,0.15,1.0,0.9952168464660645,1.0,32.0396828,2020-08-20 20:00:00
8.461000443,55.31406403,0.0,924.8973999,0.0,13.70839024,12.01100063,17.71100044,0.138999999,0.156000003,0.0,0.002539378784907361,0.0,0.0,2022-10-23 09:00:00
7.511000156,78.76498413,0.0,938.7055664,42.90000153,5.860375404,5.660999775,6.011000156,0.404000014,0.419,0.0,0.002545689116232097,0.0,0.0,2023-01-06 18:00:00
28.1195,27.944752,0.0,942.7897,0.0,13.513193,29.0695,22.3195,0.134,0.159,1.0,0.995354175567627,1.0,35.50609429,2020-08-29 21:00:00
29.51099968,30.38955688,0.0,934.1856689,0.0,9.085988045,28.21100044,24.46100044,0.133000001,0.151999995,0.0,0.0034440758172422647,0.0,0.0,2022-07-27 18:00:00
10.66100025,81.70574188,0.0,932.4880371,0.300000012,3.239999771,13.36100006,18.96100044,0.135000005,0.162,0.0,0.0026287235086783767,0.0,0.0,2022-10-17 09:00:00
29.06100082,24.11012077,0.0,931.5865479,0.0,8.905907631,25.81100082,28.81100082,0.133000001,0.151999995,0.0,0.005967373571669062,0.0,0.0,2020-09-07 15:00:00
16.46100044,65.87564087,0.0,931.0991211,0.0,11.5928936,23.06100082,23.81100082,0.133000001,0.150999993,0.0,0.0025242496049031615,0.0,0.0,2020-09-19 03:00:00
10.46100044,42.40034866,0.0,935.6343384,1.200000048,3.396233082,6.81099987,7.011000156,0.26699999,0.245000005,0.0,0.0026432196609675884,0.0,0.0,2021-01-01 18:00:00
17.01099968,58.88625336,0.0,934.9195557,29.70000076,9.255571365,17.31100082,15.16100025,0.188999996,0.247999996,0.0,0.002546662619958321,0.0,0.0,2020-05-02 18:00:00
9.561000824,86.74812317,0.0,927.3199463,0.0,6.569382668,13.16100025,16.66100121,0.145999998,0.187999994,0.0,0.002536859828978777,0.0,0.0,2023-06-02 09:00:00
27.61100006,25.96237183,0.0,936.4605713,11.10000038,8.759178162,22.46100044,19.61100006,0.143999994,0.167999998,0.0,0.0025358402635902166,0.0,0.0,2022-10-06 18:00:00
13.91100025,65.32247162,0.0,931.7637329,27.00000191,10.78799343,18.71100044,16.56100082,0.165000007,0.214000002,0.0,0.0025279876232768097,0.0,0.0,2020-05-16 03:00:00
22.774,45.299725,0.0,997.3414,0.0,4.510787,25.674,27.974,0.174,0.271,1.0,0.9953609903653463,1.0,36.6225663,2021-07-10 10:00:00
35.2085,21.877039,0.0,917.5255,27.000002,14.973577,37.908497,29.6085,0.127,0.152,1.0,0.9953610698382059,1.0,29.80680635,2020-08-18 21:00:00
5.111000061,75.90973663,0.0,922.8186646,0.0,19.09358025,6.160999775,8.411000252,0.412,0.425000012,0.0,0.0025287484750151634,0.0,0.0,2023-01-01 15:00:00
16.11100006,25.19344711,0.0,931.6443481,30.00000191,7.89541626,14.31100082,10.51100063,0.26699999,0.277999997,0.0,0.0025268705018485584,0.0,0.0,2021-11-23 21:00:00
20.362,75.37757,0.0,980.04376,4.5,21.794127,24.762001,30.512001,0.084,0.13,1.0,0.9953617453575134,1.0,35.06861138,2020-08-25 09:00:00
19.964,56.526703,0.0,964.76556,0.0,16.394829,26.914001,33.464,0.097,0.143,1.0,0.9953617850939432,1.0,32.76118089,2020-08-21 09:00:00
13.66100025,32.01861191,0.0,929.3110352,19.80000114,18.67147446,20.26099968,15.91100025,0.133000001,0.162,0.0,0.0025208434478069344,0.0,0.0,2021-05-21 00:00:00
4.56099987,98.95677185,0.0,933.3457031,48.90000153,2.620839357,5.710999966,7.160999775,0.386000007,0.370000005,0.0,0.002574322784009079,0.0,0.0,2020-03-29 09:00:00
14.46100044,46.43821716,0.0,930.8182373,0.0,5.692099094,17.21100044,23.76099968,0.133000001,0.150999993,0.0,0.00253683685635527,0.0,0.0,2022-08-12 12:00:00
28.1285,33.07345,0.0,998.6992,0.0,3.6,23.928501,20.7785,0.167,0.263,1.0,0.9953561425209045,1.0,37.03051421,2022-10-11 19:00:00
13.36100006,63.21784592,0.0,932.708313,30.00000191,9.387651443,12.76100063,14.06100082,0.219999999,0.263000011,0.0,0.002531552609677116,0.0,0.0,2023-04-22 09:00:00
31.9845,23.33534,0.0,905.0103,16.800001,17.429354,35.1345,28.0345,0.137,0.152,1.0,0.9953581094741821,1.0,27.98041613,2020-08-17 21:00:00
7.261000156,59.37060547,0.0,933.6016846,8.700000763,5.091168404,7.56099987,10.86100006,0.186000004,0.187000006,0.0,0.002543153784548243,0.0,0.0,2020-12-03 09:00:00
32.148003,22.14272,0.0,955.93097,41.100002,19.969458,33.598003,27.398,0.136,0.157,1.0,0.9953611890474955,1.0,34.73390424,2020-08-23 21:00:00
15.26100063,60.28164673,0.0,931.4998779,4.5,7.92817688,16.51099968,21.51099968,0.133000001,0.150999993,0.0,0.0025392541429027915,0.0,0.0,2020-09-19 15:00:00
6.210999966,49.12329102,0.0,934.4793091,0.0,19.13764763,6.960999966,10.31100082,0.219999999,0.188999996,0.0,0.002520617524472376,0.0,0.0,2020-11-26 09:00:00
9.661000252,93.48711395,0.0,926.3422241,100.0,8.647496223,14.01100063,16.86100006,0.150000006,0.194999993,0.0,0.0025213844686125717,0.0,0.0,2023-05-28 12:00:00
40.9015,17.278473,0.0,967.4803,24.300001,12.224107,44.1015,34.3515,0.111,0.138,1.0,0.9953617850939432,1.0,29.83184654,2020-08-18 21:00:00
1.210999966,97.16419983,0.0,925.7553711,11.69999981,7.968938828,2.81099987,6.410999775,0.256000012,0.218999997,0.0,0.002527671167626977,0.0,0.0,2021-01-23 15:00:00
11.76100063,61.54701614,0.0,928.3163452,27.60000038,9.36000061,15.61100006,19.46100044,0.136000007,0.159999996,0.0,0.0025462478709717593,0.0,0.0,2021-05-29 09:00:00
8.211000443,98.31623077,0.0,933.9724731,29.69999886,4.896529675,7.160999775,8.911000252,0.340999991,0.323000014,0.0,0.0025428608835985265,0.0,0.0,2023-12-28 12:00:00
24.848,47.397636,0.0,1001.0291,1.8,6.6185193,21.948,19.848,0.175,0.268,1.0,0.9953537782033285,1.0,36.954587,2022-10-03 19:00:00
10.51100063,98.01859283,0.0,934.3674316,100.0,4.024922371,10.51100063,10.66100025,0.349999994,0.354000002,0.0,0.002544602689643701,0.0,0.0,2020-01-26 06:00:00
32.213,22.538898,0.0,947.0651,0.0,11.923557,32.463,23.963001,0.134,0.153,1.0,0.9953611493110657,1.0,35.85379793,2020-09-03 21:00:00
22.56100082,55.15655899,0.0,932.1071167,0.0,12.07476616,28.91100121,27.31100082,0.133000001,0.150999993,0.0,0.0025312480671952167,0.0,0.0,2022-08-23 03:00:00
4.261000156,98.95423889,0.0,935.5396729,98.69999695,6.915374279,3.06099987,4.81099987,0.375,0.386999995,0.0,0.002547808651191493,0.0,0.0,2022-01-03 09:00:00
12.21100044,76.8142395,0.0,926.7954712,22.80000114,2.545584202,15.01100063,20.41100121,0.115000002,0.149000004,0.0,0.0025535606934378543,0.0,0.0,2023-10-21 12:00:00
7.111000061,50.49023438,0.0,934.8375244,30.00000191,8.161764145,5.31099987,7.81099987,0.30399999,0.321999997,0.0,0.002529589536910256,0.0,0.0,2022-01-15 15:00:00
32.707,22.284924,0.0,965.166,41.100002,19.969458,34.157,27.957,0.136,0.157,1.0,0.9953594207763672,1.0,34.75968734,2020-08-23 21:00:00
18.51099968,59.8449707,0.0,932.3035889,0.0,3.075841427,12.81100082,15.76100063,0.352999985,0.35800001,0.0,0.002560558496043086,0.0,0.0,2021-10-29 09:00:00
24.61100006,35.06203079,0.0,926.4882813,0.899999976,13.70839119,31.61100006,27.71100044,0.133000001,0.152999997,0.0,0.3448058593397339,0.0,0.0,2021-06-28 03:00:00
7.31099987,63.8339653,0.0,928.6782227,0.0,4.452953815,8.811000824,9.361000061,0.215000004,0.196999997,0.0,0.002527045512882372,0.0,0.0,2023-12-12 03:00:00
10.21100044,67.03507996,0.0,928.513855,51.59999847,6.989935875,10.16100025,7.660999775,0.395000011,0.398999989,0.0,0.0025780979776754975,0.0,0.0,2022-12-28 21:00:00
37.001503,20.829084,0.0,941.5901,26.7,15.778516,39.4015,31.4515,0.132,0.149,1.0,0.9953609903653463,1.0,29.83766386,2020-08-18 21:00:00
18.66100121,31.2792244,0.0,940.1445923,24.60000038,6.638072014,12.31100082,10.46100044,0.192000002,0.238999993,0.0,0.0025774526487415037,0.0,0.0,2020-02-27 18:00:00
22.725,21.248718,0.0,915.15985,0.9,5.937272,25.375,29.975,0.127,0.152,1.0,0.9953605532646179,1.0,31.30389747,2020-08-20 09:00:00
14.46100044,22.2248497,0.0,934.6676025,22.5,4.82990694,10.66100025,17.31100082,0.133000001,0.150000006,0.0,0.002541097463108599,0.0,0.0,2020-11-02 12:00:00
7.761000156,89.30528259,0.0,931.3709106,21.60000038,3.758510351,7.160999775,10.06100082,0.226999998,0.234999999,0.0,0.002533632447011769,0.0,0.0,2020-03-11 15:00:00
6.460999966,91.71834564,0.0,932.7249146,19.80000114,9.290511131,8.561000824,10.56100082,0.291999996,0.317000002,0.0,0.0025473282439634204,0.0,0.0,2021-02-11 06:00:00
26.61100006,21.25724602,0.0,931.5115356,18.0,20.41869545,31.06100082,24.31100082,0.133000001,0.157000005,0.0,0.002564462289835016,0.0,0.0,2021-06-05 00:00:00
29.635,17.415514,0.0,938.35956,0.0,14.759999,31.035,26.185,0.135,0.151,1.0,0.9953212141990662,1.0,32.24386501,2020-08-20 20:00:00
23.46100044,26.950243,0.0,928.9448242,0.0,4.553679466,17.86100006,24.96100044,0.133000001,0.150000006,0.0,0.002536309805388252,0.0,0.0,2021-09-14 12:00:00
26.41100121,22.60152817,0.0,928.1491089,0.0,2.18979454,20.31100082,25.81100082,0.133000001,0.150999993,0.0,0.002579574783643087,0.0,0.0,2022-08-16 12:00:00
12.21100044,42.75764465,0.0,928.352478,21.0,12.47596073,15.41100025,18.36100006,0.163000003,0.223000005,0.0,0.0025250707985833287,0.0,0.0,2023-04-30 09:00:00
31.673,21.946789,0.0,915.7977,0.0,7.628263,33.322998,26.223001,0.127,0.152,1.0,0.9953505794207255,1.0,33.56157398,2020-08-21 20:00:00
29.36100006,17.41291428,0.0,934.8839722,0.0,7.49111414,28.31100082,24.46100044,0.112999998,0.153999999,0.0,0.002581036688449482,0.0,0.0,2023-07-28 18:00:00
30.074001,9.822233,0.0,941.19916,0.0,16.363178,30.774,32.974,0.132,0.15,1.0,0.9953609108924866,1.0,29.85208805,2020-08-19 10:00:00
1.760999918,99.64317322,0.0,922.7279663,100.0,9.164103508,4.56099987,6.06099987,0.426999986,0.412999988,0.0,0.002525197730089227,0.0,0.0,2022-12-12 12:00:00
20.26099968,18.21410751,0.0,934.430603,0.0,5.771238804,21.91100121,16.06100082,0.135000005,0.147,0.0,0.002577222689675788,0.0,0.0,2021-10-15 00:00:00
32.46099854,24.75492287,0.0,934.374939,0.0,7.289444923,34.96099854,25.61100006,0.133000001,0.151999995,0.0,0.002722877737445136,0.0,0.0,2020-09-04 22:00:00
5.410999775,88.80000305,0.0,928.1170654,68.69999695,3.70642662,8.361000061,12.41100025,0.158999994,0.208000004,0.0,0.002524037263356149,0.0,0.0,2021-04-14 15:00:00
6.160999775,84.30973816,0.0,928.6137085,0.899999976,13.85415459,12.31100082,16.01099968,0.133000001,0.162,0.0,0.0025330828114723167,0.0,0.0,2021-05-21 06:00:00
29.719501,17.373547,0.0,978.66644,0.0,3.671294,31.0695,34.919502,0.104,0.137,1.0,0.9953619440396627,1.0,30.92242666,2020-08-20 09:00:00
12.51100063,41.92352295,0.0,937.6887207,35.40000153,5.623379707,7.511000156,9.311000824,0.324999988,0.340000004,0.0,0.0025411400323112807,0.0,0.0,2022-01-13 09:00:00
20.61100006,38.44646835,0.0,931.4031372,33.90000153,7.412853241,20.76099968,21.76099968,0.133000001,0.150999993,0.0,0.0025622148532420397,0.0,0.0,2020-10-08 18:00:00
9.761000633,54.66656876,0.0,930.1231689,2.699999809,10.99032211,13.06100082,14.76100063,0.159999996,0.202000007,0.0,0.002525742747820914,0.0,0.0,2021-04-17 06:00:00
30.0285,23.30495,0.0,998.6038,0.0,4.0249224,22.8785,20.1285,0.255,0.285,1.0,0.9953480362892151,1.0,38.8411852,2023-09-11 19:00:00
30.86100006,14.45058632,0.0,935.2636719,0.0,10.68539143,30.31100082,26.31100082,0.133000001,0.151999995,0.0,0.185250843099008,0.0,0.0,2022-07-19 18:00:00
34.0135,22.693201,0.0,914.3491,15.3,18.59845,37.213497,29.6135,0.128,0.152,1.0,0.9953605135281881,1.0,27.5,2020-08-17 21:00:00
25.21100044,22.76904869,0.0,935.7457886,0.0,3.893995285,21.51099968,15.36100006,0.164000005,0.200000003,0.0,0.0025758690123135843,0.0,0.0,2022-05-14 18:00:00
15.66100025,33.93638229,0.0,929.5023804,0.0,8.225034714,12.86100006,14.56100082,0.252999991,0.246000007,0.0,0.002540031409201523,0.0,0.0,2020-05-23 15:00:00
8.411000252,56.31182861,0.0,933.116333,0.0,6.151682854,7.410999775,11.31100082,0.229000002,0.25,0.0,0.0025246718044703207,0.0,0.0,2021-11-30 15:00:00
8.011000633,65.38294983,0.0,937.9386597,0.0,1.484318018,8.861000061,11.61100006,0.266000003,0.294,0.0,0.0025426100085799894,0.0,0.0,2021-03-28 09:00:00
6.960999966,91.43302155,5.0,919.4312134,100.0,32.25165939,9.261000633,9.161000252,0.449000001,0.435000002,0.0,0.002549287436219553,0.0,0.0,2023-01-10 12:00:00
6.261000156,97.61327362,0.0,936.5968018,16.19999886,4.104631424,7.710999966,8.861000061,0.342999995,0.247999996,0.0,0.0026391473365947604,0.0,0.0,2021-01-05 03:00:00
16.51099968,51.0857811,0.0,930.4710693,32.40000153,6.519876957,21.86100006,22.16100121,0.133000001,0.149000004,0.0,0.002527258281285564,0.0,0.0,2021-10-06 03:00:00
17.61100006,63.32673264,0.0,930.7734375,0.0,6.369049549,23.26099968,26.31100082,0.133000001,0.150000006,0.0,0.0025259023532271385,0.0,0.0,2022-08-26 06:00:00
16.794,58.63477,0.0,913.6734,0.0,2.4149535,19.044,23.494001,0.134,0.153,1.0,0.9953310489654541,1.0,35.63550486,2020-08-31 09:00:00
13.61100006,28.82814407,0.0,930.0301514,0.0,19.24569702,14.41100025,17.66100121,0.134000003,0.166999996,0.0,0.0025232937963058553,0.0,0.0,2021-05-08 12:00:00
13.26100063,50.91392899,0.0,932.3135986,29.10000038,10.24577999,19.01099968,18.01099968,0.172000006,0.217999995,0.0,0.0025215184626479945,0.0,0.0,2022-05-06 03:00:00
22.91100121,46.56072235,0.0,930.0865479,0.0,9.007196426,29.76099968,27.06100082,0.133000001,0.153999999,0.0,0.002685616258531809,0.0,0.0,2020-08-11 03:00:00
8.161000252,31.83675385,0.0,938.1657715,0.0,1.484318018,0.761000037,4.31099987,0.244000003,0.256000012,0.0,0.0025658884551376104,0.0,0.0,2022-02-25 18:00:00
10.06100082,99.66616058,0.100000001,924.7182617,100.0,12.57425976,10.31100082,10.46100044,0.381999999,0.236000001,0.0,0.0025252942771961293,0.0,0.0,2023-12-19 09:00:00
14.46100044,46.11093521,0.0,931.2764893,6.299999714,14.56109905,17.46100044,17.81100082,0.127000004,0.158999994,0.0,0.002674264367669821,0.0,0.0,2023-06-19 18:00:00
2.510999918,100.0,0.0,926.2419434,90.0,13.27614403,5.511000156,7.761000156,0.328000009,0.342000008,0.0,0.002521876245737076,0.0,0.0,2023-01-29 09:00:00
17.51099968,23.92976379,0.0,941.2954102,0.0,5.399999619,15.81100082,9.561000824,0.203999996,0.241999999,0.0,0.0029035204400618872,0.0,0.0,2022-03-11 21:00:00
15.81100082,68.89350891,0.0,932.3865356,27.0,8.557102203,20.71100044,21.46100044,0.115000002,0.149000004,0.0,0.0025309933504710593,0.0,0.0,2023-09-04 03:00:00
24.075998,50.87994,0.0,919.4463,15.000001,4.5536795,25.675999,29.876,0.123,0.148,1.0,0.995358963807424,1.0,34.8321253,2020-08-24 10:00:00
16.21100044,51.00477219,0.0,932.8640137,0.0,7.386581898,17.61100006,21.81100082,0.136000007,0.163000003,0.0,0.0025309984727452197,0.0,0.0,2022-10-13 09:00:00
25.81100082,38.10706711,0.0,934.1554565,27.90000153,13.77911377,25.86100006,17.91100121,0.167999998,0.225999996,0.0,0.0025464658392593265,0.0,0.0,2023-04-29 21:00:00
25.21100044,30.43061447,0.0,930.59729,3.600000143,6.952754498,33.01099777,29.56100082,0.112999998,0.156000003,0.0,0.002790014026686549,0.0,0.0,2023-07-18 03:00:00
12.828501,79.28042,0.0,1002.6533,0.0,10.799999,14.4285,16.3785,0.271,0.369,1.0,0.9953528046607971,1.0,25.0,2020-04-24 09:00:00
23.508001,49.254547,0.0,967.3354,1.5,14.039999,26.608,30.958,0.084,0.13,1.0,0.9953616658846537,1.0,34.44074942,2020-08-23 10:00:00
22.1455,53.979416,0.0,954.72205,3.9,10.661107,24.7955,28.0455,0.136,0.157,1.0,0.9953611493110657,1.0,34.34569506,2020-08-23 10:00:00
26.23,38.22503,0.0,955.5076,0.0,12.538134,26.43,22.13,0.138,0.163,1.0,0.9953575531641642,1.0,35.26888783,2020-08-26 20:00:00
38.3325,17.32999,0.0,924.66205,25.500002,5.771239,41.5825,31.482498,0.125,0.148,1.0,0.9953530232111613,1.0,28.63258399,2020-08-18 21:00:00
30.66100121,12.04930782,0.0,932.3587036,0.0,4.680000305,27.66100121,21.46100044,0.135000005,0.158000007,0.0,0.011107208129639426,0.0,0.0,2022-06-21 18:00:00
10.198,97.03373,0.0,1001.77466,21.599998,2.2768397,12.948,16.548,0.286,0.291,1.0,0.9953531622886658,1.0,25.0,2020-05-21 10:00:00
31.16100121,27.46323586,0.0,932.3920898,6.600000381,13.28102303,32.86100006,24.51099968,0.133000001,0.151999995,0.0,0.12843436654657125,0.0,0.0,2021-07-03 21:00:00
38.306,19.344454,0.0,938.8816,26.400002,10.799999,41.306,32.056,0.123,0.149,1.0,0.995358963807424,1.0,29.71600284,2020-08-18 21:00:00
4.361000061,82.02051544,0.0,938.7675171,29.70000076,4.334974289,5.910999775,6.761000156,0.384000003,0.393999994,0.0,0.0025497738970443606,0.0,0.0,2023-01-22 03:00:00
22.31100082,31.43452644,0.0,938.2874146,8.700000763,7.208993912,15.06100082,13.11100006,0.30399999,0.305999994,0.0,0.0025365354182819524,0.0,0.0,2021-11-14 18:00:00
16.51099968,26.95599365,0.0,930.8379517,0.0,5.634891033,14.66100025,9.661000252,0.263999999,0.294999987,0.0,0.002716961355569462,0.0,0.0,2020-02-11 00:00:00
24.21100044,42.76679993,0.0,934.1966553,0.899999976,15.97848415,27.46100044,20.96100044,0.134000003,0.155000001,0.0,0.0025973630448182425,0.0,0.0,2021-06-14 21:00:00
22.26099968,17.82799149,0.0,937.3553467,0.0,2.741678238,15.86100006,18.51099968,0.133000001,0.150000006,0.0,0.002538506678926448,0.0,0.0,2020-11-02 06:00:00
9.961000443,52.97746277,0.0,926.6115112,31.20000267,2.902412653,7.160999775,10.51100063,0.216999993,0.239999995,0.0,0.0025320921558886766,0.0,0.0,2022-03-03 15:00:00
13.86100006,23.2834053,0.0,933.399231,2.700000048,5.991593838,12.91100025,16.16100121,0.134000003,0.156000003,0.0,0.0025437314761802554,0.0,0.0,2021-06-11 15:00:00
35.219,13.480493,0.0,916.783,0.0,16.485485,38.119,30.818998,0.123,0.149,1.0,0.9953603148460388,1.0,30.72969525,2020-08-19 21:00:00
7.916,51.656128,0.0,958.2253,0.0,2.968636,6.666,6.166,0.351,0.349,1.0,0.9952664772669474,1.0,37.19793126,2023-01-30 19:00:00
29.3155,28.271383,0.0,962.6274,0.0,13.513193,30.265501,23.515501,0.134,0.159,1.0,0.9953612685203552,1.0,35.50310397,2020-08-29 21:00:00
7.861000061,69.18223572,0.0,931.4002686,17.10000038,3.259938478,8.961000443,8.211000443,0.296999991,0.314999998,0.0,0.0025360401486977935,0.0,0.0,2023-02-20 03:00:00
25.06100082,40.24412537,0.0,930.3743286,0.0,4.024922371,24.21100044,26.61100006,0.133000001,0.150999993,0.0,0.002539979759603739,0.0,0.0,2022-08-04 15:00:00
22.7895,43.37639,0.0,941.4753,26.400002,3.096837,20.439499,25.339499,0.138,0.154,1.0,0.9953562418619791,1.0,34.08846469,2020-08-22 10:00:00
3.911000013,92.53253937,0.0,926.9379272,30.00000191,7.517020702,7.011000156,11.21100044,0.25,0.206,0.0,0.0025233851823334894,0.0,0.0,2022-03-31 12:00:00
-1.68900001,98.90232086,0.0,922.4893799,90.59999847,13.91016865,2.010999918,5.111000061,0.286000013,0.30399999,0.0,0.002527486067265272,0.0,0.0,2023-02-23 09:00:00
34.265,14.05973,0.0,917.1524,0.0,16.92383,37.015,30.115002,0.132,0.149,1.0,0.9953607122103373,1.0,30.72594334,2020-08-19 21:00:00
29.36100006,21.6586895,0.0,931.2942505,0.0,14.25527191,30.81100082,24.16100121,0.133000001,0.150000006,0.0,0.0025877817145859203,0.0,0.0,2021-09-15 21:00:00
8.561000824,70.06326294,0.0,933.25177,34.20000076,7.208993912,7.210999966,5.611000061,0.326999992,0.317999989,0.0,0.002536236463735501,0.0,0.0,2021-03-17 18:00:00
18.91100121,39.58192444,0.0,932.0454102,16.79999924,5.154415607,20.26099968,24.96100044,0.112999998,0.152999997,0.0,0.002870880843450626,0.0,0.0,2023-08-01 15:00:00
21.76099968,12.0803957,0.0,934.5579834,0.0,10.00903606,21.11100006,16.31100082,0.133000001,0.150999993,0.0,0.002526960840138296,0.0,0.0,2020-10-27 21:00:00
16.6185,96.25125,0.0,994.55426,12.0,1.9386592,19.3685,22.4185,0.28,0.287,1.0,0.9953561623891195,1.0,38.74852826,2023-08-22 10:00:00
0.210999995,98.91931152,0.0,934.937439,85.5,5.588702679,3.06099987,5.710999966,0.395999998,0.400000006,0.0,0.002545296292131146,0.0,0.0,2021-12-15 15:00:00
5.06099987,81.82089233,0.0,937.7910156,1.799999952,13.47958279,9.861000061,12.36100006,0.171000004,0.203999996,0.0,0.0027051006133357682,0.0,0.0,2022-05-12 06:00:00
4.410999775,54.83775711,0.0,926.5394897,0.0,19.483284,4.611000061,4.511000156,0.423999995,0.418000013,0.0,0.002522651649390658,0.0,0.0,2023-03-02 00:00:00
7.460999966,81.84994507,0.0,931.5571289,84.59999847,14.2416296,7.710999966,8.211000443,0.374000013,0.330000013,0.0,0.0025602982689936957,0.0,0.0,2021-02-12 18:00:00
14.56100082,50.02830505,0.0,937.3538818,27.60000038,6.696386814,12.51100063,7.81099987,0.261000007,0.254000008,0.0,0.0026724562825014195,0.0,0.0,2021-01-11 21:00:00
27.604,10.9786005,0.0,925.16113,0.3,14.88242,28.354,30.854,0.127,0.152,1.0,0.9953273336092631,1.0,29.90626925,2020-08-19 10:00:00
4.960999966,90.02294159,0.0,934.8366089,100.0,2.099142551,6.861000061,7.361000061,0.342000008,0.34799999,0.0,0.002917594121148189,0.0,0.0,2020-01-14 03:00:00
12.56100082,97.40742493,0.0,926.161499,28.79999924,2.30512476,16.11100006,21.41100121,0.112999998,0.147,0.0,0.002539662178605795,0.0,0.0,2023-09-20 12:00:00
28.11100006,21.33986664,0.0,929.8724365,0.0,3.4152596,22.16100121,25.86100006,0.133000001,0.150000006,0.0,0.002525463040607671,0.0,0.0,2022-09-02 15:00:00
11.21100044,92.32137299,0.0,928.2511597,74.69999695,7.695919991,15.71100044,20.36100006,0.135000005,0.162,0.0,0.002524837967939675,0.0,0.0,2022-10-16 09:00:00
7.31099987,71.31790161,0.0,935.902832,0.0,2.276839733,6.761000156,10.01100063,0.323000014,0.224999994,0.0,0.002613354396695892,0.0,0.0,2022-04-17 15:00:00
15.4765005,90.19536,0.0,994.4966,2.6999998,7.5685663,20.7265,24.8265,0.174,0.269,1.0,0.9953611890474955,1.0,36.63800912,2021-08-07 10:00:00
7.81099987,70.66022491,0.0,935.5016479,75.59999847,11.88545322,8.511000633,6.361000061,0.340000004,0.347000003,0.0,0.0025995858401680985,0.0,0.0,2020-01-13 21:00:00
25.26099968,25.77551842,0.0,931.8974609,0.0,13.79791164,27.81100082,19.71100044,0.135000005,0.172000006,0.0,0.0025770278104270497,0.0,0.0,2022-06-06 21:00:00
5.761000156,90.3998642,0.0,930.2317505,17.10000038,13.70839119,7.011000156,10.11100006,0.239999995,0.211999997,0.0,0.002532011829316616,0.0,0.0,2022-03-20 09:00:00
28.56100082,22.45005417,0.0,926.4901123,0.0,7.172948837,33.6609993,28.56100082,0.133000001,0.153999999,0.0,0.03883975728725394,0.0,0.0,2021-06-19 03:00:00
9.461000443,95.39336395,0.0,932.598938,60.29999924,13.44107056,12.76100063,13.76100063,0.293000013,0.31400001,0.0,0.002544889459386468,0.0,0.0,2023-04-11 06:00:00
1.360999942,68.0613327,0.0,930.3648682,0.0,8.209262848,0.160999998,5.111000061,0.351999998,0.349000007,0.0,0.0025274361638973155,0.0,0.0,2022-12-17 12:00:00
16.56100082,66.56044769,0.0,928.1002808,0.0,5.81597805,23.11100006,24.96100044,0.133000001,0.158999994,0.0,0.003571227348099152,0.0,0.0,2020-07-16 06:00:00
6.511000156,91.40338898,0.100000001,932.7397461,100.0,6.792466164,7.611000061,8.661000252,0.340000004,0.328000009,0.0,0.002572881174273789,0.0,0.0,2021-02-15 06:00:00
16.16100121,52.05741501,0.0,937.4353027,68.40000153,8.049844742,16.46100044,12.06100082,0.196999997,0.231000006,0.0,0.0025591478139782944,0.0,0.0,2022-03-16 00:00:00
36.198997,20.563416,0.0,921.31104,26.1,6.193674,38.399,30.249,0.132,0.149,1.0,0.9953586260477701,1.0,27.5,2020-08-16 22:00:00
35.9655,22.734913,0.0,923.09924,26.7,14.264361,38.4655,30.015501,0.137,0.151,1.0,0.9953291018803915,1.0,28.88555211,2020-08-18 21:00:00
12.011,84.68316,0.0,997.9898,31.800001,3.2599385,14.511,17.711,0.197,0.33,1.0,0.9953558643658956,1.0,36.7538303,2022-05-05 10:00:00
4.861000061,58.54495621,0.0,927.1307373,0.0,13.70839024,6.111000061,8.861000061,0.287999988,0.308999985,0.0,0.0025246761506423354,0.0,0.0,2020-02-09 09:00:00
2.861000061,96.51296997,0.0,926.8045044,100.0,3.21993804,5.410999775,6.761000156,0.409000009,0.409000009,0.0,0.0025314697607730827,0.0,0.0,2023-03-04 06:00:00
9.261000633,37.30137634,0.0,927.5078735,1.800000072,9.826087952,10.86100006,13.61100006,0.201000005,0.247999996,0.0,0.0025220706205194197,0.0,0.0,2023-04-24 12:00:00
2.960999966,94.81429291,0.0,934.322998,9.0,4.334974289,3.31099987,6.31099987,0.382999986,0.382999986,0.0,0.002543858213660618,0.0,0.0,2020-03-20 15:00:00
18.905,39.442467,0.0,913.9704,2.6999998,9.290511,22.655,27.805,0.133,0.153,1.0,0.9953409830729166,1.0,32.97855851,2020-08-21 09:00:00
21.359,60.12418,0.0,960.67615,3.3000002,3.219938,23.309,27.009,0.133,0.16,1.0,0.995361864566803,1.0,34.42513406,2020-08-23 10:00:00
14.8075,81.158714,0.0,958.85364,2.6999998,2.0991426,19.1075,24.3075,0.134,0.154,1.0,0.9953602353731791,1.0,35.73559802,2020-09-01 10:00:00
28.672998,12.099738,0.0,941.46893,0.0,7.491114,23.573,27.873,0.125,0.151,1.0,0.9953553477923075,1.0,30.51076807,2020-08-19 10:00:00
17.129002,87.74255,0.0,958.0216,0.0,6.924738,21.479,25.579,0.134,0.159,1.0,0.9953615466753641,1.0,35.18580572,2020-08-26 09:00:00
33.981003,22.684921,0.0,913.841,15.3,18.59845,37.181,29.581,0.128,0.152,1.0,0.9953604737917582,1.0,27.5,2020-08-17 21:00:00
12.46100044,57.15461731,0.200000003,924.484436,100.0,18.37411118,14.81100082,12.86100006,0.123999998,0.163000003,0.0,0.0025222162172819176,0.0,0.0,2023-11-16 00:00:00
5.81099987,58.78799438,0.0,933.8114014,0.0,1.080000043,6.960999966,10.21100044,0.280000001,0.303000003,0.0,0.0025449879855538407,0.0,0.0,2021-03-27 09:00:00
23.61100006,28.85302734,0.0,932.6603394,0.0,11.91812038,27.31100082,28.86100006,0.133000001,0.150999993,0.0,0.0025803404472147426,0.0,0.0,2021-08-13 06:00:00
26.6565,14.808901,0.0,951.21375,0.6,10.931203,26.9565,29.3565,0.138,0.151,1.0,0.9953617056210836,1.0,30.60578121,2020-08-19 10:00:00
33.306,22.972364,0.0,948.3367,0.0,7.42159,32.306,26.306,0.136,0.157,1.0,0.9953546524047852,1.0,33.40851892,2020-08-21 20:00:00
10.51100063,99.66732788,0.0,935.7405396,90.0,0.719999969,11.61100006,14.26100063,0.337000012,0.328999996,0.0,0.002853865774037937,0.0,0.0,2021-11-03 09:00:00
3.210999966,95.50060272,0.0,935.3126221,61.19999695,12.72282982,7.861000061,11.11100006,0.172999993,0.206,0.0,0.0025407009525224566,0.0,0.0,2022-05-11 06:00:00
6.960999966,34.95495987,0.0,933.0558472,0.0,8.311244965,7.160999775,10.81100082,0.26699999,0.279000014,0.0,0.0025229272820676365,0.0,0.0,2021-11-24 15:00:00
35.3255,21.906376,0.0,919.3566,27.000002,14.973577,38.025497,29.7255,0.127,0.152,1.0,0.9953610698382059,1.0,29.62519933,2020-08-18 21:00:00
22.16100121,30.4173336,0.0,932.4602051,0.0,11.48620033,25.31100082,19.61100006,0.112999998,0.147,0.0,0.00252284932260712,0.0,0.0,2023-09-22 21:00:00
14.86100006,46.88035965,0.0,928.4551392,0.0,9.449571609,17.61100006,21.86100006,0.135000005,0.166999996,0.0,0.002530304055350522,0.0,0.0,2020-06-30 12:00:00
7.210999966,83.55151367,0.0,935.2328491,100.0,12.23999977,8.261000633,10.81100082,0.193000004,0.232999995,0.0,0.00254313958187898,0.0,0.0,2022-03-13 09:00:00
20.887,60.802868,0.0,978.47986,9.900001,4.39436,20.786999,24.987,0.114,0.151,1.0,0.995360275109609,1.0,34.3523697,2020-08-23 10:00:00
29.221498,14.303601,0.0,926.12085,0.0,12.57426,30.1215,25.1215,0.138,0.154,1.0,0.9953098694483439,1.0,32.37563178,2020-08-20 20:00:00
11.66100025,45.14641953,0.0,932.4084473,2.699999809,15.12428379,12.06100082,11.76100063,0.189999998,0.237000003,0.0,0.0025231948432823024,0.0,0.0,2020-02-29 18:00:00
8.511000633,100.0,0.200000003,931.6820068,100.0,10.46479702,8.911000252,8.861000061,0.425000012,0.430000007,0.0,0.0025266846253847084,0.0,0.0,2023-03-12 06:00:00
6.710999966,72.48227692,0.0,925.3013916,96.0,9.199390411,7.710999966,6.361000061,0.393000007,0.389999986,0.0,0.002524478710256517,0.0,0.0,2020-03-18 21:00:00
18.653502,81.1356,0.0,933.93036,10.200001,4.510787,21.403502,24.9535,0.133,0.159,1.0,0.9735666116078695,1.0,34.81890735,2020-08-24 10:00:00
31.904501,20.548992,0.0,938.73315,28.500002,15.273505,33.1045,25.154501,0.132,0.151,1.0,0.9952665170033773,1.0,34.65671266,2020-08-23 21:00:00
11.01100063,93.86737823,0.0,933.4127197,2.699999809,6.130578995,11.81100082,14.61100006,0.32100001,0.323000014,0.0,0.0025371415928627052,0.0,0.0,2021-11-04 09:00:00
4.06099987,98.25967407,0.0,931.8249512,90.59999847,7.628262997,6.410999775,11.11100006,0.252999991,0.157000005,0.0,0.002522340238404771,0.0,0.0,2022-11-02 15:00:00
20.008999,40.45207,0.0,997.11804,0.0,5.3517847,20.909,24.909,0.174,0.278,1.0,0.9953605135281881,1.0,35.98765825,2020-10-04 10:00:00
5.361000061,51.51734161,0.0,936.7846069,30.00000191,9.931041718,1.760999918,7.361000061,0.284000009,0.305000007,0.0,0.0025838230891774097,0.0,0.0,2022-01-28 12:00:00
40.144,16.000643,0.0,947.076,26.7,7.9036193,42.694,32.894,0.115,0.145,1.0,0.9953621029853821,1.0,29.38944824,2020-08-18 21:00:00
23.0915,25.096079,0.0,944.078,0.9,5.1544156,23.891499,28.5915,0.131,0.156,1.0,0.9953616261482239,1.0,30.92486914,2020-08-20 09:00:00
12.11100006,44.30538559,0.0,936.017395,49.20000458,5.588702679,12.01100063,6.761000156,0.338999987,0.349999994,0.0,0.0028992529648045697,0.0,0.0,2023-04-05 21:00:00
22.11100006,29.76846313,0.0,926.3842163,0.0,9.164103508,26.11100006,28.56100082,0.133000001,0.150999993,0.0,0.0027735799473399916,0.0,0.0,2022-08-20 06:00:00
8.061000824,87.19997406,0.0,924.2324829,9.899999619,21.04691696,12.76100063,17.56100082,0.133000001,0.150000006,0.0,0.0025249016859258213,0.0,0.0,2020-11-06 15:00:00
9.611000061,99.33093262,1.799999952,924.1313477,100.0,13.7979126,9.511000633,9.211000443,0.435000002,0.437999994,0.0,0.0025310341734439135,0.0,0.0,2023-01-09 18:00:00
4.31099987,62.66500092,0.0,933.3618164,28.50000191,4.320000172,3.710999966,4.011000156,0.405000001,0.409999996,0.0,0.002546677210678657,0.0,0.0,2023-03-02 18:00:00
13.16100025,38.60243225,0.0,939.1565552,27.00000191,0.80498451,11.31100082,7.861000061,0.30399999,0.229000002,0.0,0.002588735156071683,0.0,0.0,2020-12-15 21:00:00
11.11100006,97.05470276,0.300000012,928.5887451,98.69999695,14.91721153,11.41100025,11.91100025,0.337000012,0.166999996,0.0,0.002524759853258729,0.0,0.0,2023-11-18 18:00:00
34.68,8.417416,0.0,941.0369,0.0,3.8773184,36.98,30.23,0.127,0.15,1.0,0.995358924070994,1.0,31.84426878,2020-08-20 20:00:00
24.81100082,19.06683731,0.0,933.2508545,28.20000076,2.902412653,19.16100121,23.71100044,0.133000001,0.150000006,0.0,0.0025487877428531647,0.0,0.0,2021-09-06 15:00:00
35.443,28.429155,0.0,966.90436,1.2,10.464797,40.743,29.543,0.084,0.13,1.0,0.9953604340553284,1.0,35.01067827,2020-08-24 21:00:00
26.36100006,29.5180378,0.0,933.0106201,0.0,10.5940361,32.1609993,28.81100082,0.133000001,0.151999995,0.0,0.007277417772759994,0.0,0.0,2022-07-19 03:00:00
12.61100006,30.31395149,0.0,937.1674805,0.0,5.399999619,6.410999775,10.21100044,0.233999997,0.254000008,0.0,0.0025569399973998466,0.0,0.0,2022-11-26 09:00:00
8.861000061,31.92351532,0.0,931.6008301,15.0,12.0317564,11.76100063,16.01099968,0.201000005,0.256999999,0.0,0.002523995586670935,0.0,0.0,2020-05-01 12:00:00
27.201,10.901417,0.0,918.6644,0.3,14.88242,27.951,30.451,0.127,0.152,1.0,0.995360791683197,1.0,30.45763364,2020-08-19 10:00:00
34.53,9.3496685,0.0,948.1587,0.0,8.287822,34.38,28.48,0.136,0.158,1.0,0.9953557848930359,1.0,31.78389319,2020-08-20 20:00:00
32.261497,27.85168,0.0,950.4684,0.0,11.367109,32.761497,26.8115,0.134,0.154,1.0,0.9953620235125223,1.0,33.64160202,2020-08-21 20:00:00
35.362,12.856986,0.0,959.7304,0.0,10.8955765,38.062,32.162,0.116,0.146,1.0,0.9953620235125223,1.0,32.11011348,2020-08-20 20:00:00
6.660999775,91.09645844,0.600000024,919.8010864,100.0,19.6026516,8.761000633,8.761000633,0.430000007,0.430000007,0.0,0.0025404707606260977,0.0,0.0,2023-01-15 00:00:00
22.76099968,26.28600121,0.0,930.4143066,0.0,11.24675941,26.91100121,28.46100044,0.133000001,0.150000006,0.0,0.002543197750734786,0.0,0.0,2022-09-03 06:00:00
2.161000013,96.14875793,0.0,923.2142944,100.0,12.09621429,3.510999918,5.361000061,0.338,0.342000008,0.0,0.0025273685654004416,0.0,0.0,2020-01-16 15:00:00
13.16100025,80.39910126,0.0,932.7434692,20.69999886,13.70839119,17.36100006,19.31100082,0.136000007,0.160999998,0.0,0.0025802284168700376,0.0,0.0,2021-05-28 06:00:00
5.861000061,69.26573181,0.0,935.3803101,29.70000076,6.830519199,6.361000061,8.461000443,0.279000014,0.296000004,0.0,0.002605446109858652,0.0,0.0,2022-01-31 06:00:00
4.111000061,77.12069702,0.0,930.56073,0.0,8.404284477,5.81099987,10.76100063,0.231999993,0.188999996,0.0,0.002525157411582768,0.0,0.0,2020-11-24 12:00:00
27.837,10.7751665,0.0,933.1823,0.6,14.386494,29.587,32.687,0.123,0.149,1.0,0.995334804058075,1.0,30.39398639,2020-08-19 10:00:00
22.31100082,39.19871521,0.0,931.3977051,0.0,1.018233776,16.96100044,17.66100121,0.215000004,0.234999999,0.0,0.0025384608500947556,0.0,0.0,2020-05-25 15:00:00
28.0785,39.510696,0.0,994.4658,0.9,9.028754,25.928501,23.928501,0.174,0.274,1.0,0.9953600764274597,1.0,36.87093837,2022-08-24 19:00:00
16.7085,75.76002,0.0,953.7726,19.8,8.942214,21.8085,26.8585,0.134,0.155,1.0,0.995361864566803,1.0,32.96983538,2020-08-21 09:00:00
20.016,56.539665,0.0,965.6656,0.0,16.394829,26.966002,33.516,0.097,0.143,1.0,0.9953617850939432,1.0,32.75073182,2020-08-21 09:00:00
15.96100044,60.65432358,0.0,929.3105469,0.0,5.860375404,18.81100082,16.11100006,0.188999996,0.243000001,0.0,0.0025479982529456415,0.0,0.0,2023-04-26 03:00:00
2.911000013,90.83509827,0.100000001,924.079895,100.0,17.7315979,4.710999966,6.761000156,0.419999987,0.414999992,0.0,0.002523285996479293,0.0,0.0,2022-12-11 18:00:00
27.96100044,40.52246857,0.0,934.3427124,38.10000229,8.788720131,27.61100006,18.41100121,0.184,0.221000001,0.0,0.0025373959991460047,0.0,0.0,2023-05-16 21:00:00
21.21100044,35.66942215,0.0,929.4517212,0.0,9.346142769,22.81100082,27.36100006,0.133000001,0.150999993,0.0,0.0026780132514735064,0.0,0.0,2022-08-18 12:00:00
29.2245,28.246548,0.0,961.1064,0.0,13.513193,30.174501,23.424501,0.134,0.159,1.0,0.9953612685203552,1.0,35.42916151,2020-08-29 21:00:00
21.01099968,45.41992569,0.0,929.7653809,1.799999952,4.104631424,20.16100121,24.41100121,0.133000001,0.150999993,0.0,0.0032631730816016593,0.0,0.0,2021-08-09 15:00:00
19.7625,56.47638,0.0,961.28503,0.0,16.394829,26.712502,33.2625,0.097,0.143,1.0,0.9953617850939432,1.0,32.77053813,2020-08-21 09:00:00
20.56100082,17.41361237,0.0,930.196106,0.0,2.545584202,14.51100063,20.46100044,0.134000003,0.164000005,0.0,0.0026069245068356395,0.0,0.0,2021-05-12 12:00:00
24.11100006,30.22681999,0.0,933.4352417,0.0,10.18869972,24.51099968,22.01099968,0.134000003,0.155000001,0.0,0.003207519417628646,0.0,0.0,2022-07-01 18:00:00
4.361000061,74.69378662,0.0,927.9865112,0.0,8.557102203,7.910999775,10.81100082,0.314999998,0.338,0.0,0.0025244540690133968,0.0,0.0,2020-04-02 06:00:00
23.1205,21.273977,0.0,924.173,0.9,10.009036,26.7705,30.7205,0.137,0.151,1.0,0.9953493277231852,1.0,31.22615804,2020-08-20 09:00:00
4.511000156,57.37798691,0.0,931.9603271,44.40000153,6.638072014,3.56099987,5.56099987,0.361000001,0.368999988,0.0,0.0025293459572518864,0.0,0.0,2021-12-21 09:00:00
20.3405,72.53178,0.0,940.4399,12.6,4.452954,22.4405,26.040499,0.132,0.151,1.0,0.9953551689783732,1.0,34.86440664,2020-08-24 10:00:00
30.5355,9.905086,0.0,948.75256,0.0,16.363178,31.235498,33.4355,0.132,0.15,1.0,0.9953621029853821,1.0,29.97718019,2020-08-19 10:00:00
26.7195,20.036087,0.0,959.2935,0.0,13.698934,30.119501,33.469498,0.127,0.15,1.0,0.9953619043032328,1.0,30.84765503,2020-08-20 09:00:00
5.261000156,48.48382187,0.0,922.2233276,5.399999619,19.33638954,6.31099987,4.910999775,0.272000015,0.222000003,0.0,0.0025267169888441763,0.0,0.0,2021-01-25 21:00:00
15.56100082,45.13587952,0.0,930.666748,0.0,7.695919991,16.91100121,21.51099968,0.134000003,0.149000004,0.0,0.0025968129436175027,0.0,0.0,2021-09-20 09:00:00
5.861000061,50.13705826,0.0,936.7514648,0.0,2.595996857,4.910999775,9.611000061,0.181999996,0.230000004,0.0,0.002643348532728851,0.0,0.0,2022-03-14 15:00:00
27.1685,10.8952,0.0,918.1421,0.3,14.88242,27.9185,30.4185,0.127,0.152,1.0,0.995360791683197,1.0,30.49567417,2020-08-19 10:00:00
35.26099777,18.24403191,0.0,933.4067383,0.0,16.87397957,38.4109993,28.61100006,0.133000001,0.151999995,0.0,0.0029049429576843977,0.0,0.0,2021-07-10 00:00:00
19.71100044,41.64016724,0.0,926.6629028,0.0,12.31389332,27.41100121,27.01099968,0.133000001,0.151999995,0.0,0.002802454944079121,0.0,0.0,2020-08-27 03:00:00
28.9795,17.261124,0.0,925.357,0.0,11.246759,28.9295,22.6795,0.134,0.153,1.0,0.9952895840009054,1.0,35.68043762,2020-08-31 20:00:00
21.967,24.790138,0.0,925.39484,0.9,5.1544156,22.766998,27.467,0.131,0.156,1.0,0.9953041871388754,1.0,31.3599321,2020-08-20 09:00:00
30.1355,9.983021,0.0,916.07416,0.0,12.224107,31.9855,26.585499,0.137,0.152,1.0,0.9953598777453104,1.0,32.53606092,2020-08-20 20:00:00
14.86100006,46.06153488,0.0,930.4716797,0.0,9.779816628,14.61100006,20.91100121,0.134000003,0.149000004,0.0,0.002534580106536547,0.0,0.0,2021-09-20 12:00:00
18.66100121,52.01251984,0.0,930.2338867,0.0,2.545584202,17.86100006,22.81100082,0.112999998,0.148000002,0.0,0.002525978876898686,0.0,0.0,2023-09-07 09:00:00
13.36100006,28.3258152,0.0,934.0826416,0.0,3.599999905,6.160999775,14.46100044,0.136999995,0.155000001,0.0,0.0026614704790214696,0.0,0.0,2022-10-28 12:00:00
32.4125,19.23497,0.0,935.3389,33.600002,15.141414,34.012497,27.112501,0.133,0.152,1.0,0.9857287605603536,1.0,34.69425041,2020-08-23 21:00:00
14.21100044,78.6897049,0.0,931.4814453,0.0,6.849466801,20.56100082,23.01099968,0.133000001,0.152999997,0.0,0.003123817111675938,0.0,0.0,2021-06-25 06:00:00
30.366999,27.99037,0.0,913.2301,0.0,8.427383,31.916998,25.567,0.133,0.153,1.0,0.9953345457712809,1.0,33.7555923,2020-08-21 20:00:00
7.56099987,95.32481384,0.0,936.4337769,14.10000038,6.369049549,8.661000252,12.01100063,0.317999989,0.172000006,0.0,0.0025615469785407186,0.0,0.0,2020-11-19 09:00:00
11.66100025,54.39209366,0.0,929.7527466,13.5,7.244860172,17.36100006,22.91100121,0.134000003,0.155000001,0.0,0.0034696795822431645,0.0,0.0,2022-07-01 12:00:00
35.433002,8.603468,0.0,949.0409,0.0,3.8773184,37.983,31.483002,0.132,0.15,1.0,0.9953620235125223,1.0,32.07432035,2020-08-20 20:00:00
22.867,21.208244,0.0,920.0244,0.9,10.009036,26.517,30.467001,0.137,0.151,1.0,0.9953614672025045,1.0,31.35561367,2020-08-20 09:00:00
7.710999966,88.68664551,0.200000003,932.7283325,100.0,10.16322708,8.861000061,10.06100082,0.233999997,0.197999999,0.0,0.0025257493058840432,0.0,0.0,2022-04-14 18:00:00
34.649498,14.341864,0.0,942.65045,0.0,6.638072,36.9495,30.0495,0.125,0.148,1.0,0.9953608314196268,1.0,33.80181197,2020-08-21 20:00:00
2.411000013,83.25919342,0.0,929.0422974,4.5,3.758510351,4.210999966,7.56099987,0.400000006,0.412,0.0,0.002564673855279883,0.0,0.0,2023-03-16 12:00:00
30.21100044,16.58163071,0.0,932.3377075,0.0,9.06456852,26.86100006,23.91100121,0.133000001,0.150000006,0.0,0.0025293717238431177,0.0,0.0,2021-09-14 18:00:00
13.91100025,81.5803299,0.0,929.1062622,2.699999809,4.693825245,18.96100044,24.01099968,0.133000001,0.151999995,0.0,0.003122491684431831,0.0,0.0,2021-07-05 12:00:00
7.31099987,92.08950043,0.0,937.8232422,43.80000305,5.759999752,8.611000061,10.36100006,0.230000004,0.184,0.0,0.0025509906699880958,0.0,0.0,2023-12-04 09:00:00
17.76099968,23.03395462,0.0,931.9152222,7.200000286,3.671293974,14.16100025,19.66100121,0.136999995,0.156000003,0.0,0.0025906625669449568,0.0,0.0,2022-10-20 15:00:00
2.260999918,95.46644592,0.0,932.3748779,8.099999428,5.014219284,4.761000156,7.261000156,0.338,0.347000003,0.0,0.002546909924906989,0.0,0.0,2020-01-08 15:00:00
28.4285,10.014808,0.0,929.9906,2.4,14.799459,30.0285,32.9285,0.125,0.148,1.0,0.9953342278798422,1.0,30.14369331,2020-08-19 10:00:00
19.258999,59.82453,0.0,998.7458,0.0,5.0528407,22.758999,26.758999,0.174,0.269,1.0,0.9953610698382059,1.0,36.63800912,2021-08-13 11:00:00
2.210999966,88.52240753,0.0,930.8985596,0.0,2.595996857,2.861000061,5.861000061,0.335000008,0.340999991,0.0,0.002564221116093298,0.0,0.0,2022-12-19 06:00:00
28.56100082,29.82486153,0.0,932.1955566,0.0,15.19268227,33.81099701,26.36100006,0.133000001,0.151999995,0.0,0.0031388467953850827,0.0,0.0,2022-07-27 00:00:00
22.3015,54.01931,0.0,957.376,3.9,10.661107,24.9515,28.2015,0.136,0.157,1.0,0.9953611493110657,1.0,34.39036518,2020-08-23 10:00:00
19.66100121,37.776474,0.0,928.3015747,0.0,16.31161308,24.26099968,17.21100044,0.130999997,0.170000002,0.0,0.0025400007143616676,0.0,0.0,2021-05-03 00:00:00
30.16100121,11.86183071,0.0,932.1408691,0.0,9.178235054,28.61100006,29.61100006,0.133000001,0.151999995,0.0,0.0036064644809812307,0.0,0.0,2021-07-11 15:00:00
9.811000824,64.63510132,0.0,931.510498,83.69999695,13.27614403,10.81100082,13.91100025,0.149000004,0.147,0.0,0.0025201830624913177,0.0,0.0,2021-10-18 18:00:00
31.719,23.58435,0.0,957.0706,35.4,15.856354,33.169,26.119001,0.133,0.159,1.0,0.995360275109609,1.0,34.7503301,2020-08-23 21:00:00
23.81100082,41.94888306,0.0,931.7938843,0.600000024,10.89557648,30.31100082,27.06100082,0.133000001,0.151999995,0.0,0.0029551212210208178,0.0,0.0,2022-07-28 03:00:00
26.96100044,29.98912048,0.0,935.0969238,12.0,9.387651443,28.16100121,21.51099968,0.171000004,0.172999993,0.0,0.0025444260876004896,0.0,0.0,2022-09-28 21:00:00
22.11100006,25.73616219,0.0,933.0898438,10.5,10.16322708,20.96100044,12.91100025,0.165999994,0.216000006,0.0,0.0025244964053854346,0.0,0.0,2021-04-10 21:00:00
23.91100121,26.97938156,0.0,930.6254272,4.800000191,3.976329803,22.11100006,25.06100082,0.133000001,0.150999993,0.0,0.0031050998950377107,0.0,0.0,2022-07-28 15:00:00
16.06100082,44.49082565,0.0,936.0318604,30.00000191,6.489992142,12.06100082,15.26100063,0.175999999,0.199000001,0.0,0.0026939593565960727,0.0,0.0,2022-04-07 15:00:00
38.937,17.468096,0.0,934.1329,25.500002,5.771239,42.187,32.086998,0.125,0.148,1.0,0.9953465859095255,1.0,28.80611152,2020-08-18 21:00:00
25.2285,42.766834,0.0,998.34564,2.6999998,4.8965297,25.678501,22.2785,0.178,0.279,1.0,0.9953545729319254,1.0,36.80788018,2022-07-06 19:00:00
2.611000061,74.10758972,0.0,932.116272,0.0,11.68198681,6.81099987,9.811000824,0.244000003,0.27700001,0.0,0.002528353943489492,0.0,0.0,2023-04-19 06:00:00
26.26099968,26.1375351,0.0,928.4784546,0.0,3.075841427,20.86100006,25.41100121,0.133000001,0.150000006,0.0,0.002558599653032919,0.0,0.0,2021-08-29 15:00:00
15.41100025,66.98917389,0.0,927.9663086,0.0,6.608721733,20.21100044,25.31100082,0.112999998,0.162,0.0,0.0025319039511183896,0.0,0.0,2023-07-05 09:00:00
10.61100006,71.20648956,0.0,928.6289673,27.29999924,5.191993713,12.56100082,17.31100082,0.123000003,0.147,0.0,0.00253572427512457,0.0,0.0,2023-10-02 12:00:00
27.801,27.857656,0.0,937.56274,0.0,13.513193,28.751001,22.001001,0.134,0.159,1.0,0.9953043063481649,1.0,35.42824222,2020-08-29 21:00:00
30.16100121,11.77427292,0.0,934.902771,0.0,8.404285431,29.26099968,20.81100082,0.133000001,0.149000004,0.0,0.002525067344928781,0.0,0.0,2021-10-02 21:00:00
22.86100006,18.99963188,0.0,936.9639893,0.0,5.804825306,18.96100044,14.56100082,0.157000005,0.187000006,0.0,0.002534280763939023,0.0,0.0,2021-04-18 18:00:00
19.36100006,59.06116867,0.0,931.892334,28.80000114,12.42912674,25.56100082,23.21100044,0.152999997,0.201000005,0.0,0.0025233408669009805,0.0,0.0,2020-06-12 03:00:00
25.9675,14.655864,0.0,939.7806,0.6,10.931203,26.2675,28.667501,0.138,0.151,1.0,0.9953593015670776,1.0,30.17481908,2020-08-19 10:00:00
27.16100121,25.57427597,0.0,932.1131592,0.0,3.70642662,27.76099968,20.66100121,0.221000001,0.175999999,0.0,0.0025278204508746662,0.0,0.0,2022-09-24 00:00:00
11.46100044,60.40784454,0.0,938.4865112,9.0,13.32486343,11.21100044,7.710999966,0.335999995,0.310000002,0.0,0.002589249207327763,0.0,0.0,2021-03-13 21:00:00
17.96100044,50.95187378,0.0,932.4285278,0.0,0.359999985,15.01100063,17.51099968,0.187999994,0.223000005,0.0,0.0025492701291417084,0.0,0.0,2023-05-16 12:00:00
40.774998,9.427167,0.0,968.5447,0.0,15.119999,43.425,33.825,0.097,0.143,1.0,0.9953617453575134,1.0,30.64779125,2020-08-19 21:00:00
22.3505,24.894512,0.0,931.73254,0.9,5.1544156,23.1505,27.8505,0.131,0.156,1.0,0.9952354629834493,1.0,30.90510789,2020-08-20 09:00:00
23.26099968,27.76244926,0.0,930.7302246,22.5,2.099142551,16.31100082,23.76099968,0.133000001,0.149000004,0.0,0.002623533131554723,0.0,0.0,2021-09-24 12:00:00
14.5085,81.11912,0.0,953.63226,2.6999998,2.0991426,18.8085,24.008501,0.134,0.154,1.0,0.9953580300013224,1.0,35.73483643,2020-09-01 10:00:00
24.06100082,43.58582687,0.0,931.6755981,0.0,2.595996857,27.86100006,20.46100044,0.112999998,0.143000007,0.0,0.002524106646887958,0.0,0.0,2023-10-18 00:00:00
5.460999966,99.30844879,0.0,928.8629761,90.0,5.014219284,7.56099987,9.761000633,0.300000012,0.229000002,0.0,0.0025250613689422607,0.0,0.0,2023-05-05 09:00:00
7.611000061,39.41369247,0.0,937.2718506,0.0,6.569382668,9.911000252,9.561000824,0.211999997,0.231999993,0.0,0.002542271356408795,0.0,0.0,2022-03-08 03:00:00
30.56100082,16.42700005,0.0,936.0166626,14.70000076,12.53813362,34.56099701,26.46100044,0.133000001,0.150999993,0.0,0.0026022472884505987,0.0,0.0,2021-08-03 00:00:00
6.361000061,83.44852448,0.0,934.157959,0.0,4.693825722,5.710999966,9.011000633,0.252000004,0.280000001,0.0,0.0025489366768548885,0.0,0.0,2020-02-15 09:00:00
22.66100121,33.91687393,0.0,932.9603271,29.40000153,5.904438972,24.26099968,18.91100121,0.135000005,0.160999998,0.0,0.002528863570963343,0.0,0.0,2022-10-18 00:00:00
1.710999966,97.17563629,0.0,926.8204346,78.29999542,5.495161057,2.161000013,5.81099987,0.252000004,0.219999999,0.0,0.0025258586586763463,0.0,0.0,2021-01-24 15:00:00
8.161000252,15.96847725,0.0,932.0369873,0.0,6.034699917,9.161000252,16.01099968,0.133000001,0.150999993,0.0,0.00252173674137642,0.0,0.0,2020-10-27 15:00:00
14.56100082,18.32951164,0.0,935.520813,0.0,16.86245537,15.41100025,11.46100044,0.266000003,0.289999992,0.0,0.0025315613796313605,0.0,0.0,2021-02-25 00:00:00
28.06100082,29.989151,0.0,934.0001831,0.0,13.00492191,30.71100044,24.46100044,0.133000001,0.150999993,0.0,0.0025729032155747214,0.0,0.0,2022-08-06 21:00:00
11.06100082,31.48963165,0.0,931.8706055,0.0,10.80599785,15.11100006,19.06100082,0.136999995,0.160999998,0.0,0.0025344270591934523,0.0,0.0,2021-05-27 09:00:00
15.898,92.58697,0.0,997.09076,1.8,5.1544156,20.698,24.948,0.175,0.283,1.0,0.9953615466753641,1.0,27.5,2020-08-12 10:00:00
5.361000061,50.75107956,0.0,937.789917,0.0,4.896529198,3.411000013,7.160999775,0.25999999,0.286000013,0.0,0.0025505847685659924,0.0,0.0,2022-02-07 15:00:00
22.91100121,49.58295441,0.0,930.4541016,0.0,7.594208241,22.96100044,18.21100044,0.144999996,0.173999995,0.0,0.0025227657364060483,0.0,0.0,2023-06-14 18:00:00
20.2915,43.705975,0.0,998.8935,0.0,4.198285,17.941502,22.091501,0.174,0.265,1.0,0.9953561822573344,1.0,36.66503407,2021-10-02 10:00:00
23.41100121,24.38819695,0.0,936.9263306,4.5,7.072877884,19.31100082,16.96100044,0.116999999,0.144999996,0.0,0.0025275980588048697,0.0,0.0,2023-10-15 18:00:00
15.71100044,46.62725067,0.0,928.2327271,0.0,5.315336227,18.86100006,25.46100044,0.133000001,0.150999993,0.0,0.0025761646684259176,0.0,0.0,2022-08-25 12:00:00
34.626,14.745826,0.0,941.2746,28.2,9.387651,35.076,28.825998,0.132,0.15,1.0,0.9953598777453104,1.0,34.22119197,2020-08-22 20:00:00
14.9025,64.87641,0.0,994.9315,0.0,5.6233797,17.852499,21.6525,0.179,0.287,1.0,0.9953580300013224,1.0,36.77828143,2022-06-15 10:00:00
18.01099968,50.27503967,0.0,931.7084961,13.50000095,1.138419867,11.11100006,14.36100006,0.352999985,0.356999993,0.0,0.0025519117868194976,0.0,0.0,2021-10-29 15:00:00
17.06100082,48.15719604,0.0,931.0811768,0.0,5.623379707,13.56100082,20.16100121,0.119999997,0.149000004,0.0,0.0025298965629190207,0.0,0.0,2023-10-19 12:00:00
6.06099987,54.26938629,0.0,935.8971558,0.0,7.568566322,7.960999966,8.561000824,0.342000008,0.344000012,0.0,0.002531278063543141,0.0,0.0,2021-02-05 03:00:00
39.157,18.233541,0.0,961.9757,23.7,19.969458,42.507,34.107,0.111,0.138,1.0,0.9953617850939432,1.0,27.5,2020-08-17 21:00:00
25.842499,18.170315,0.0,933.3283,0.0,14.512064,28.9425,32.892498,0.125,0.148,1.0,0.9953420956929525,1.0,31.14253195,2020-08-20 09:00:00
27.473001,10.706175,0.0,927.26605,0.6,14.386494,29.223001,32.322998,0.123,0.149,1.0,0.9953468243281046,1.0,30.50690736,2020-08-19 10:00:00
29.719501,17.373547,0.0,978.66644,0.0,3.671294,31.0695,34.919502,0.104,0.137,1.0,0.9953619440396627,1.0,30.9494516,2020-08-20 09:00:00
3.911000013,57.00688553,0.0,934.6113281,0.0,6.638072014,5.910999775,10.31100082,0.26699999,0.178000003,0.0,0.0025273838934178152,0.0,0.0,2023-11-20 15:00:00
19.66100121,70.10581207,0.200000003,931.8815308,36.0,16.92382813,21.46100044,18.61100006,0.141000003,0.166999996,0.0,0.002524207695387304,0.0,0.0,2022-06-05 21:00:00
14.31100082,71.18468475,0.0,934.7173462,0.0,1.799999952,13.66100025,11.11100006,0.363999993,0.372000009,0.0,0.002588478149846196,0.0,0.0,2020-04-13 18:00:00
15.26100063,56.29315186,0.0,930.3998413,0.899999976,7.594207287,22.81100082,22.96100044,0.133000001,0.150000006,0.0,0.002521023309479157,0.0,0.0,2021-09-18 03:00:00
13.91100025,80.23448181,0.200000003,931.0306396,37.79999924,13.39277363,14.51100063,15.86100006,0.143999994,0.163000003,0.0,0.0025291821996991834,0.0,0.0,2023-11-06 18:00:00
27.1815,10.897687,0.0,918.3508,0.3,14.88242,27.9315,30.4315,0.127,0.152,1.0,0.995360791683197,1.0,30.14404224,2020-08-19 10:00:00
19.7925,42.386,0.0,911.46,8.099999,5.3999996,22.4425,28.0425,0.127,0.152,1.0,0.9953611493110657,1.0,32.79782572,2020-08-21 09:00:00
8.511000633,93.11103821,0.0,925.6439819,67.5,3.82685256,12.06100082,14.06100082,0.31099999,0.337000012,0.0,0.002526133554056287,0.0,0.0,2020-04-17 06:00:00
29.7465,17.441797,0.0,937.7708,0.0,11.246759,29.6965,23.4465,0.134,0.153,1.0,0.9949715336163839,1.0,35.66030108,2020-08-31 20:00:00
8.861000061,39.49106979,0.0,932.8817139,0.0,0.359999985,2.361000061,6.011000156,0.34799999,0.345999986,0.0,0.0025375410138318935,0.0,0.0,2022-12-17 09:00:00
19.16100121,56.32575607,0.0,931.5626831,0.0,3.82685256,23.31100082,26.06100082,0.133000001,0.150000006,0.0,0.0025252832177405557,0.0,0.0,2022-08-31 06:00:00
14.1285,65.14781,0.0,1000.17426,0.0,5.1165614,14.8785,18.928501,0.175,0.276,1.0,0.9953581293423971,1.0,36.14921884,2020-11-03 10:00:00
21.294,20.800537,0.0,894.6185,0.9,10.009036,24.944,28.894001,0.137,0.151,1.0,0.9953616261482239,1.0,31.06776031,2020-08-20 09:00:00
18.91100121,65.96175385,0.0,931.3112183,0.0,2.519999981,22.71100044,21.91100121,0.147,0.169,0.0,0.002572815710057815,0.0,0.0,2022-10-05 03:00:00
31.9075,23.633255,0.0,960.18506,35.4,15.856354,33.3575,26.3075,0.133,0.159,1.0,0.9953601559003195,1.0,34.75078782,2020-08-23 21:00:00
3.911000013,81.37379456,0.0,927.6687012,49.5,12.18162537,4.56099987,5.710999966,0.414000005,0.407999992,0.0,0.0025364101165905595,0.0,0.0,2022-12-12 18:00:00
7.011000156,60.83509064,0.0,935.9967651,0.0,6.696386814,7.160999775,9.611000061,0.173999995,0.206,0.0,0.0025733699245999255,0.0,0.0,2022-05-11 15:00:00
17.81100082,50.73810577,0.0,926.9747925,2.699999809,15.03835011,21.11100006,15.66100025,0.150000006,0.197999999,0.0,0.0025227107107639313,0.0,0.0,2023-05-25 21:00:00
14.16100025,41.95109558,0.0,939.6238403,0.0,6.151682854,8.311000824,7.511000156,0.326999992,0.340999991,0.0,0.002589955033424,0.0,0.0,2022-01-12 18:00:00
22.96100044,33.65250397,0.0,929.5485229,0.0,8.209262848,20.31100082,22.71100044,0.114,0.165999994,0.0,0.002529207772264878,0.0,0.0,2023-06-30 12:00:00
23.06100082,31.4282093,0.0,929.9423828,0.0,6.952754498,23.56100082,26.51099968,0.112999998,0.157000005,0.0,0.002531631810901066,0.0,0.0,2023-07-15 09:00:00
16.56100082,24.85085297,0.0,927.8251953,0.0,5.904438972,20.61100006,25.61100006,0.133000001,0.150999993,0.0,0.0025377024818832674,0.0,0.0,2021-07-22 12:00:00
9.061000824,55.673172,0.0,929.7375488,0.0,8.699792862,10.06100082,10.11100006,0.263999999,0.294,0.0,0.002522789795572559,0.0,0.0,2020-02-11 03:00:00
19.91100121,42.56547165,0.0,934.9786377,30.00000191,5.483356476,17.36100006,17.01099968,0.135000005,0.162,0.0,0.0026942628513400755,0.0,0.0,2022-10-17 18:00:00
2.010999918,64.24330902,0.0,935.3111572,0.0,3.319036007,2.81099987,6.31099987,0.356000006,0.372000009,0.0,0.0025439633366962275,0.0,0.0,2023-01-24 09:00:00
14.66100025,45.19837952,0.0,927.7579346,0.600000024,10.49571323,21.16100121,19.41100121,0.136000007,0.172000006,0.0,0.0025267381764327488,0.0,0.0,2022-05-31 03:00:00
10.61100006,95.11515045,0.0,929.4528198,6.299999714,6.725354195,14.71100044,17.66100121,0.296000004,0.216999993,0.0,0.0025318280483285585,0.0,0.0,2020-05-31 06:00:00
20.11100006,39.78901672,0.0,931.0848389,0.0,9.793059349,22.01099968,25.21100044,0.112999998,0.158000007,0.0,0.0025393180549144745,0.0,0.0,2023-07-14 09:00:00
1.911000013,95.11177826,0.100000001,927.8859253,23.69999886,9.0,3.510999918,5.261000156,0.402999997,0.354000002,0.0,0.002529440758128961,0.0,0.0,2020-01-17 03:00:00
9.828501,77.22474,0.0,1000.50635,7.7999997,4.68,8.6285,10.8785,0.412,0.429,1.0,0.9953375657399496,1.0,36.6881983,2022-01-17 10:00:00
27.3665,20.853107,0.0,976.4925,0.0,8.049845,31.216501,35.116497,0.097,0.143,1.0,0.9953619043032328,1.0,30.96757703,2020-08-20 09:00:00
5.81099987,97.60473633,0.0,928.7839966,31.79999924,4.80299902,9.611000061,12.86100006,0.340999991,0.230000004,0.0,0.002528633650702735,0.0,0.0,2020-05-19 12:00:00
22.4055,54.045868,0.0,959.1483,3.9,10.661107,25.0555,28.3055,0.136,0.157,1.0,0.9953616261482239,1.0,34.49076605,2020-08-23 10:00:00
34.702,14.403652,0.0,949.4655,0.0,16.418526,36.402,28.452,0.138,0.154,1.0,0.9953595598538717,1.0,30.69366199,2020-08-19 21:00:00
21.6,24.248163,0.0,925.4635,0.0,6.4096174,25.7,31.5,0.125,0.148,1.0,0.9953358173370361,1.0,33.17811842,2020-08-21 09:00:00
16.8365,87.716606,0.0,952.95874,0.0,6.924738,21.186499,25.286499,0.134,0.159,1.0,0.9953617453575134,1.0,35.21027939,2020-08-26 09:00:00
21.1405,19.711763,0.0,882.47754,0.0,14.291592,23.9405,27.4905,0.133,0.153,1.0,0.9953190088272095,1.0,31.44092065,2020-08-20 09:00:00
7.261000156,54.19439316,0.0,937.8082886,0.0,4.349896431,6.611000061,11.71100044,0.199000001,0.244000003,0.0,0.0025420001863191524,0.0,0.0,2020-02-26 12:00:00
18.61100006,39.08343124,0.0,931.9637451,62.70000076,12.18162537,21.66100121,20.16100121,0.133000001,0.149000004,0.0,0.002522299027380844,0.0,0.0,2021-10-06 21:00:00
32.848,35.845596,0.0,962.75085,0.0,13.746156,34.348,26.498,0.133,0.159,1.0,0.9953595201174418,1.0,34.9893224,2020-08-24 21:00:00
15.21100044,66.27354431,0.0,929.3774414,0.0,5.506940842,22.11100006,25.96100044,0.112999998,0.151999995,0.0,0.0025650469275812307,0.0,0.0,2023-08-09 06:00:00
2.960999966,89.54665375,0.0,934.1403809,4.200000286,7.78799057,5.011000156,7.261000156,0.351000011,0.351000011,0.0,0.002531109416546921,0.0,0.0,2020-01-12 06:00:00
28.275,45.908195,0.0,947.6074,0.0,11.988594,30.224998,24.474998,0.134,0.159,1.0,0.9953612287839254,1.0,35.14466992,2020-08-25 21:00:00
32.0435,22.04094,0.0,921.6632,0.0,7.628263,33.6935,26.5935,0.127,0.152,1.0,0.9953391551971436,1.0,33.63752372,2020-08-21 20:00:00
26.16100121,28.37021255,0.0,935.9934082,0.0,9.290511131,25.61100006,22.96100044,0.133000001,0.150999993,0.0,0.0025289934516573944,0.0,0.0,2022-08-11 18:00:00
26.762001,20.699738,0.0,966.2129,0.0,8.049845,30.612001,34.511997,0.097,0.143,1.0,0.9953617850939432,1.0,31.18093312,2020-08-20 09:00:00
39.348,16.927742,0.0,942.5906,24.300001,12.224107,42.548,32.798,0.111,0.138,1.0,0.9953570167223612,1.0,29.42884733,2020-08-18 21:00:00
5.160999775,78.96800995,0.0,936.4500732,0.0,8.217152596,8.161000252,10.41100025,0.237000003,0.273000002,0.0,0.002546170998054246,0.0,0.0,2023-04-20 06:00:00
31.753,8.843262,0.0,918.2006,0.0,11.177405,33.603,27.953,0.127,0.152,1.0,0.9953613877296448,1.0,32.49860784,2020-08-20 20:00:00
12.06100082,73.46585846,0.0,925.3792114,90.00000763,8.766572952,16.71100044,20.86100006,0.136000007,0.156000003,0.0,0.003620455895240108,0.0,0.0,2022-10-22 06:00:00
5.660999775,81.90049744,0.0,928.1912842,5.399999619,14.75999928,10.81100082,11.31100082,0.246999994,0.282999992,0.0,0.002537099722151955,0.0,0.0,2023-04-18 03:00:00
38.21099854,12.5760498,0.0,931.7218018,0.0,13.85415459,34.46099854,29.91100121,0.133000001,0.150000006,0.0,0.0027131352107971907,0.0,0.0,2022-09-08 18:00:00
13.06100082,42.08424377,0.0,930.9746094,88.80000305,8.942214012,13.96100044,11.81100082,0.287,0.300000012,0.0,0.0025227166479453444,0.0,0.0,2021-11-09 00:00:00
12.01100063,70.98616791,0.0,936.6298828,28.80000114,1.799999952,12.16100025,7.611000061,0.321999997,0.328000009,0.0,0.003030862775631249,0.0,0.0,2022-12-22 00:00:00
27.66100121,31.7492733,0.0,930.9536743,0.899999976,9.686609268,28.21100044,24.51099968,0.133000001,0.152999997,0.0,0.0041715810463453335,0.0,0.0,2022-07-12 18:00:00
26.2585,18.271358,0.0,940.17365,0.0,14.512064,29.3585,33.3085,0.125,0.148,1.0,0.995361308256785,1.0,31.20829527,2020-08-20 09:00:00
25.66100121,32.936409,0.0,931.1738281,0.0,5.411986351,30.76099968,26.86100006,0.133000001,0.150999993,0.0,0.0025338579822952547,0.0,0.0,2021-08-07 03:00:00
7.410999775,67.62623596,0.0,930.2622681,14.70000076,4.896529675,6.111000061,11.71100044,0.133000001,0.158999994,0.0,0.002562912336240212,0.0,0.0,2023-11-12 15:00:00
18.46100044,22.2084713,0.0,931.2805786,0.0,7.89541626,21.26099968,25.81100082,0.133000001,0.155000001,0.0,0.0025480446638539433,0.0,0.0,2020-08-01 09:00:00
30.9305,25.70737,0.0,962.6476,6.0,12.594856,31.980501,34.6805,0.111,0.138,1.0,0.9953617056210836,1.0,28.30890685,2020-08-18 10:00:00
29.735,11.998345,0.0,959.82294,0.0,11.966953,30.735,33.235,0.127,0.15,1.0,0.9953620235125223,1.0,29.9560007,2020-08-19 10:00:00
30.56100082,16.72166634,0.0,933.1624146,0.0,13.55150127,32.21099854,24.56100082,0.133000001,0.150000006,0.0,0.0026652642991393805,0.0,0.0,2022-08-26 21:00:00
26.51099968,43.12225723,0.0,933.0491943,1.200000048,9.793058395,27.76099968,19.56100082,0.180000007,0.219999999,0.0,0.0025288115333144865,0.0,0.0,2023-05-17 00:00:00
17.81100082,33.9517746,0.0,932.7546387,0.0,6.763785839,17.56100082,22.71100044,0.133000001,0.150999993,0.0,0.0025313161313533783,0.0,0.0,2020-10-16 15:00:00
4.761000156,93.23548889,0.0,923.4458008,100.0,18.72345924,7.160999775,9.361000061,0.301999986,0.316000015,0.0,0.0025220769845570126,0.0,0.0,2021-03-25 15:00:00
25.21100044,31.60031319,0.0,934.4586792,0.0,11.48620033,29.86100006,23.81100082,0.112999998,0.152999997,0.0,0.00270898116286844,0.0,0.0,2023-08-02 21:00:00
7.761000156,66.50450134,0.0,932.1026001,0.0,2.968636036,10.16100025,10.96100044,0.228,0.25,0.0,0.0025320640609910092,0.0,0.0,2022-11-27 03:00:00
11.11100006,77.95823669,0.0,926.4829102,22.5,3.976329803,17.06100082,23.51099968,0.133000001,0.150000006,0.0,0.0025545594204838076,0.0,0.0,2021-09-02 09:00:00
30.46100044,27.27443314,0.0,930.5592651,0.0,13.6847353,33.06099701,25.11100006,0.134000003,0.171000004,0.0,0.005654861840109031,0.0,0.0,2020-06-27 21:00:00
17.26099968,56.03521729,0.0,931.5946045,2.699999809,7.072877884,15.96100044,17.81100082,0.165000007,0.213,0.0,0.002527197551292678,0.0,0.0,2023-05-19 15:00:00
29.11100006,34.58108521,0.0,931.9674072,0.0,7.78799057,27.46100044,22.41100121,0.136000007,0.175999999,0.0,0.00255582252672563,0.0,0.0,2020-06-23 18:00:00
10.574,87.43675,0.0,1003.85223,0.0,2.7416782,13.774,18.224,0.175,0.276,1.0,0.9953591624895731,1.0,36.60326277,2021-05-24 10:00:00
15.31100082,32.62130356,0.0,935.730896,2.100000143,13.6847353,15.96100044,10.81100082,0.230000004,0.219999999,0.0,0.003208849191044768,0.0,0.0,2022-03-21 00:00:00
15.36100006,34.46963501,0.0,937.211731,0.0,4.843304634,9.161000252,8.661000252,0.194000006,0.187999994,0.0,0.0028796494007110596,0.0,0.0,2020-12-01 18:00:00
22.36100006,44.73363495,0.0,932.4214478,0.0,3.563817978,19.31100082,23.51099968,0.133000001,0.150000006,0.0,0.002532251955320438,0.0,0.0,2022-08-30 15:00:00
7.710999966,37.6868515,0.0,934.4661255,0.0,14.65425396,9.461000443,10.76100063,0.214000002,0.188999996,0.0,0.0025262286653742194,0.0,0.0,2020-11-27 03:00:00
20.1645,37.268402,0.0,945.8318,0.0,4.3349743,20.5145,25.1645,0.138,0.153,1.0,0.9953572750091553,1.0,35.53421106,2020-08-30 09:00:00
11.11100006,69.11859131,0.0,935.272522,0.300000012,3.396233082,10.81100082,12.96100044,0.231999993,0.254000008,0.0,0.0025502756470814347,0.0,0.0,2021-11-28 06:00:00
28.86100006,25.67826653,0.0,932.8239136,19.80000114,8.161764145,29.21100044,25.71100044,0.133000001,0.150999993,0.0,0.0025558993608380356,0.0,0.0,2021-07-25 18:00:00
27.5285,39.74629,0.0,999.84796,0.0,6.1305785,26.6285,23.4785,0.175,0.275,1.0,0.9953561027844747,1.0,36.84391343,2022-08-07 19:00:00
15.31100082,55.34611893,0.0,931.1471558,14.40000057,11.18320084,18.66100121,19.81100082,0.142000005,0.184,0.0,0.0025256103447948894,0.0,0.0,2020-06-15 06:00:00
10.31100082,99.33460236,0.300000012,931.8381348,93.59999847,8.788720131,11.61100006,12.51100063,0.294,0.166999996,0.0,0.002521790525255104,0.0,0.0,2023-11-19 03:00:00
15.11100006,26.36078835,0.0,929.1665649,30.00000191,16.27980232,17.86100006,21.41100121,0.136000007,0.165000007,0.0,0.0025258635093147555,0.0,0.0,2022-06-08 09:00:00
18.01099968,29.44991875,0.0,933.0847168,0.0,14.56109905,22.61100006,18.06100082,0.134000003,0.156000003,0.0,0.002538175593751172,0.0,0.0,2021-06-08 21:00:00
12.21100044,79.99712372,0.0,926.7038574,15.29999924,4.80299902,19.56100082,24.31100082,0.133000001,0.150000006,0.0,0.0025506465851018825,0.0,0.0,2021-09-02 06:00:00
37.6285,14.673981,0.0,993.08954,0.0,2.0991426,31.0785,24.2785,0.174,0.274,1.0,0.9953464269638062,1.0,36.85678245,2022-08-16 19:00:00
13.26100063,31.90102386,0.0,933.3214111,26.10000038,10.99032211,12.41100025,15.26100063,0.202000007,0.256999999,0.0,0.0025350732806449137,0.0,0.0,2020-05-01 15:00:00
17.0735,58.70313,0.0,918.3121,0.0,2.4149535,19.3235,23.7735,0.134,0.153,1.0,0.9953362147013346,1.0,35.6009761,2020-08-31 09:00:00
24.7475,36.92645,0.0,920.4177,31.800001,4.8433046,25.3975,29.7475,0.123,0.149,1.0,0.9953588843345642,1.0,34.34778861,2020-08-23 10:00:00
1.81099999,86.58208466,0.0,934.0630493,10.50000095,8.404284477,2.31099987,5.011000156,0.381000012,0.389999986,0.0,0.002538203572233518,0.0,0.0,2023-01-22 15:00:00
10.51100063,52.74648285,0.400000006,926.3117065,93.6000061,20.00511932,9.711000443,10.06100082,0.368999988,0.379000008,0.0,0.002522874933977922,0.0,0.0,2023-03-19 09:00:00
15.81100082,60.2085228,0.0,932.203186,0.0,7.594207287,15.11100006,20.26099968,0.115000002,0.145999998,0.0,0.0025247627636417747,0.0,0.0,2023-10-05 12:00:00
24.56100082,25.04971504,0.0,933.3693848,0.0,2.595996857,21.81100082,25.66100121,0.133000001,0.150999993,0.0,0.0025255092962955437,0.0,0.0,2020-09-29 09:00:00
1.510999918,42.63405991,0.0,929.8631592,0.0,3.976329803,1.81099999,5.81099987,0.308999985,0.326999992,0.0,0.0025361335913961134,0.0,0.0,2023-02-18 09:00:00
2.06099987,68.2124939,0.0,937.973999,0.0,6.924738407,2.06099987,5.910999775,0.349999994,0.363000005,0.0,0.0025356325010458627,0.0,0.0,2023-01-25 12:00:00
10.16100025,99.66641235,3.5,922.2754517,100.0,17.29873848,10.26100063,10.11100006,0.43900001,0.437999994,0.0,0.0025255005651464066,0.0,0.0,2022-12-31 18:00:00
30.96100044,18.55607605,0.0,931.3291016,0.0,13.39277363,32.11100006,24.71100044,0.133000001,0.150000006,0.0,0.0033531437317530313,0.0,0.0,2021-09-13 21:00:00
30.764502,10.482561,0.0,959.09515,0.6,14.386494,31.9145,34.6145,0.116,0.146,1.0,0.9953620632489523,1.0,30.01801212,2020-08-19 10:00:00
22.204,21.036366,0.0,909.2459,0.9,10.009036,25.854,29.804,0.137,0.151,1.0,0.9953617056210836,1.0,31.27440752,2020-08-20 09:00:00
26.036499,20.007826,0.0,955.56757,0.0,8.473393,30.536499,34.2865,0.116,0.146,1.0,0.9953618248303732,1.0,30.80821879,2020-08-20 09:00:00
21.36100006,50.32748795,0.0,932.2467041,90.59999847,12.30336571,23.71100044,17.96100044,0.155000001,0.177000001,0.0,0.0025220918857182064,0.0,0.0,2023-06-09 00:00:00
20.61100006,39.93214798,0.0,930.8521729,1.800000072,4.198285103,14.61100006,20.91100121,0.116999999,0.149000004,0.0,0.0025493663658077517,0.0,0.0,2023-10-20 12:00:00
20.3255,59.683872,0.0,965.8388,12.6,2.7416782,22.1755,26.525501,0.241,0.277,1.0,0.9953612287839254,1.0,33.96441933,2020-08-22 10:00:00
6.761000156,87.68422699,0.0,932.5394897,3.0,8.209262848,5.960999966,7.56099987,0.381000012,0.372999996,0.0,0.0025440860772505403,0.0,0.0,2020-03-22 15:00:00
19.946,31.42428,0.0,936.11865,0.9,5.3517847,24.196,28.496,0.135,0.151,1.0,0.9953254063924154,1.0,31.03827036,2020-08-20 09:00:00
11.56100082,63.24177551,0.0,934.5776367,80.40000153,3.599999905,7.861000061,6.910999775,0.331,0.330000013,0.0,0.002578220524204274,0.0,0.0,2022-12-22 18:00:00
26.9765,20.75415,0.0,969.85034,0.0,8.049845,30.8265,34.726498,0.097,0.143,1.0,0.9953618248303732,1.0,30.9959114,2020-08-20 09:00:00
31.237,10.889384,0.0,909.3417,0.0,10.805999,33.387,27.787,0.137,0.15,1.0,0.9953597187995911,1.0,32.57841829,2020-08-20 20:00:00
9.161000252,62.6824646,0.0,941.753479,30.00000191,6.877789974,5.31099987,7.910999775,0.337000012,0.351999998,0.0,0.0027410632465034723,0.0,0.0,2022-01-10 09:00:00
8.611000061,90.29665375,0.0,938.3896484,48.0,5.483356476,9.661000252,10.51100063,0.230000004,0.184,0.0,0.002551769333270689,0.0,0.0,2023-12-04 06:00:00
27.0245,20.256292,0.0,972.26953,0.0,8.473393,31.5245,35.274498,0.116,0.146,1.0,0.9953618248303732,1.0,30.83291005,2020-08-20 09:00:00
21.797499,67.6427,0.0,944.7926,13.200001,4.072935,23.0975,26.2475,0.137,0.154,1.0,0.9953605532646179,1.0,34.88288099,2020-08-24 10:00:00
6.06099987,59.9397316,0.0,933.2462158,0.0,5.483356476,4.910999775,8.511000633,0.221000001,0.261000007,0.0,0.002532999535712103,0.0,0.0,2022-02-19 15:00:00
18.81100082,40.81212234,0.0,930.1829834,0.0,8.404285431,21.01099968,24.96100044,0.133000001,0.152999997,0.0,0.0027013394283130765,0.0,0.0,2022-07-14 09:00:00
34.0255,15.354037,0.0,934.2915,0.0,18.39878,35.725502,27.825499,0.137,0.151,1.0,0.9925092856089274,1.0,30.7818917,2020-08-19 21:00:00
7.611000061,99.65960693,0.5,935.4425659,100.0,8.788720131,7.511000156,7.660999775,0.386000007,0.358999997,0.0,0.0025388640739644566,0.0,0.0,2020-01-22 09:00:00
15.14,79.08724,0.0,991.1313,14.1,4.68,17.39,20.54,0.183,0.335,1.0,0.9953551093737284,1.0,25.0,2020-05-09 10:00:00
22.097,24.82552,0.0,927.53925,0.9,5.1544156,22.897,27.597,0.131,0.156,1.0,0.9951639175415039,1.0,31.74515481,2020-08-20 09:00:00
12.41100025,77.36817169,0.0,930.9736328,0.0,6.849466801,16.31100082,14.16100025,0.238000005,0.238999993,0.0,0.002541739105557402,0.0,0.0,2023-05-12 03:00:00
34.61100006,20.79751968,0.0,935.0910034,0.0,5.154415131,32.01099777,27.36100006,0.133000001,0.150999993,0.0,0.002944422342504064,0.0,0.0,2021-08-15 18:00:00
-0.43900001,97.1260376,0.400000006,920.5960083,100.0,3.82685256,4.361000061,4.861000061,0.345999986,0.308999985,0.0,0.0025575283216312528,0.0,0.0,2023-02-25 09:00:00
22.3015,54.01931,0.0,957.376,3.9,10.661107,24.9515,28.2015,0.136,0.157,1.0,0.9953611493110657,1.0,34.47942406,2020-08-23 10:00:00
6.111000061,88.85942078,0.0,928.0504761,19.80000114,2.741678238,7.160999775,12.21100044,0.122000001,0.159999996,0.0,0.002552460723867019,0.0,0.0,2023-11-14 12:00:00
24.31100082,39.49991226,0.0,935.3258057,0.0,9.885261536,22.96100044,22.11100006,0.133000001,0.150999993,0.0,0.0025553596982111535,0.0,0.0,2020-09-24 18:00:00
26.91100121,10.20089245,0.0,931.4968872,0.0,5.014219284,29.46100044,20.41100121,0.136999995,0.184,0.0,0.002532359639493128,0.0,0.0,2020-06-18 00:00:00
17.2475,40.78988,0.0,906.51074,0.0,5.1919937,19.0475,25.4475,0.135,0.151,1.0,0.9952707290649414,1.0,35.27724334,2020-08-27 10:00:00
18.91100121,46.0795784,0.0,935.8999023,0.0,2.595996857,11.81100082,10.01100063,0.236000001,0.270000011,0.0,0.004618289725234111,0.0,0.0,2022-02-11 18:00:00
22.5985,71.11038,0.0,983.31256,6.6000004,12.979984,25.9485,30.7985,0.084,0.13,1.0,0.9953616658846537,1.0,34.89834635,2020-08-24 10:00:00
4.210999966,66.68750763,0.0,931.7788086,29.40000153,4.693825722,7.611000061,12.01100063,0.289999992,0.224999994,0.0,0.0025262789567932487,0.0,0.0,2022-04-18 09:00:00
20.01099968,35.94769287,0.0,936.75,0.0,11.48620033,19.46100044,12.56100082,0.215000004,0.215000004,0.0,0.0025611649034544826,0.0,0.0,2022-03-22 00:00:00
9.461000443,59.70494843,0.0,940.2859497,0.0,1.297998428,10.31100082,6.361000061,0.38499999,0.395000011,0.0,0.0025766689407949648,0.0,0.0,2023-01-22 00:00:00
9.8805,70.08088,0.0,932.6629,90.0,3.671294,10.030499,8.7305,0.285,0.271,1.0,0.002533606835640967,0.0,37.13861397,2022-11-12 19:00:00
3.661000013,45.16119385,0.0,935.5404663,0.0,7.421589851,4.410999775,8.211000443,0.310000002,0.317000002,0.0,0.0025364075554534793,0.0,0.0,2021-02-18 12:00:00
17.76099968,19.66077995,0.0,935.1262207,4.200000286,4.213691711,10.41100025,10.51100063,0.167999998,0.182999998,0.0,0.00254905445035547,0.0,0.0,2020-12-09 18:00:00
21.81100082,24.658638,0.0,930.6218262,30.00000191,6.109402657,17.56100082,12.91100025,0.200000003,0.248999998,0.0,0.002528932954495152,0.0,0.0,2023-04-25 18:00:00
5.56099987,82.17811584,0.0,933.0057983,69.0,4.334974289,4.56099987,7.511000156,0.326000005,0.328999996,0.0,0.0025628373647729554,0.0,0.0,2023-12-26 15:00:00
34.5,15.458625,0.0,941.90173,0.0,18.39878,36.2,28.3,0.137,0.151,1.0,0.9953539768854777,1.0,30.6621873,2020-08-19 21:00:00
30.9085,12.18783,0.0,912.66986,0.0,11.609651,32.9085,27.408499,0.133,0.153,1.0,0.995346466700236,1.0,32.21871602,2020-08-20 20:00:00
17.16100121,39.21424484,0.0,935.5112915,19.20000076,10.70356941,18.81100082,13.36100006,0.194999993,0.246000007,0.0,0.002538223130007585,0.0,0.0,2021-04-03 22:00:00
34.4645,16.110928,0.0,965.22144,0.0,6.12,37.7645,30.764502,0.097,0.143,1.0,0.9953619440396627,1.0,33.52346586,2020-08-21 20:00:00
9.311000824,47.3335495,0.0,929.2609863,9.300000191,4.394360065,12.41100025,9.311000824,0.216999993,0.240999997,0.0,0.002538680952663223,0.0,0.0,2022-11-30 00:00:00
8.061000824,80.23530579,0.200000003,927.7998657,100.0,11.30422878,11.01100063,13.01100063,0.143000007,0.187000006,0.0,0.002522345671119789,0.0,0.0,2021-04-25 18:00:00
31.91,34.23432,0.0,1001.0433,0.0,18.532133,29.609999,25.26,0.174,0.281,1.0,0.995361308256785,1.0,33.7772295,2020-08-21 20:00:00
14.81100082,71.27944946,0.0,925.5080566,0.0,2.30512476,16.66100121,21.56100082,0.135000005,0.162,0.0,0.004386543451497952,0.0,0.0,2022-10-15 09:00:00
27.7955,20.961975,0.0,983.8411,0.0,8.049845,31.6455,35.545498,0.097,0.143,1.0,0.9953619043032328,1.0,31.03639441,2020-08-20 09:00:00
26.4175,20.612358,0.0,960.39386,0.0,8.049845,30.2675,34.1675,0.097,0.143,1.0,0.9953617850939432,1.0,30.80529606,2020-08-20 09:00:00
1.460999966,66.8197937,0.0,932.3123169,0.0,3.4152596,2.210999966,7.460999966,0.300999999,0.300000012,0.0,0.0025433029901857176,0.0,0.0,2022-11-14 15:00:00
21.98,24.793676,0.0,925.609,0.9,5.1544156,22.779999,27.48,0.131,0.156,1.0,0.9952974319458008,1.0,31.64433742,2020-08-20 09:00:00
20.16100121,39.94093323,0.0,935.505188,0.0,12.49671936,18.16100121,22.31100082,0.133000001,0.150999993,0.0,0.0025959446793422103,0.0,0.0,2020-10-14 12:00:00
1.760999918,90.09886932,0.100000001,923.7321777,100.0,12.59485626,4.56099987,5.611000061,0.412999988,0.416999996,0.0,0.0025243594233567515,0.0,0.0,2023-03-29 12:00:00
8.911000252,60.21177673,0.0,930.6088867,0.0,6.989935875,12.56100082,17.41100121,0.136999995,0.159999996,0.0,0.0025532658134276667,0.0,0.0,2022-06-19 12:00:00
16.46100044,55.07485199,0.0,932.2913208,0.0,10.08642673,22.31100082,25.21100044,0.133000001,0.150999993,0.0,0.002538611995987594,0.0,0.0,2022-08-12 06:00:00
22.009,20.985823,0.0,906.09534,0.9,10.009036,25.659,29.609001,0.137,0.151,1.0,0.9953616658846537,1.0,31.11620486,2020-08-20 09:00:00
29.473001,35.371693,0.0,943.4897,0.0,14.685176,30.323,24.773,0.134,0.151,1.0,0.9953534603118896,1.0,33.75184039,2020-08-21 20:00:00
31.3945,21.283905,0.0,930.55054,28.2,14.773164,32.2445,24.5445,0.137,0.154,1.0,0.9952484567960104,1.0,34.60944621,2020-08-23 21:00:00
34.878498,15.814931,0.0,939.66376,27.6,7.072878,36.178497,29.428501,0.125,0.148,1.0,0.9953590234120687,1.0,34.20293522,2020-08-22 20:00:00
11.86100006,54.25262833,0.0,932.6489868,4.5,17.16335487,16.21100044,12.61100006,0.214000002,0.241999999,0.0,0.0025208224542438984,0.0,0.0,2022-04-29 00:00:00
28.46100044,31.75914764,0.0,931.8939819,0.0,10.43999958,31.01099968,22.91100121,0.112999998,0.147,0.0,0.0025245194944242635,0.0,0.0,2023-09-14 21:00:00
2.161000013,94.78124237,0.0,935.5396118,88.19999695,16.26387215,7.160999775,10.81100082,0.237000003,0.196999997,0.0,0.0025300915585830808,0.0,0.0,2022-04-13 06:00:00
8.011000633,44.08216858,0.0,929.9807129,58.80000305,2.902412653,7.361000061,13.91100025,0.136000007,0.147,0.0,0.0025281918545564017,0.0,0.0,2021-10-13 15:00:00
34.511997,14.112015,0.0,921.0321,0.0,16.92383,37.261997,30.362001,0.132,0.149,1.0,0.9953601559003195,1.0,30.72736157,2020-08-19 21:00:00
33.61100006,16.83395386,0.0,933.6464844,0.0,14.79945946,35.81099701,27.36100006,0.133000001,0.150999993,0.0,0.002656245371326804,0.0,0.0,2022-08-18 21:00:00
30.8085,9.954207,0.0,953.24384,0.0,16.363178,31.5085,33.7085,0.132,0.15,1.0,0.9953621029853821,1.0,30.43728333,2020-08-19 10:00:00
31.9665,21.354832,0.0,926.70636,27.6,13.397612,32.2165,26.0165,0.133,0.153,1.0,0.9947007298469543,1.0,34.21189848,2020-08-22 20:00:00
3.210999966,90.53248596,0.0,933.3034058,3.899999857,4.80299902,5.160999775,5.460999966,0.407999992,0.409000009,0.0,0.002537877260086437,0.0,0.0,2023-03-09 03:00:00
13.01100063,96.46284485,0.0,933.0674438,90.0,6.297428131,14.61100006,15.86100006,0.277999997,0.152999997,0.0,0.0028312579185391464,0.0,0.0,2021-10-22 06:00:00
9.811000824,55.86997604,0.0,930.7783203,90.00000763,14.05844975,8.461000443,7.611000061,0.388000011,0.400000006,0.0,0.0025313857089107237,0.0,0.0,2023-01-07 21:00:00
11.51100063,20.11176682,0.0,937.6766968,0.0,4.735060215,8.461000443,9.361000061,0.136999995,0.150000006,0.0,0.002833915719141563,0.0,0.0,2020-11-10 18:00:00
9.511000633,67.59407806,0.200000003,934.2608643,58.79999924,5.001279831,8.911000252,6.81099987,0.381000012,0.370000005,0.0,0.002558197360485792,0.0,0.0,2020-03-29 18:00:00
20.66100121,43.36499786,0.0,929.4882202,10.20000076,1.60996902,19.01099968,23.16100121,0.133000001,0.150000006,0.0,0.002565498425004383,0.0,0.0,2022-08-29 15:00:00
22.16100121,35.44969559,0.0,932.3683472,0.0,3.617955208,21.31100082,25.41100121,0.112999998,0.156000003,0.0,0.0025887355053176484,0.0,0.0,2023-07-19 15:00:00
14.41100025,49.63763809,0.0,932.9122925,0.0,7.636752605,15.36100006,19.31100082,0.133000001,0.150999993,0.0,0.0025236045476049185,0.0,0.0,2020-10-11 15:00:00
30.2135,32.67314,0.0,954.1821,0.0,13.627795,30.7635,25.2135,0.138,0.154,1.0,0.9953619440396627,1.0,33.59773856,2020-08-21 20:00:00
4.210999966,59.25310898,0.0,930.7738037,9.900000572,4.452953815,2.210999966,7.31099987,0.224999994,0.200000003,0.0,0.0025421110913157463,0.0,0.0,2023-12-11 15:00:00
27.0375,10.623823,0.0,920.2277,0.6,14.386494,28.7875,31.887499,0.123,0.149,1.0,0.9953607519467672,1.0,30.31897463,2020-08-19 10:00:00
19.847,56.497494,0.0,962.74335,0.0,16.394829,26.797,33.347,0.097,0.143,1.0,0.9953617850939432,1.0,32.75077688,2020-08-21 09:00:00
17.16100121,29.9621067,0.0,940.6478882,0.0,2.160000086,9.061000824,7.460999966,0.25,0.279000014,0.0,0.0030088839509213963,0.0,0.0,2022-02-08 18:00:00
16.91100121,29.3488903,0.0,939.2026978,14.10000038,5.495161057,15.91100025,10.66100025,0.233999997,0.254999995,0.0,0.0025563479090730348,0.0,0.0,2022-11-26 00:00:00
14.36100006,33.30939865,0.0,934.9145508,30.00000191,1.60996902,8.711000443,8.211000443,0.232999995,0.252000004,0.0,0.0026166101840014258,0.0,0.0,2022-11-27 18:00:00
22.243,54.004356,0.0,956.3799,3.9,10.661107,24.893,28.143,0.136,0.157,1.0,0.9953611493110657,1.0,34.42883707,2020-08-23 10:00:00
7.861000061,57.40498352,0.0,926.6439819,14.40000057,4.693825722,6.611000061,10.66100025,0.222000003,0.181999996,0.0,0.002530996260854105,0.0,0.0,2023-11-23 15:00:00
4.761000156,48.5226593,0.0,930.4817505,21.0,5.154415607,7.410999775,14.66100025,0.123999998,0.141000003,0.0,0.0025330678715060153,0.0,0.0,2023-10-27 12:00:00
21.36100006,45.36406708,0.0,927.0120239,0.0,2.276839733,24.06100082,26.31100082,0.133000001,0.151999995,0.0,0.0027762953735267124,0.0,0.0,2020-08-31 06:00:00
27.928501,12.314282,0.0,946.23596,0.3,9.904906,26.028502,28.778502,0.138,0.155,1.0,0.9953603545824686,1.0,30.27814269,2020-08-19 10:00:00
32.2315,11.0774355,0.0,925.0658,0.0,10.805999,34.3815,28.7815,0.137,0.15,1.0,0.9953494668006897,1.0,32.62300213,2020-08-20 20:00:00
11.46100044,69.6688385,0.0,931.5272827,50.69999695,12.07476616,12.16100025,11.66100025,0.312999994,0.229000002,0.0,0.0025227215761939683,0.0,0.0,2022-04-19 21:00:00
14.574,92.212395,0.0,997.0936,90.0,7.7879906,18.024,23.674,0.175,0.272,1.0,0.9953590035438538,1.0,36.93528347,2022-09-14 10:00:00
28.46100044,24.70728683,0.0,931.7098999,0.0,9.957107544,27.16100121,22.91100121,0.134000003,0.158000007,0.0,0.22075586703916392,0.0,0.0,2021-06-02 18:00:00
17.11100006,64.27853394,0.0,929.3521118,0.600000024,5.804825306,21.26099968,18.86100006,0.196999997,0.226999998,0.0,0.0025448801461607218,0.0,0.0,2023-05-15 03:00:00
28.6035,15.354367,0.0,985.03705,0.6,10.966713,31.2535,34.9535,0.104,0.144,1.0,0.9953619043032328,1.0,30.33337067,2020-08-19 10:00:00
13.06100082,44.10209656,0.0,928.7758789,0.0,14.15491486,14.61100006,10.41100025,0.326999992,0.344999999,0.0,0.0025436554569751024,0.0,0.0,2020-04-01 21:00:00
29.96100044,17.12350273,0.0,934.4839478,0.0,9.178235054,29.11100006,25.11100006,0.133000001,0.150999993,0.0,0.0027550092975919447,0.0,0.0,2021-07-24 18:00:00
25.66100121,30.14053917,0.0,933.3805542,1.800000072,10.36525059,26.46100044,25.91100121,0.134000003,0.150000006,0.0,0.00265041117866834,0.0,0.0,2021-09-10 18:00:00
17.1735,65.3724,0.0,922.5805,27.9,1.1384199,20.373499,25.373499,0.138,0.154,1.0,0.9952782591183981,1.0,33.08151067,2020-08-21 09:00:00
22.188,24.850288,0.0,929.04285,0.9,5.1544156,22.987999,27.688,0.131,0.156,1.0,0.9952628016471863,1.0,31.74679063,2020-08-20 09:00:00
16.06100082,69.40487671,0.0,929.0629883,3.300000191,3.976329803,20.51099968,24.96100044,0.133000001,0.151999995,0.0,0.006201116756225626,0.0,0.0,2021-07-04 09:00:00
35.6935,12.924025,0.0,965.1628,0.0,10.8955765,38.3935,32.4935,0.116,0.146,1.0,0.9953620235125223,1.0,32.10496587,2020-08-20 20:00:00
9.411000252,65.69476318,0.100000001,927.5512695,73.5,20.69608688,11.61100006,11.26100063,0.372999996,0.246000007,0.0,0.0025227683751533427,0.0,0.0,2022-04-22 00:00:00
14.2109995,92.49296,0.0,999.3948,4.5,6.130579,18.810999,23.711,0.174,0.275,1.0,0.9953597585360209,1.0,36.84942097,2022-08-14 10:00:00
22.2515,42.79098,0.0,940.0513,25.800001,3.671294,20.5515,25.5015,0.133,0.151,1.0,0.9953527450561523,1.0,34.16207692,2020-08-22 10:00:00
17.01099968,67.32318878,0.0,933.7272339,0.0,8.891343117,22.61100006,25.16100121,0.133000001,0.150999993,0.0,0.0025664695616190634,0.0,0.0,2022-08-11 06:00:00
32.0035,38.09286,0.0,980.16943,0.0,13.479583,36.8535,28.9535,0.084,0.13,1.0,0.9953609506289164,1.0,35.12219969,2020-08-25 21:00:00
30.822,24.24251,0.0,962.1109,0.0,14.799459,30.672,23.272001,0.134,0.158,1.0,0.9953597585360209,1.0,35.53732886,2020-08-30 21:00:00
24.11100006,38.91652298,0.0,929.3912354,0.0,10.19505692,27.16100121,18.86100006,0.115999997,0.167999998,0.0,0.0025254252444331846,0.0,0.0,2023-06-27 21:00:00
31.980501,8.881572,0.0,921.80743,0.0,11.177405,33.8305,28.1805,0.127,0.152,1.0,0.9953570564587911,1.0,32.49590271,2020-08-20 20:00:00
28.8965,9.357871,0.0,936.4436,2.1000001,17.917007,30.3465,33.4465,0.111,0.138,1.0,0.9946064154307047,1.0,30.53100957,2020-08-19 10:00:00
16.1955,77.43959,0.0,1001.62866,1.8000001,5.3999996,17.1455,20.995499,0.166,0.264,1.0,0.9953592419624329,1.0,36.98547264,2022-10-06 10:00:00
35.9565,28.566341,0.0,975.3904,1.2,10.464797,41.2565,30.0565,0.084,0.13,1.0,0.9953610698382059,1.0,34.91040872,2020-08-24 21:00:00
6.06099987,96.93583679,0.0,937.5426025,0.0,4.394360065,7.210999966,8.861000061,0.326999992,0.319000006,0.0,0.002611787640489638,0.0,0.0,2022-12-24 06:00:00
28.978498,32.330387,0.0,933.94196,0.0,13.627795,29.5285,23.978498,0.138,0.154,1.0,0.9952393770217896,1.0,33.55162769,2020-08-21 20:00:00
30.716,25.65031,0.0,959.0838,6.0,12.594856,31.766,34.466,0.111,0.138,1.0,0.9953616658846537,1.0,28.42536343,2020-08-18 10:00:00
24.76099968,21.08512115,0.0,932.5023804,0.0,11.50311279,31.36100006,28.46100044,0.133000001,0.151999995,0.0,0.0026679286966100335,0.0,0.0,2022-07-22 03:00:00
27.983,27.907429,0.0,940.5467,0.0,13.513193,28.933,22.183,0.134,0.159,1.0,0.9953481157620748,1.0,35.47346401,2020-08-29 21:00:00
30.334,9.868882,0.0,945.4486,0.0,16.363178,31.033998,33.234,0.132,0.15,1.0,0.9953616261482239,1.0,30.03557102,2020-08-19 10:00:00
31.11100006,22.41001892,0.0,934.6818848,0.0,13.83074856,33.36100006,24.06100082,0.109999999,0.150000006,0.0,0.002785983068558077,0.0,0.0,2023-08-12 21:00:00
22.1585,21.02457,0.0,908.50995,0.9,10.009036,25.8085,29.758501,0.137,0.151,1.0,0.9953617056210836,1.0,31.0312468,2020-08-20 09:00:00
24.46100044,25.37857056,0.0,932.3320923,0.0,6.162207127,25.56100082,27.01099968,0.133000001,0.151999995,0.0,0.0025568174508710704,0.0,0.0,2020-09-05 06:00:00
12.96100044,37.29517365,0.0,931.7709351,0.0,4.024922371,8.361000061,4.511000156,0.34799999,0.345999986,0.0,0.002590732571358482,0.0,0.0,2022-12-17 21:00:00
29.401001,17.360376,0.0,934.5543,0.0,14.759999,30.801,25.951,0.135,0.151,1.0,0.9948310852050781,1.0,32.65249208,2020-08-20 20:00:00
22.96100044,29.59107971,0.0,937.2664185,0.0,4.82990694,17.21100044,10.26100063,0.244000003,0.275999993,0.0,0.002762411953881383,0.0,0.0,2022-02-10 21:00:00
20.16100121,37.00893402,0.0,935.4133911,30.00000191,10.70356941,17.66100121,13.71100044,0.298999995,0.30399999,0.0,0.002537428983487189,0.0,0.0,2021-11-15 21:00:00
3.960999966,53.2926445,0.0,931.8859253,36.60000229,4.213691711,3.611000061,8.711000443,0.187999994,0.179000005,0.0,0.0025289935680727163,0.0,0.0,2023-11-26 12:00:00
0.361000001,96.09265137,0.0,923.3961792,27.89999962,12.48115349,3.010999918,5.511000156,0.270999998,0.222000003,0.0,0.0025382461802413068,0.0,0.0,2021-01-26 06:00:00
18.71100044,63.99422836,0.0,927.9533081,0.0,8.435069084,24.06100082,26.56100082,0.133000001,0.150999993,0.0,0.002524593728594482,0.0,0.0,2021-08-09 06:00:00
23.61100006,34.89712524,0.0,936.2442627,0.0,3.599999905,23.56100082,15.56100082,0.199000001,0.209000006,0.0,0.002622069364103178,0.0,0.0,2022-03-23 00:00:00
6.361000061,41.81243896,0.0,937.4492188,30.00000191,7.289444923,3.260999918,6.611000061,0.284000009,0.305000007,0.0,0.002535887334185342,0.0,0.0,2022-01-28 15:00:00
5.261000156,58.00108337,0.0,930.7227173,23.10000038,2.620839357,1.510999918,5.761000156,0.370000005,0.379000008,0.0,0.0025489152564356723,0.0,0.0,2021-12-19 12:00:00
14.31100082,42.29631424,0.0,936.9168701,17.70000076,4.104631424,14.21100044,9.711000443,0.277999997,0.298000008,0.0,0.002599393017590046,0.0,0.0,2022-01-20 00:00:00
40.5145,10.109063,0.0,970.2556,0.0,17.015474,42.864502,34.5645,0.116,0.146,1.0,0.995361864566803,1.0,30.70208125,2020-08-19 21:00:00
11.71100044,46.15113831,0.0,933.8881836,5.700000286,16.75064087,18.31100082,17.16100121,0.140000001,0.149000004,0.0,0.0025197259383276105,0.0,0.0,2021-10-09 00:00:00
13.01100063,80.91897583,0.0,929.9526367,36.90000153,6.989935398,14.16100025,19.16100121,0.133000001,0.150999993,0.0,0.002556229398275415,0.0,0.0,2020-10-10 15:00:00
18.06100082,35.88916016,0.0,933.3736572,6.300000191,4.582051754,16.06100082,19.61100006,0.158999994,0.203999996,0.0,0.0025338485138490796,0.0,0.0,2020-06-10 12:00:00
27.46100044,28.1467495,0.0,932.0983276,0.0,6.287129879,32.26099777,22.26099968,0.112999998,0.158999994,0.0,0.0025569001445546746,0.0,0.0,2023-07-11 00:00:00
33.1165,14.523486,0.0,898.63074,0.0,17.10284,35.9665,28.616499,0.127,0.152,1.0,0.9953603148460388,1.0,30.71355457,2020-08-19 21:00:00
12.86100006,46.47963333,0.0,928.7193604,6.0,15.51762867,16.01099968,11.41100025,0.201000005,0.234999999,0.0,0.0025222701175759235,0.0,0.0,2022-03-10 00:00:00
18.21100044,57.42079544,0.0,929.5610352,4.5,7.594208241,19.81100082,22.96100044,0.133000001,0.152999997,0.0,0.0025957636923218765,0.0,0.0,2021-06-26 12:00:00
20.01099968,74.12205505,0.0,928.3959351,74.09999847,19.09358025,27.06100082,24.36100006,0.149000004,0.163000003,0.0,0.0025208700293054185,0.0,0.0,2022-06-13 00:00:00
39.249,17.53944,0.0,939.05145,25.500002,5.771239,42.499,32.399,0.125,0.148,1.0,0.9953597784042358,1.0,28.71646851,2020-08-18 21:00:00
11.01100063,95.44817352,0.0,925.4473267,40.5,9.085988045,12.61100006,16.51099968,0.141000003,0.140000001,0.0,0.002526481209012369,0.0,0.0,2023-10-23 15:00:00
13.51100063,59.85901642,0.0,929.4522705,25.5,16.23596001,16.66100121,12.36100006,0.263999999,0.243000001,0.0,0.0025236112996935844,0.0,0.0,2023-05-10 00:00:00
14.66100025,40.47181702,0.0,944.1646118,0.0,2.276839733,8.011000633,6.81099987,0.347000003,0.354999989,0.0,0.003177483992961546,0.0,0.0,2022-01-10 18:00:00
6.81099987,67.25575256,0.0,939.0462646,0.0,9.387651443,6.710999966,7.910999775,0.342000008,0.356999993,0.0,0.0025325119107340774,0.0,0.0,2023-01-26 06:00:00
37.06099701,15.32622242,0.0,933.9361572,0.0,7.421589851,38.81099701,26.81100082,0.112999998,0.155000001,0.0,0.0026201859582215548,0.0,0.0,2023-07-21 21:00:00
29.793499,9.515597,0.0,951.1527,2.1000001,17.917007,31.2435,34.3435,0.111,0.138,1.0,0.995361864566803,1.0,30.47261873,2020-08-19 10:00:00
17.41100121,41.12467575,0.0,929.6177979,0.0,9.931041718,17.51099968,22.11100006,0.136999995,0.164000005,0.0,0.002541606198064983,0.0,0.0,2022-10-11 12:00:00
25.56100082,35.80989075,0.0,929.2171021,1.799999952,6.849466801,23.11100006,24.26099968,0.135000005,0.171000004,0.0,0.002568007019969324,0.0,0.0,2020-06-27 15:00:00
3.31099987,81.58579254,0.0,933.2423706,0.300000012,3.259938478,2.510999918,5.910999775,0.316000015,0.328999996,0.0,0.002550226985476911,0.0,0.0,2020-02-06 15:00:00
30.2825,24.101,0.0,953.17,0.0,14.799459,30.1325,22.7325,0.134,0.158,1.0,0.9953599969546,1.0,35.58415627,2020-08-30 21:00:00
12.81100082,90.29865265,0.0,928.2471313,90.0,4.610249519,16.61100006,21.11100006,0.133000001,0.153999999,0.0,0.0025770763168111444,0.0,0.0,2020-08-06 15:00:00
16.589,44.329933,0.0,1004.09283,33.0,8.0899935,12.439,10.639,0.234,0.347,1.0,0.9953351219495138,1.0,25.0,2020-02-21 19:00:00
24.4335,32.478394,0.0,904.7526,25.500002,1.609969,21.2335,26.5835,0.127,0.152,1.0,0.995346208413442,1.0,34.13939677,2020-08-22 10:00:00
11.56100082,38.26983643,0.0,939.9803467,0.0,3.075841427,9.411000252,9.211000443,0.217999995,0.261000007,0.0,0.0025555320316925645,0.0,0.0,2022-02-17 18:00:00
5.611000061,84.24571228,0.0,931.2840576,13.80000019,5.991593838,6.56099987,9.011000633,0.301999986,0.326000005,0.0,0.0025331859554474554,0.0,0.0,2021-02-10 15:00:00
21.31100082,23.5632782,0.0,929.2027588,0.0,6.409617424,24.21100044,27.36100006,0.133000001,0.151999995,0.0,0.0028123178829749427,0.0,0.0,2022-07-18 12:00:00
16.71100044,29.18428993,0.0,928.1417236,30.89999962,6.034699917,16.61100006,22.86100006,0.133000001,0.150999993,0.0,0.0025785829639062285,0.0,0.0,2020-10-08 12:00:00
4.160999775,66.92160034,0.0,932.2203369,10.20000076,6.409617424,6.261000156,8.161000252,0.25999999,0.254999995,0.0,0.0025295980352287493,0.0,0.0,2021-12-12 03:00:00
39.145,17.515654,0.0,937.4095,25.500002,5.771239,42.395,32.295,0.125,0.148,1.0,0.9953550100326538,1.0,29.76222251,2020-08-18 21:00:00
8.711000443,57.20987701,0.0,935.491333,0.0,6.569382668,11.31100082,15.01100063,0.136000007,0.155000001,0.0,0.002567979972809553,0.0,0.0,2022-10-29 06:00:00
22.86100006,47.64114761,0.0,930.9000854,0.0,3.545588732,21.01099968,24.61100006,0.133000001,0.153999999,0.0,0.0031839883886277676,0.0,0.0,2020-08-09 09:00:00
4.910999775,95.22665405,0.0,926.5061646,26.10000038,1.938659191,7.56099987,11.36100006,0.36500001,0.180999994,0.0,0.0025722014640147486,0.0,0.0,2022-11-07 15:00:00
25.835999,18.168732,0.0,933.2218,0.0,14.512064,28.935999,32.885998,0.125,0.148,1.0,0.9953420956929525,1.0,31.32904645,2020-08-20 09:00:00
8.661000252,85.7697525,0.0,937.2149658,54.60000229,3.21993804,9.361000061,11.81100082,0.180000007,0.229000002,0.0,0.002589868730865419,0.0,0.0,2022-03-15 09:00:00
17.748499,52.301453,0.0,996.1821,0.0,6.4096174,19.0485,23.9485,0.174,0.278,1.0,0.9953585267066956,1.0,36.01487827,2020-10-05 10:00:00
18.3485,80.05862,0.0,991.90436,0.0,4.0249224,23.248499,26.898499,0.174,0.269,1.0,0.9953613877296448,1.0,36.64058293,2021-08-16 10:00:00
18.7485,82.45779,0.0,964.36884,9.0,3.8939953,21.0485,24.7985,0.114,0.151,1.0,0.9953603943188986,1.0,34.81748912,2020-08-24 10:00:00
32.46099854,12.40888119,0.0,934.5592041,0.0,5.091168404,30.81100082,22.81100082,0.133000001,0.150999993,0.0,0.0025330775727828345,0.0,0.0,2020-10-17 21:00:00
18.36100006,38.33283615,0.0,927.0326538,0.0,8.161764145,20.21100044,27.56100082,0.133000001,0.152999997,0.0,0.2332663981554409,0.0,0.0,2020-08-21 12:00:00
15.952001,50.58342,0.0,1005.38074,0.0,10.829959,12.102,8.552,0.332,0.377,1.0,0.9953244129816691,1.0,36.69463281,2022-01-24 21:00:00
18.71100044,50.80737686,0.0,932.1746216,3.900000095,3.599999905,16.36100006,20.71100044,0.174999997,0.173999995,0.0,0.002546896537144979,0.0,0.0,2022-09-28 15:00:00
29.637499,11.978936,0.0,958.20013,0.0,11.966953,30.637499,33.1375,0.127,0.15,1.0,0.9953620632489523,1.0,29.94476751,2020-08-19 10:00:00
31.91100121,28.40868568,0.0,931.5665283,0.0,9.255571365,34.46099854,27.01099968,0.133000001,0.152999997,0.0,0.7227003276348114,1.0,0.0,2020-08-21 21:00:00
6.861000061,47.68297577,0.0,934.9465942,28.80000114,6.489992142,5.111000061,9.411000252,0.236000001,0.254999995,0.0,0.0025285119578863182,0.0,0.0,2022-11-26 12:00:00
15.563499,81.525505,0.0,999.1779,0.0,2.2768397,17.6635,21.5635,0.257,0.285,1.0,0.9953579703966776,1.0,38.83346379,2023-09-09 10:00:00
34.748,19.60141,0.0,958.87415,0.0,4.3349743,36.148,29.397999,0.127,0.15,1.0,0.995361864566803,1.0,33.42876043,2020-08-21 20:00:00
35.347,23.185888,0.0,932.5033,28.800001,11.252519,34.097,26.647,0.137,0.155,1.0,0.9878777861595154,1.0,27.5,2020-08-16 20:00:00
23.6835,49.30147,0.0,970.34686,1.5,14.039999,26.783499,31.1335,0.084,0.13,1.0,0.9953616658846537,1.0,34.40218742,2020-08-23 10:00:00
19.46100044,25.9375248,0.0,934.0304565,3.600000143,13.75557899,24.61100006,24.11100006,0.133000001,0.150999993,0.0,0.002549663845760127,0.0,0.0,2020-09-23 03:00:00
11.71100044,45.81892395,0.0,934.7124023,100.0,0.80498451,13.01100063,8.061000824,0.331,0.344000012,0.0,0.002752838966747125,0.0,0.0,2023-04-06 00:00:00
28.6555,15.366038,0.0,985.9293,0.6,10.966713,31.3055,35.005497,0.104,0.144,1.0,0.9953619837760925,1.0,30.44406677,2020-08-19 10:00:00
26.752,12.076142,0.0,926.96344,0.3,9.904906,24.852001,27.602001,0.138,0.155,1.0,0.9950964252154032,1.0,29.90860293,2020-08-19 10:00:00
20.06100082,19.80450058,0.0,934.284729,3.0,6.489992142,19.96100044,16.31100082,0.134000003,0.156000003,0.0,0.0025397231802344322,0.0,0.0,2021-06-11 18:00:00
24.11100006,17.81594276,0.0,932.2404175,0.0,5.241678715,19.01099968,23.71100044,0.133000001,0.150999993,0.0,0.002534912278254827,0.0,0.0,2021-08-06 15:00:00
34.412502,8.437085,0.0,932.6613,0.0,3.8773184,36.9625,30.462502,0.132,0.15,1.0,0.9951594074567159,1.0,31.99919979,2020-08-20 20:00:00
18.86100006,54.39577103,0.0,928.1773682,0.0,5.81597805,24.36100006,26.96100044,0.133000001,0.151999995,0.0,0.002596122561953962,0.0,0.0,2022-07-25 06:00:00
41.394,16.16771,0.0,965.9546,27.300001,7.42159,43.794003,33.694,0.116,0.146,1.0,0.9953621029853821,1.0,29.61782684,2020-08-18 21:00:00
14.26100063,55.65037155,0.0,925.2636719,0.0,5.804825306,20.06100082,23.56100082,0.133000001,0.150000006,0.0,0.0025379181218643985,0.0,0.0,2021-08-23 06:00:00
5.06099987,85.08190155,0.0,927.7387695,82.79999542,19.38659286,11.91100025,16.16100121,0.156000003,0.194000006,0.0,0.0025220277796809873,0.0,0.0,2022-04-11 06:00:00
2.861000061,97.89464569,0.400000006,919.59021,100.0,10.18869972,3.411000013,5.210999966,0.414999992,0.407999992,0.0,0.002540201647207141,0.0,0.0,2021-12-29 12:00:00
20.46100044,57.9741745,0.0,929.4346924,0.0,10.18233681,28.66100121,26.96100044,0.133000001,0.151999995,0.0,0.0025656940027450523,0.0,0.0,2021-07-01 03:00:00
10.21100044,84.7697525,0.0,933.3651123,0.0,5.091168404,13.36100006,15.16100025,0.324000001,0.314999998,0.0,0.0025635419491057596,0.0,0.0,2021-11-05 03:00:00
20.66100121,38.72723389,0.0,929.9473267,0.0,6.763785839,24.91100121,20.66100121,0.134000003,0.169,0.0,0.002569876223181685,0.0,0.0,2021-05-05 03:00:00
11.66100025,73.39402771,0.0,926.4561157,0.0,5.588702679,16.21100044,21.56100082,0.135000005,0.150000006,0.0,0.003479582335179051,0.0,0.0,2022-09-17 09:00:00
14.51100063,33.35346985,0.0,935.2318726,30.00000191,1.080000043,7.361000061,11.46100044,0.218999997,0.259000003,0.0,0.002557169374388953,0.0,0.0,2022-02-14 12:00:00
4.660999775,76.93309021,0.0,934.0154419,28.80000114,6.618518829,4.81099987,7.710999966,0.358999997,0.36500001,0.0,0.002529373082021872,0.0,0.0,2020-01-03 15:00:00
11.51100063,49.71477127,0.0,928.5197144,29.10000038,9.826087952,16.66100121,15.36100006,0.194999993,0.245000005,0.0,0.0025228679490586123,0.0,0.0,2023-04-25 03:00:00
19.81100082,36.52331543,0.0,929.2600708,16.20000076,11.09010315,26.36100006,26.86100006,0.136999995,0.150000006,0.0,0.2906802110373974,0.0,0.0,2022-09-13 03:00:00
8.211000443,95.67423248,1.700000048,920.434021,100.0,7.968938828,11.41100025,14.51100063,0.189999998,0.196999997,0.0,0.002535633936834832,0.0,0.0,2022-03-28 06:00:00
29.1775,27.667318,0.0,894.5758,0.0,8.427383,30.727499,24.3775,0.133,0.153,1.0,0.9953287243843079,1.0,33.75594122,2020-08-21 20:00:00
21.6355,45.44028,0.0,928.27893,8.1,5.1165614,21.0355,24.835499,0.137,0.154,1.0,0.9948839147885641,1.0,34.31607379,2020-08-23 10:00:00
25.06100082,30.18013,0.0,932.3969116,0.0,0.509116888,21.21100044,23.71100044,0.112999998,0.158000007,0.0,0.0025459281944980225,0.0,0.0,2023-07-14 15:00:00
22.26099968,29.60180664,0.0,935.1506348,28.80000114,10.70356941,25.31100082,19.11100006,0.112999998,0.147,0.0,0.0025231908463562527,0.0,0.0,2023-09-25 21:00:00
19.669,42.350895,0.0,909.442,8.099999,5.3999996,22.319,27.919,0.127,0.152,1.0,0.9953611890474955,1.0,32.85152668,2020-08-21 09:00:00
13.31100082,94.28277588,0.0,925.9144287,90.0,6.92473793,16.16100121,19.76099968,0.112000003,0.144999996,0.0,0.002542960341088474,0.0,0.0,2023-10-10 15:00:00
7.160999775,78.43553925,0.0,939.607666,100.0,3.599999905,7.111000061,8.311000824,0.30399999,0.312999994,0.0,0.0025460938146958747,0.0,0.0,2021-02-19 15:00:00
13.91100025,38.68289566,0.0,942.7601929,4.800000191,9.793059349,12.56100082,7.761000156,0.259000003,0.289000005,0.0,0.0026274850436796746,0.0,0.0,2022-02-04 22:00:00
30.94,10.515074,0.0,962.0098,0.6,14.386494,32.09,34.79,0.116,0.146,1.0,0.9953620235125223,1.0,30.01696535,2020-08-19 10:00:00
5.960999966,44.81346512,0.0,934.4962158,3.900000095,7.952659607,7.111000061,10.81100082,0.268999994,0.178000003,0.0,0.0025237739318981767,0.0,0.0,2023-11-20 12:00:00
0.111000001,96.78635406,0.0,930.1621094,37.79999924,6.924738407,4.011000156,4.910999775,0.404000014,0.412,0.0,0.002532535387823979,0.0,0.0,2023-03-03 12:00:00
29.46100044,18.85079575,0.0,932.1481323,27.00000191,20.26579475,30.56100082,23.36100006,0.133000001,0.157000005,0.0,0.002731730657008787,0.0,0.0,2021-06-04 21:00:00
22.906,21.218355,0.0,920.6619,0.9,10.009036,26.556,30.506,0.137,0.151,1.0,0.995361347993215,1.0,31.21717226,2020-08-20 09:00:00
2.611000061,87.29090881,0.0,932.8467407,11.10000038,9.693296432,5.111000061,9.661000252,0.263999999,0.160999998,0.0,0.0025318190067385635,0.0,0.0,2022-11-03 15:00:00
34.097,15.80618,0.0,944.20966,0.0,4.8433046,35.797,29.347,0.132,0.15,1.0,0.9953610698382059,1.0,33.48763152,2020-08-21 20:00:00
29.01099968,22.02463341,0.0,932.0339355,0.0,6.409617424,26.76099968,23.91100121,0.133000001,0.150000006,0.0,0.002525248215533793,0.0,0.0,2021-09-13 18:00:00
7.410999775,63.17153549,0.0,930.8109741,2.699999809,9.227523804,10.06100082,14.81100082,0.133000001,0.162,0.0,0.0025255036307498813,0.0,0.0,2021-05-20 15:00:00
13.26100063,92.74390411,0.0,929.9315186,73.5,7.568566322,16.41100121,19.11100006,0.135000005,0.172000006,0.0,0.0025369950647776327,0.0,0.0,2022-06-06 12:00:00
16.56100082,21.45486832,0.0,935.8956299,0.0,5.399999619,14.86100006,11.21100044,0.263000011,0.277999997,0.0,0.0026863181265071034,0.0,0.0,2021-11-24 21:00:00
8.111000061,82.50648499,0.0,937.4194336,8.399999619,8.311244965,7.861000061,8.761000633,0.254999995,0.194000006,0.0,0.002587397349998355,0.0,0.0,2023-12-07 18:00:00
20.41100121,57.20214081,0.0,930.798584,3.0,5.351784706,23.76099968,25.06100082,0.133000001,0.153999999,0.0,0.09974986376861732,0.0,0.0,2020-08-09 06:00:00
19.484499,31.291994,0.0,928.39734,0.9,5.3517847,23.734499,28.0345,0.135,0.151,1.0,0.995156466960907,1.0,31.26934618,2020-08-20 09:00:00
32.5895,21.00437,0.0,928.05414,0.0,6.28713,34.239502,27.2895,0.137,0.15,1.0,0.9942960937817892,1.0,33.69211759,2020-08-21 20:00:00
33.967,5.414064,0.0,923.4753,0.0,3.319036,36.867,30.067001,0.123,0.149,1.0,0.9953287045160929,1.0,32.6011248,2020-08-20 20:00:00
5.910999775,87.29819489,0.0,929.5452881,6.299999714,15.22676373,7.761000156,8.811000824,0.319999993,0.326999992,0.0,0.002529300400055945,0.0,0.0,2021-03-23 12:00:00
14.46100044,37.46524048,0.0,937.0505981,0.0,3.976329803,13.71100044,8.611000061,0.275999993,0.301999986,0.0,0.0030804681591689587,0.0,0.0,2022-01-28 00:00:00
11.91100025,59.05230713,0.0,934.5864258,18.0,13.89618683,11.61100006,7.56099987,0.351000011,0.363999993,0.0,0.0027928660856559873,0.0,0.0,2023-02-10 21:00:00
4.611000061,97.9240036,0.0,930.2543335,85.5,15.18841648,7.210999966,9.061000824,0.312000006,0.324000001,0.0,0.0025296025754263005,0.0,0.0,2021-03-23 09:00:00
9.961000443,94.4523468,0.400000006,925.4216309,100.0,8.049844742,9.311000824,7.011000156,0.426999986,0.435000002,0.0,0.0025266011555989585,0.0,0.0,2023-03-10 21:00:00
19.91100121,46.8323822,0.0,926.53302,0.0,3.70642662,23.71100044,22.86100006,0.157000005,0.171000004,0.0,0.002542323238837222,0.0,0.0,2022-10-01 03:00:00
31.190498,25.776527,0.0,966.98145,6.0,12.594856,32.2405,34.9405,0.111,0.138,1.0,0.9953617056210836,1.0,28.2907984,2020-08-18 10:00:00
17.91100121,42.43635559,0.0,932.0480347,0.0,10.9489727,22.66100121,25.21100044,0.133000001,0.150999993,0.0,0.0025325841658438244,0.0,0.0,2022-08-13 06:00:00
34.9775,22.186802,0.0,931.68115,21.300001,18.864824,38.0275,31.0275,0.132,0.149,1.0,0.9953394532203674,1.0,27.96359652,2020-08-17 21:00:00
10.56100082,43.05789566,0.0,929.255249,29.40000153,4.82990694,12.46100044,12.56100082,0.165999994,0.182999998,0.0,0.0025270869179318347,0.0,0.0,2020-12-10 03:00:00
31.06100082,25.56923676,0.0,936.2348633,52.79999924,11.96695423,33.01099777,26.31100082,0.133000001,0.150999993,0.0,0.046831788339962564,0.0,0.0,2021-07-19 21:00:00
22.813,29.446009,0.0,947.54755,0.0,6.638072,26.463,32.113,0.132,0.15,1.0,0.9953620632489523,1.0,32.97498299,2020-08-21 09:00:00
8.511000633,81.98742676,0.0,923.0823975,43.80000305,5.759999752,12.31100082,15.61100006,0.167999998,0.199000001,0.0,0.0025320694160958133,0.0,0.0,2022-03-27 09:00:00
35.5925,14.594146,0.0,927.1862,0.0,16.78156,38.0925,30.4925,0.137,0.15,1.0,0.9951560695966085,1.0,30.67376941,2020-08-19 21:00:00
30.651,25.633017,0.0,958.0061,6.0,12.594856,31.701,34.401,0.111,0.138,1.0,0.9953616658846537,1.0,28.57057718,2020-08-18 10:00:00
5.111000061,70.88557434,0.0,927.0224609,11.39999962,6.849466801,5.910999775,8.611000061,0.26699999,0.298999995,0.0,0.0025321477248022952,0.0,0.0,2023-04-14 15:00:00
31.06100082,16.13577271,0.0,934.3931274,0.0,14.41798782,32.6609993,23.96100044,0.134000003,0.164000005,0.0,0.004140210493157308,0.0,0.0,2020-07-05 21:00:00
7.761000156,52.56898499,0.0,932.5599365,0.0,17.72794342,7.410999775,10.36100006,0.175999999,0.185000002,0.0,0.0025202393298968673,0.0,0.0,2020-12-07 12:00:00
19.31100082,65.18706512,0.0,935.458252,0.0,7.70433569,18.36100006,14.01100063,0.328999996,0.326999992,0.0,0.0025552637331808605,0.0,0.0,2021-11-03 21:00:00
26.057001,10.683274,0.0,900.4224,0.3,14.88242,26.807001,29.307001,0.127,0.152,1.0,0.9953611493110657,1.0,30.23578373,2020-08-19 10:00:00
34.5205,19.546335,0.0,955.15643,0.0,4.3349743,35.920498,29.1705,0.127,0.15,1.0,0.995361864566803,1.0,33.42806257,2020-08-21 20:00:00
25.472,18.08037,0.0,927.26575,0.0,14.512064,28.572,32.522,0.125,0.148,1.0,0.9953482747077942,1.0,31.73998467,2020-08-20 09:00:00
14.36100006,92.50138092,0.0,930.0571899,0.0,7.235910416,19.26099968,24.01099968,0.112999998,0.151999995,0.0,0.0025468150852248073,0.0,0.0,2023-08-11 09:00:00
18.86100006,57.58159637,0.0,931.3894043,12.0,10.73983192,24.56100082,24.11100006,0.133000001,0.150999993,0.0,0.0025306878766665855,0.0,0.0,2020-09-18 03:00:00
28.769001,48.139313,0.0,966.67847,0.0,9.83268,30.969,25.469,0.241,0.276,1.0,0.9953594009081522,1.0,35.11031371,2020-08-25 21:00:00
4.011000156,73.5552063,0.100000001,925.3237305,100.0,4.452953815,4.511000156,5.011000156,0.404000014,0.319000006,0.0,0.002531975546541313,0.0,0.0,2023-02-26 00:00:00
20.01099968,39.89796829,0.0,929.7730103,20.40000153,10.14408207,22.96100044,26.41100121,0.133000001,0.150999993,0.0,0.004656091254825394,0.0,0.0,2022-07-28 09:00:00
14.6785,54.047607,0.0,1006.4009,29.100002,1.4399999,9.328501,8.5785,0.439,0.441,1.0,0.995321790377299,1.0,41.87698681,2023-12-25 19:00:00
22.61100006,24.52205276,0.0,929.2722168,0.0,3.319036007,14.66100025,19.61100006,0.165000007,0.229000002,0.0,0.002553632715716958,0.0,0.0,2020-05-09 12:00:00
14.96100044,56.99596786,0.0,937.9248047,0.0,2.18979454,15.96100044,10.06100082,0.194999993,0.187999994,0.0,0.0031771763072659573,0.0,0.0,2020-12-01 00:00:00
13.91100025,36.76378632,0.0,937.9949951,28.80000114,11.01388168,13.66100025,12.71100044,0.234999999,0.243000001,0.0,0.002569412114098668,0.0,0.0,2021-01-16 03:00:00
6.31099987,92.34896088,0.100000001,928.932312,70.80000305,2.968636036,6.761000156,8.961000443,0.405999988,0.388999999,0.0,0.0025459389047076306,0.0,0.0,2020-03-23 09:00:00
10.26100063,37.60079956,0.0,934.2034302,0.0,2.968636036,11.31100082,15.26100063,0.111000001,0.129999995,0.0,0.002522561466321349,0.0,0.0,2023-10-31 06:00:00
31.5235,21.908806,0.0,913.43976,0.0,7.628263,33.1735,26.073502,0.127,0.152,1.0,0.9953515330950419,1.0,33.67026279,2020-08-21 20:00:00
6.210999966,80.25413513,0.0,928.354248,0.0,9.255571365,11.11100006,10.76100063,0.296999991,0.324999988,0.0,0.0025248628420134387,0.0,0.0,2020-04-04 03:00:00
17.618,39.07056,0.0,892.99994,2.6999998,9.290511,21.368,26.518,0.133,0.153,1.0,0.9951574007670084,1.0,33.16069085,2020-08-21 09:00:00
18.91100121,44.22021103,0.0,928.6498413,0.0,1.138419867,18.21100044,23.96100044,0.133000001,0.150999993,0.0,0.0025357843454306326,0.0,0.0,2021-07-17 12:00:00
22.5095,21.115562,0.0,914.1999,0.9,10.009036,26.1595,30.1095,0.137,0.151,1.0,0.9953616261482239,1.0,31.23789401,2020-08-20 09:00:00
4.410999775,53.81946564,0.0,930.2855225,0.0,4.80299902,7.111000061,11.21100044,0.250999987,0.187000006,0.0,0.002525466300236682,0.0,0.0,2020-11-22 09:00:00
18.01099968,64.47698975,0.0,927.2128296,30.60000229,8.496304512,24.06100082,20.71100044,0.143000007,0.172000006,0.0,0.002527443148816625,0.0,0.0,2023-06-15 03:00:00
11.66100025,58.57722473,0.0,928.1044312,0.0,3.976329803,11.26100063,15.61100006,0.192000002,0.244000003,0.0,0.0025266707331563034,0.0,0.0,2023-04-27 12:00:00
8.911000252,31.08967209,0.0,929.5109863,0.0,14.6851759,10.66100025,11.76100063,0.192000002,0.224000007,0.0,0.0025275835068896413,0.0,0.0,2021-01-20 03:00:00
12.61100006,81.68391418,0.0,926.9998169,24.90000153,7.517020702,18.81100082,20.36100006,0.112999998,0.148000002,0.0,0.0025374527322128415,0.0,0.0,2023-10-22 03:00:00
25.688,14.593882,0.0,935.17444,0.6,10.931203,25.987999,28.388,0.138,0.151,1.0,0.9952521721522013,1.0,30.08179069,2020-08-19 10:00:00
19.56100082,34.70225143,0.0,936.3522949,5.100000381,3.096837044,18.76099968,12.31100082,0.140000001,0.158000007,0.0,0.0025732909174015126,0.0,0.0,2023-11-11 21:00:00
16.11100006,35.0668869,0.0,933.6616821,0.0,3.075841427,15.01100063,10.51100063,0.228,0.188999996,0.0,0.0025704183305303254,0.0,0.0,2020-11-24 21:00:00
29.71100044,36.13975525,0.0,931.3828735,40.20000076,1.297998428,33.56099701,29.56100082,0.109999999,0.150000006,0.0,0.0031133571173995733,0.0,0.0,2023-08-17 03:00:00
33.3125,22.974026,0.0,948.44257,0.0,7.42159,32.3125,26.3125,0.136,0.157,1.0,0.9953542947769165,1.0,33.52165749,2020-08-21 20:00:00
36.1135,20.201458,0.0,923.9703,22.2,17.673029,39.163498,31.2635,0.123,0.149,1.0,0.9953442811965942,1.0,27.5,2020-08-17 21:00:00
16.26099968,48.43747711,0.0,928.1094971,24.30000114,5.191993713,16.51099968,19.21100044,0.133000001,0.150000006,0.0,0.0025567490374669433,0.0,0.0,2020-11-06 06:00:00
8.461000443,61.849823,0.0,932.2160645,8.100000381,2.545584202,8.861000061,12.76100063,0.182999998,0.231000006,0.0,0.002551552839577198,0.0,0.0,2021-04-07 12:00:00
17.61100006,27.97583771,0.0,930.4064941,7.500000477,16.80856895,21.21100044,15.71100044,0.196999997,0.200000003,0.0,0.0025210423239817223,0.0,0.0,2022-04-04 00:00:00
8.911000252,88.18251801,0.0,931.2493896,76.80000305,6.830519199,14.66100025,17.71100044,0.143000007,0.157000005,0.0,0.00253016393010815,0.0,0.0,2023-06-25 12:00:00
10.96100044,59.86284256,0.0,927.8133545,0.0,7.072877884,14.16100025,16.66100121,0.25,0.239999995,0.0,0.002523720768901209,0.0,0.0,2020-05-23 06:00:00
13.71100044,69.40468597,0.0,931.8909302,77.09999847,16.17197609,15.06100082,13.66100025,0.187000006,0.228,0.0,0.002522163325920701,0.0,0.0,2022-05-02 18:00:00
10.348001,74.431786,0.0,1006.0116,0.0,2.16,5.748,9.748,0.334,0.376,1.0,0.9953441818555196,1.0,36.69334591,2022-01-24 10:00:00
22.5255,20.06444,0.0,909.87964,0.9,5.3517847,23.9755,28.2755,0.137,0.152,1.0,0.9953575730323792,1.0,31.5247006,2020-08-20 09:00:00
13.66100025,50.84402466,0.0,936.0,0.0,3.096837044,14.86100006,9.611000061,0.203999996,0.188999996,0.0,0.002700268174521625,0.0,0.0,2020-11-29 00:00:00
30.86100006,16.2630291,0.0,934.4349365,6.600000381,13.905509,35.6609993,27.11100006,0.112999998,0.152999997,0.0,0.002560880073967079,0.0,0.0,2023-07-31 00:00:00
10.26100063,65.42184448,0.0,921.7547607,0.0,8.209262848,11.46100044,12.66100025,0.266000003,0.231000006,0.0,0.0025354128253335753,0.0,0.0,2020-03-13 06:00:00
32.6875,22.279957,0.0,964.8427,41.100002,19.969458,34.1375,27.9375,0.136,0.157,1.0,0.9953593810399374,1.0,34.63121474,2020-08-23 21:00:00
26.095999,18.23188,0.0,937.4946,0.0,14.512064,29.196,33.146,0.125,0.148,1.0,0.9953600764274597,1.0,31.25451494,2020-08-20 09:00:00
26.927,20.231762,0.0,970.611,0.0,8.473393,31.427,35.177,0.116,0.146,1.0,0.9953618248303732,1.0,30.82939827,2020-08-20 09:00:00
2.460999966,99.29151154,5.400000095,921.8439941,100.0,7.594208241,3.861000061,5.261000156,0.43900001,0.388000011,0.0,0.0025252099925031266,0.0,0.0,2021-01-28 03:00:00
28.06100082,24.43152809,0.0,933.3561401,0.0,13.6847353,28.71100044,22.01099968,0.136999995,0.164000005,0.0,0.004306842184936007,0.0,0.0,2022-10-11 21:00:00
21.008,20.726448,0.0,890.0607,0.9,10.009036,24.657999,28.608,0.137,0.151,1.0,0.9953616261482239,1.0,30.82073888,2020-08-20 09:00:00
21.7955,65.29558,0.0,947.04913,12.0,2.16,22.3955,25.9455,0.137,0.153,1.0,0.9953614274660746,1.0,34.81338445,2020-08-24 10:00:00
29.905,9.791958,0.0,938.4456,0.0,16.363178,30.605,32.805,0.132,0.15,1.0,0.9953539570172628,1.0,30.11525014,2020-08-19 10:00:00
16.51099968,29.34148407,0.0,929.7374268,0.0,21.28875732,21.06100082,16.86100006,0.133000001,0.162,0.0,0.0025220419823502502,0.0,0.0,2021-05-19 21:00:00
24.31100082,39.10422516,0.0,932.1087646,0.899999976,10.48335743,26.41100121,20.61100006,0.135000005,0.150000006,0.0,0.00253274020118018,0.0,0.0,2022-09-16 21:00:00
27.81100082,15.23232079,0.0,935.315979,0.0,7.628262997,31.71100044,21.91100121,0.133000001,0.155000001,0.0,0.0025387767624730864,0.0,0.0,2021-06-16 00:00:00
16.56100082,53.06663895,0.0,930.3930664,6.900000572,11.26978207,17.61100006,15.06100082,0.142000005,0.191,0.0,0.0025306204333901405,0.0,0.0,2023-05-30 18:00:00
10.91100025,66.25523376,0.0,930.8204346,33.29999924,11.92898941,14.46100044,17.71100044,0.155000001,0.195999995,0.0,0.00252539881815513,0.0,0.0,2022-05-16 12:00:00
32.11100006,18.83279037,0.0,936.3140259,0.600000024,11.21213531,30.01099968,26.86100006,0.133000001,0.150999993,0.0,0.024890903228272993,0.0,0.0,2021-08-13 18:00:00
12.41100025,66.80886078,0.0,929.4165039,19.79999924,9.885261536,14.06100082,17.36100006,0.136999995,0.173999995,0.0,0.002535709567988912,0.0,0.0,2022-05-29 15:00:00
13.61100006,54.71358109,0.0,934.8864746,9.300000191,9.957108498,12.21100044,13.21100044,0.213,0.215000004,0.0,0.0025367336735750237,0.0,0.0,2022-03-22 12:00:00
6.011000156,99.31150055,0.0,933.4141235,90.0,10.48335743,9.361000061,11.26100063,0.213,0.252000004,0.0,0.0025312626967206597,0.0,0.0,2020-02-23 06:00:00
10.56100082,90.13406372,0.0,929.1636963,61.79999542,8.654986382,16.26099968,21.31100082,0.136000007,0.175999999,0.0,0.002533398102968931,0.0,0.0,2022-05-27 09:00:00
30.1135,24.056667,0.0,950.38324,0.0,14.799459,29.963501,22.563501,0.134,0.158,1.0,0.9953599969546,1.0,35.5713323,2020-08-30 21:00:00
21.6215,19.834196,0.0,890.08466,0.0,14.291592,24.421501,27.9715,0.133,0.153,1.0,0.9953375657399496,1.0,30.8146533,2020-08-20 09:00:00
22.91100121,34.57852173,0.0,930.2703247,0.0,13.78381729,28.61100006,22.56100082,0.134000003,0.165000007,0.0,0.0026390925825883946,0.0,0.0,2020-07-03 00:00:00
23.664001,49.296246,0.0,970.0119,1.5,14.039999,26.764,31.114,0.084,0.13,1.0,0.9953616658846537,1.0,34.48044831,2020-08-23 10:00:00
5.660999775,99.65425873,0.0,939.9822388,100.0,7.65370512,7.361000061,9.261000633,0.34799999,0.352999985,0.0,0.0025526703102514148,0.0,0.0,2020-01-28 09:00:00
13.896501,36.49236,0.0,1002.2344,10.200001,9.585739,10.396501,7.8964996,0.4,0.442,1.0,0.9952884117762247,1.0,37.44103592,2023-03-27 19:00:00
22.21100044,37.2126236,0.0,928.2479858,28.80000114,8.209262848,21.81100082,13.71100044,0.158999994,0.213,0.0,0.0025221355026587844,0.0,0.0,2021-04-11 21:00:00
11.9285,52.56626,0.0,1005.8435,11.400001,17.174677,11.4785,11.9785,0.309,0.269,1.0,0.9953442811965942,1.0,37.09614621,2022-11-03 19:00:00
20.772001,74.01457,0.0,941.3694,0.9,5.991594,23.372,26.622,0.137,0.154,1.0,0.9953593611717224,1.0,35.09288613,2020-08-25 09:00:00
14.61100006,61.79375839,0.0,929.3021851,86.3999939,16.34336662,17.36100006,16.61100006,0.165000007,0.223000005,0.0,0.0025227227015420794,0.0,0.0,2023-04-30 18:00:00
10.81100082,40.968853,0.0,939.7635498,10.80000019,1.938659191,6.81099987,7.210999966,0.308999985,0.228,0.0,0.002580950385890901,0.0,0.0,2020-12-15 18:00:00
29.2265,17.319273,0.0,929.3402,0.0,11.246759,29.1765,22.9265,0.134,0.153,1.0,0.9950615962346395,1.0,35.72958002,2020-08-31 20:00:00
7.31099987,73.37109375,0.0,929.0440063,100.0,19.483284,9.711000443,8.211000443,0.388999999,0.398999989,0.0,0.0025235158003245792,0.0,0.0,2023-01-08 00:00:00
24.86100006,30.12415314,0.0,934.4590454,0.0,17.31371689,25.71100044,18.61100006,0.162,0.210999995,0.0,0.002522938457938532,0.0,0.0,2023-05-19 21:00:00
7.910999775,77.72969055,0.0,939.9212646,30.00000191,3.319036007,7.611000061,8.811000824,0.256999999,0.254000008,0.0,0.0025832876563072205,0.0,0.0,2021-01-13 06:00:00
37.1515,20.251278,0.0,928.1925,34.800003,3.2399998,40.4515,31.2015,0.123,0.149,1.0,0.9953428705533346,1.0,27.5,2020-08-16 22:00:00
12.1635,52.257763,0.0,1000.53406,0.0,7.145796,9.0635,13.6635,0.27,0.284,1.0,0.9953494071960449,1.0,39.55284196,2023-11-01 10:00:00
35.3775,11.637061,0.0,965.56256,0.0,5.3999996,39.5775,32.2775,0.097,0.143,1.0,0.9953619837760925,1.0,31.97333043,2020-08-20 20:00:00
29.96100044,33.47369003,0.0,931.0778198,0.0,15.13713264,33.31099701,24.56100082,0.135000005,0.174999997,0.0,0.002658677597840627,0.0,0.0,2020-06-24 00:00:00
39.881,17.047947,0.0,951.07104,24.300001,12.224107,43.081,33.331,0.111,0.138,1.0,0.9953617850939432,1.0,29.84659151,2020-08-18 21:00:00
30.7045,9.935486,0.0,951.5306,0.0,16.363178,31.4045,33.6045,0.132,0.15,1.0,0.9953621029853821,1.0,30.01448534,2020-08-19 10:00:00
11.81100082,43.42325592,0.0,927.1400757,7.500000477,5.154415131,10.56100082,17.21100044,0.109999999,0.138999999,0.0,0.0025235446325192847,0.0,0.0,2023-10-13 15:00:00
9.011000633,72.40275574,0.0,931.4614258,2.699999809,11.96695423,12.96100044,17.26099968,0.130999997,0.163000003,0.0,0.0025434759445488453,0.0,0.0,2021-05-18 12:00:00
12.71100044,46.10535431,0.0,927.3945923,0.0,6.287129879,18.51099968,22.91100121,0.133000001,0.157000005,0.0,0.002536989632062614,0.0,0.0,2021-06-05 12:00:00
16.01099968,27.72555923,0.0,928.4074097,0.0,16.92382813,21.71100044,23.86100006,0.138999999,0.160999998,0.0,0.002520456134031216,0.0,0.0,2022-06-16 06:00:00
31.172,26.651632,0.0,947.43146,26.7,10.538843,30.872002,24.322,0.137,0.153,1.0,0.995359460512797,1.0,34.25277547,2020-08-22 20:00:00
24.394499,50.963554,0.0,924.63635,15.000001,4.5536795,25.9945,30.1945,0.123,0.148,1.0,0.9950916767120361,1.0,34.86060968,2020-08-24 10:00:00
10.11100006,50.5893898,0.0,934.892334,30.00000191,1.080000043,7.960999966,7.660999775,0.326000005,0.312000006,0.0,0.002573308728945752,0.0,0.0,2022-11-11 18:00:00
31.01099968,17.36927605,0.0,925.8167725,0.0,13.53236008,35.26099777,32.4109993,0.133000001,0.150000006,0.0,0.004096112757300337,0.0,0.0,2022-09-09 03:00:00
19.56100082,46.41843796,0.0,932.5889282,5.399999619,6.519876957,19.46100044,23.46100044,0.133000001,0.150999993,0.0,0.002566142512174944,0.0,0.0,2022-08-08 15:00:00
22.939,43.41818,0.0,943.97736,26.400002,3.096837,20.588999,25.488998,0.138,0.154,1.0,0.9953585863113403,1.0,34.08730912,2020-08-22 10:00:00
5.011000156,95.8992157,2.099999905,907.7107544,100.0,24.95451927,6.261000156,7.611000061,0.437999994,0.432000011,0.0,0.00392572209239006,0.0,0.0,2023-03-21 18:00:00
2.911000013,72.28200531,0.0,933.8512573,27.00000191,5.411986351,6.160999775,9.611000061,0.328000009,0.312000006,0.0,0.0025351525206739702,0.0,0.0,2022-11-11 06:00:00
15.46100044,24.45271301,0.0,939.5318604,0.0,4.024922371,8.111000061,7.861000061,0.197999999,0.187999994,0.0,0.002604359295219183,0.0,0.0,2020-11-30 18:00:00
11.66100025,33.88113022,0.0,933.96521,26.70000076,7.235910416,12.71100044,15.96100044,0.122000001,0.143999994,0.0,0.002522856928408146,0.0,0.0,2023-11-03 09:00:00
34.137,22.724636,0.0,916.28296,15.3,18.59845,37.336998,29.737,0.128,0.152,1.0,0.9953605135281881,1.0,27.5,2020-08-17 21:00:00
0.961000025,96.11149597,0.0,925.4048462,100.0,12.97998428,3.911000013,5.861000061,0.414000005,0.423999995,0.0,0.0025234298082068563,0.0,0.0,2021-12-28 03:00:00
13.21100044,77.49297333,0.0,934.2236328,100.0,11.96695328,14.01100063,11.81100082,0.237000003,0.166999996,0.0,0.0025328100115681687,0.0,0.0,2022-11-05 21:00:00
16.8385,85.20545,0.0,950.8363,10.799999,13.584932,21.2385,25.4885,0.135,0.154,1.0,0.9953605532646179,1.0,35.04097486,2020-08-25 09:00:00
37.084,19.053701,0.0,919.6815,26.400002,10.799999,40.084,30.834,0.123,0.149,1.0,0.9953609506289164,1.0,29.72980984,2020-08-18 21:00:00
-0.988999963,87.58250427,0.0,933.4684448,11.40000057,6.830519199,0.711000025,4.861000061,0.375999987,0.375,0.0,0.0025542099804927907,0.0,0.0,2022-12-14 12:00:00
7.011000156,62.39717865,0.0,938.0999756,0.0,4.452953815,5.511000156,8.161000252,0.238999993,0.252999991,0.0,0.0025617191179965935,0.0,0.0,2022-02-28 15:00:00
34.76099777,13.77044106,0.0,932.5469971,27.60000038,14.97357655,37.51099777,28.71100044,0.112000003,0.155000001,0.0,0.003364826009298364,0.0,0.0,2023-07-23 21:00:00
31.11100006,20.56405258,0.0,931.1826172,0.0,14.27798271,32.31099701,23.66100121,0.134000003,0.158000007,0.0,0.9767472743988037,1.0,0.0,2021-06-02 21:00:00
4.460999966,64.10195923,0.0,930.8488159,0.0,9.449571609,7.910999775,10.41100025,0.307000011,0.333000004,0.0,0.0025245221719766655,0.0,0.0,2020-04-03 06:00:00
1.260999918,95.4300766,0.0,924.5838623,26.10000038,4.452953815,3.06099987,7.31099987,0.257999986,0.217999995,0.0,0.002552072051912546,0.0,0.0,2021-01-23 09:00:00
35.564,8.56115,0.0,955.32715,0.0,3.8773184,37.864,31.114,0.127,0.15,1.0,0.9953620235125223,1.0,31.84402866,2020-08-20 20:00:00
26.01099968,14.23533344,0.0,933.1955566,27.30000114,5.804825306,21.51099968,16.76099968,0.172000006,0.233999997,0.0,0.002524565012815098,0.0,0.0,2020-05-07 18:00:00
34.26099777,10.89602089,0.0,930.6729736,10.20000076,7.968938828,30.21100044,24.26099968,0.133000001,0.151999995,0.0,0.002599165503246089,0.0,0.0,2021-07-08 18:00:00
19.41100121,42.569767,0.0,929.8864136,0.0,9.199390411,19.36100006,17.76099968,0.136000007,0.159999996,0.0,0.002544771103809277,0.0,0.0,2021-05-29 18:00:00
26.51099968,20.63607025,0.0,928.0827026,0.0,5.091168404,21.31100082,25.96100044,0.133000001,0.150999993,0.0,0.0025656260161971054,0.0,0.0,2022-08-20 15:00:00
29.2085,9.412625,0.0,941.5387,2.1000001,17.917007,30.6585,33.7585,0.111,0.138,1.0,0.9953581094741821,1.0,30.24514096,2020-08-19 10:00:00
13.86100006,83.49204254,0.0,935.2319336,73.5,6.151682854,12.81100082,10.01100063,0.368999988,0.338,0.0,0.002644507292037209,0.0,0.0,2023-12-29 00:00:00
29.41100121,19.30933952,0.0,934.4364624,0.0,10.89557648,33.71099854,25.86100006,0.133000001,0.155000001,0.0,0.002897068237264951,0.0,0.0,2020-08-02 00:00:00
4.710999966,79.18313599,0.0,924.8017578,0.0,8.714676857,5.910999775,9.111000061,0.294999987,0.31099999,0.0,0.002530207702269157,0.0,0.0,2021-03-26 09:00:00
31.71100044,15.8286972,0.0,935.0165405,0.0,11.96695423,34.71099854,26.01099968,0.112999998,0.156000003,0.0,0.0025847783545032144,0.0,0.0,2023-07-19 21:00:00
32.1475,26.030882,0.0,977.53595,30.300001,11.709688,33.7975,26.8475,0.241,0.276,1.0,0.9953615466753641,1.0,34.7588131,2020-08-23 21:00:00
22.421,44.750313,0.0,922.268,18.0,2.0364676,23.171,27.120998,0.133,0.153,1.0,0.9953269759813944,1.0,34.54695454,2020-08-23 10:00:00
27.4795,10.707408,0.0,927.3715,0.6,14.386494,29.2295,32.3295,0.123,0.149,1.0,0.9953437646230062,1.0,30.2983842,2020-08-19 10:00:00
7.460999966,94.02037811,0.0,929.7280273,63.0,12.68201828,9.461000443,10.86100006,0.338999987,0.352999985,0.0,0.002529543863298992,0.0,0.0,2020-04-01 09:00:00
18.61100006,22.83613205,0.0,933.0649414,0.0,2.18979454,15.96100044,10.01100063,0.326000005,0.331999987,0.0,0.002545176229129235,0.0,0.0,2021-02-07 00:00:00
7.011000156,51.59482574,0.100000001,931.7904663,100.0,9.0,9.661000252,7.710999966,0.219999999,0.238999993,0.0,0.002522735584837695,0.0,0.0,2022-03-05 21:00:00
12.11100006,62.9298172,0.0,933.4529419,72.30000305,9.449571609,9.561000824,8.861000061,0.300999999,0.319999993,0.0,0.0025298138692354164,0.0,0.0,2021-02-11 18:00:00
17.4255,87.76877,0.0,954.3034,4.5,5.904439,22.1755,26.275501,0.133,0.159,1.0,0.9953616658846537,1.0,35.06695302,2020-08-25 09:00:00
19.168,36.08302,0.0,901.4464,4.5,6.3690495,22.618,27.768,0.137,0.15,1.0,0.9953160285949707,1.0,32.91144454,2020-08-21 09:00:00
6.210999966,61.30560684,0.0,934.2964478,0.0,6.696386814,9.211000443,10.31100082,0.259000003,0.273999989,0.0,0.0025269866455346346,0.0,0.0,2022-11-20 03:00:00
10.06100082,85.33267975,0.0,936.43396,0.0,5.315336227,11.41100025,14.26100063,0.317000002,0.308999985,0.0,0.0025772918791820607,0.0,0.0,2021-11-12 09:00:00
8.561000824,55.94490433,0.0,928.12854,19.20000076,10.13769245,11.26100063,16.56100082,0.128999993,0.140000001,0.0,0.00252557386799405,0.0,0.0,2023-10-25 15:00:00
41.34,16.263706,0.0,966.2331,26.7,7.9036193,43.89,34.09,0.115,0.145,1.0,0.9953621029853821,1.0,29.40936483,2020-08-18 21:00:00
32.4865,21.485693,0.0,935.03735,27.6,13.397612,32.7365,26.536499,0.133,0.153,1.0,0.9944656292597452,1.0,34.21861433,2020-08-22 20:00:00
27.71100044,26.8972435,0.0,934.0024414,0.0,9.511088371,31.31100082,24.36100006,0.133000001,0.150999993,0.0,0.0025307803880423307,0.0,0.0,2020-09-17 00:00:00
2.260999918,55.50453949,0.0,937.7615967,0.0,5.154415607,4.410999775,8.311000824,0.284000009,0.289000005,0.0,0.0025366145807007947,0.0,0.0,2022-11-16 15:00:00
28.7595,15.389382,0.0,987.7164,0.6,10.966713,31.4095,35.109497,0.104,0.144,1.0,0.9953619837760925,1.0,30.35162743,2020-08-19 10:00:00
21.36100006,25.4383564,0.0,935.7366333,0.0,4.610249519,16.01099968,21.11100006,0.133000001,0.149000004,0.0,0.002562412526458502,0.0,0.0,2021-09-21 15:00:00
16.86100006,69.10314941,0.0,929.8336792,0.0,5.623379707,23.16100121,25.66100121,0.133000001,0.151999995,0.0,0.0026426651747897267,0.0,0.0,2021-07-04 06:00:00
27.659,20.927338,0.0,981.498,0.0,8.049845,31.509,35.408997,0.097,0.143,1.0,0.9953619043032328,1.0,30.85057775,2020-08-20 09:00:00
20.56100082,36.99546432,0.0,930.0125122,10.5,2.620839357,14.71100044,17.46100044,0.170000002,0.231999993,0.0,0.0025447761096681156,0.0,0.0,2020-05-08 15:00:00
9.211000443,87.9081192,0.0,932.5261841,2.099999905,15.46324444,13.76100063,13.81100082,0.356000006,0.245000005,0.0,0.002525889353516201,0.0,0.0,2020-05-20 03:00:00
19.21100044,46.32115173,0.0,933.2283936,21.0,13.03975391,22.26099968,15.91100025,0.165000007,0.214000002,0.0,0.0025236858054995537,0.0,0.0,2020-05-16 00:00:00
29.810501,17.394972,0.0,980.213,0.0,3.671294,31.1605,35.0105,0.104,0.137,1.0,0.9953619440396627,1.0,30.94079222,2020-08-20 09:00:00
19.06100082,58.79312134,0.0,930.7094116,33.30000305,5.804825306,22.86100006,27.76099968,0.134000003,0.150999993,0.0,0.579870066139847,1.0,0.0,2021-07-31 12:00:00
15.11100006,62.33319092,0.0,931.3666992,0.0,5.634891033,21.11100006,20.56100082,0.112999998,0.147,0.0,0.002525835259196659,0.0,0.0,2023-09-25 03:00:00
16.16100121,57.29773331,0.0,929.2741089,38.09999847,5.937272072,21.26099968,26.76099968,0.133000001,0.150999993,0.0,0.0037913703514883914,0.0,0.0,2022-08-05 12:00:00
26.557,19.995316,0.0,956.56445,0.0,13.698934,29.957,33.307,0.127,0.15,1.0,0.9953619043032328,1.0,30.8990223,2020-08-20 09:00:00
6.06099987,92.65633392,0.0,935.2572632,90.00000763,2.30512476,7.410999775,8.011000633,0.393000007,0.407999992,0.0,0.004365209257230163,0.0,0.0,2023-01-07 03:00:00
8.761000633,70.84714508,0.0,931.1143188,54.59999847,15.40867138,9.761000633,9.161000252,0.338999987,0.238000005,0.0,0.0025248180997247496,0.0,0.0,2020-12-17 21:00:00
-1.539000034,95.67842102,0.0,923.6303711,100.0,6.130578518,1.161000013,4.31099987,0.286000013,0.303000003,0.0,0.002525976082930962,0.0,0.0,2023-02-23 15:00:00
15.46100044,48.38423538,0.0,932.1974487,23.10000038,11.98859406,17.36100006,18.31100082,0.246999994,0.286000013,0.0,0.0025365503194431462,0.0,0.0,2020-04-26 06:00:00
12.11100006,54.31882477,0.0,932.5371094,9.0,10.23945332,12.46100044,11.46100044,0.192000002,0.238999993,0.0,0.002527494332753122,0.0,0.0,2021-04-05 18:00:00
20.185,60.63903,0.0,966.2639,9.900001,4.39436,20.085,24.285,0.114,0.151,1.0,0.9953594009081522,1.0,34.35830143,2020-08-23 10:00:00
31.230999,21.83449,0.0,908.84,0.0,7.628263,32.881,25.781,0.127,0.152,1.0,0.9953434665997823,1.0,33.54648008,2020-08-21 20:00:00
11.91100025,60.30576324,0.0,927.6262817,19.79999924,11.65977669,19.01099968,22.46100044,0.112999998,0.159999996,0.0,0.0025447572115808725,0.0,0.0,2023-07-09 06:00:00
12.31100082,70.80130768,0.0,925.9075928,15.90000057,11.29849529,15.16100025,18.76099968,0.133000001,0.150000006,0.0,0.0025215987116098404,0.0,0.0,2020-11-06 09:00:00
12.51100063,69.40112305,0.0,932.4676514,38.40000153,15.80723858,16.06100082,18.01099968,0.213,0.264999986,0.0,0.0025213942086944976,0.0,0.0,2020-04-30 06:00:00
37.669,19.192839,0.0,928.83307,26.400002,10.799999,40.669,31.419,0.123,0.149,1.0,0.9953523675600687,1.0,29.62906003,2020-08-18 21:00:00
23.26099968,38.93829727,0.0,933.1192627,37.80000305,12.97998428,25.71100044,19.96100044,0.136000007,0.175999999,0.0,0.0025227361281091967,0.0,0.0,2022-05-27 21:00:00
17.21100044,22.7991581,0.0,938.7357178,0.0,7.993297577,14.26100063,11.31100082,0.349999994,0.363999993,0.0,0.002530764749584099,0.0,0.0,2020-04-14 18:00:00
40.453,17.177101,0.0,960.24066,24.300001,12.224107,43.653,33.903,0.111,0.138,1.0,0.9953617850939432,1.0,29.6550382,2020-08-18 21:00:00
9.011000633,62.64713669,0.0,932.2849121,27.00000191,9.422101021,7.56099987,11.16100025,0.229000002,0.266000003,0.0,0.0025248745611558356,0.0,0.0,2022-02-12 12:00:00
31.154501,10.5548525,0.0,965.5815,0.6,14.386494,32.304497,35.004498,0.116,0.146,1.0,0.9953620235125223,1.0,30.33910733,2020-08-19 10:00:00
27.51099968,22.02328682,0.0,937.0789185,11.40000057,5.623379707,24.36100006,21.86100006,0.133000001,0.150999993,0.0,0.002749021009852489,0.0,0.0,2020-09-23 18:00:00
18.16100121,44.31359482,0.0,931.1989746,30.59999847,14.91721153,20.96100044,21.16100121,0.134000003,0.155000001,0.0,0.0026332602137699723,0.0,0.0,2022-07-02 18:00:00
20.2185,36.386314,0.0,994.7185,0.0,7.4128532,18.3685,22.0185,0.175,0.277,1.0,0.9953476389249166,1.0,36.06382559,2020-10-15 10:00:00
14.16100025,25.89489746,0.0,931.9257202,1.200000048,6.877789497,7.361000061,3.760999918,0.303000003,0.317999989,0.0,0.0026631346360469856,0.0,0.0,2023-02-18 21:00:00
22.11100006,46.03206635,0.0,929.3236694,30.90000153,17.64367294,26.31100082,20.66100121,0.135000005,0.167999998,0.0,0.0025257448044915995,0.0,0.0,2022-06-03 21:00:00
30.41100121,16.6870079,0.0,933.4006348,0.0,13.31999969,33.96099854,25.51099968,0.133000001,0.152999997,0.0,0.002647421439178288,0.0,0.0,2022-07-16 00:00:00
16.41100121,28.67313004,0.0,934.7537231,4.800000191,19.07999992,21.41100121,17.01099968,0.134000003,0.156000003,0.0,0.0025215381756424904,0.0,0.0,2021-06-09 21:00:00
27.0895,10.633644,0.0,921.0659,0.6,14.386494,28.8395,31.939499,0.123,0.149,1.0,0.9953605532646179,1.0,30.40615756,2020-08-19 10:00:00
4.511000156,40.7796669,0.0,930.2243042,5.400000095,20.833395,5.361000061,6.660999775,0.377000004,0.386999995,0.0,0.0025236808384458223,0.0,0.0,2023-01-23 06:00:00
39.374,16.9336,0.0,943.00287,24.300001,12.224107,42.574,32.824,0.111,0.138,1.0,0.995358943939209,1.0,29.84806601,2020-08-18 21:00:00
20.3305,40.543983,0.0,907.45264,10.200001,5.1165614,21.6305,26.3305,0.133,0.153,1.0,0.9953296780586243,1.0,34.15507972,2020-08-22 10:00:00
23.21100044,29.55784798,0.0,931.5438843,3.599999905,9.726663589,25.61100006,24.96100044,0.133000001,0.150999993,0.0,0.002537662240987023,0.0,0.0,2021-07-14 18:00:00
26.739,12.073521,0.0,926.75226,0.3,9.904906,24.839,27.589,0.138,0.155,1.0,0.9951837658882141,1.0,30.13926982,2020-08-19 10:00:00
22.9005,21.294277,0.0,918.01636,0.9,5.937272,25.550499,30.1505,0.127,0.152,1.0,0.9953599969546,1.0,31.28585831,2020-08-20 09:00:00
1.06099999,45.44021225,0.0,928.9036865,0.0,3.617955208,0.611000001,5.910999775,0.305000007,0.321999997,0.0,0.002537229059574505,0.0,0.0,2023-02-19 12:00:00
24.76099968,35.94639206,0.0,932.9620361,0.0,9.178235054,24.06100082,21.46100044,0.112999998,0.148000002,0.0,0.0025230260022605457,0.0,0.0,2023-09-07 18:00:00
22.21100044,47.62250137,0.0,932.8410034,12.30000019,3.096837044,21.71100044,25.96100044,0.134000003,0.150999993,0.0,0.3790967141588529,0.0,0.0,2022-08-02 12:00:00
20.76099968,27.35956573,0.0,932.5452881,0.0,6.849466801,19.46100044,25.81100082,0.133000001,0.150999993,0.0,0.0025404892318571606,0.0,0.0,2020-10-02 12:00:00
27.389,35.84596,0.0,942.20166,0.0,13.479583,27.889,23.189,0.134,0.159,1.0,0.9953541954358419,1.0,35.23117369,2020-08-26 20:00:00
35.599503,5.819308,0.0,952.4203,0.0,8.669949,38.9995,32.1495,0.111,0.138,1.0,0.9953619043032328,1.0,32.38522915,2020-08-20 20:00:00
32.64,35.788284,0.0,959.3164,0.0,13.746156,34.14,26.289999,0.133,0.159,1.0,0.9953601161638895,1.0,34.98928118,2020-08-24 21:00:00
7.410999775,27.1275425,0.0,934.3776855,1.5,5.091168404,11.01100063,15.11100006,0.114,0.134000003,0.0,0.002523978667644163,0.0,0.0,2023-10-30 06:00:00
18.692,67.8913,0.0,958.7074,19.2,4.6800003,22.092,26.942,0.133,0.16,1.0,0.995361864566803,1.0,33.92068719,2020-08-22 10:00:00
11.4635,52.4404,0.0,1002.94366,0.0,2.0364676,7.7635,11.6135,0.207,0.344,1.0,0.9953446189562479,1.0,36.71522324,2022-02-19 10:00:00
6.361000061,97.27861786,0.0,928.3069458,7.200000286,7.65370512,6.81099987,9.011000633,0.389999986,0.361999989,0.0,0.0025291115355988345,0.0,0.0,2023-12-21 15:00:00
14.3105,92.19704,0.0,953.62946,13.5,3.8268526,19.160501,23.4605,0.138,0.163,1.0,0.9953581889470419,1.0,35.20210025,2020-08-26 09:00:00
23.7435,38.551258,0.0,908.42773,12.3,5.00128,23.043499,27.0935,0.127,0.152,1.0,0.9953560829162598,1.0,34.34054745,2020-08-23 10:00:00
12.31100082,91.16675568,0.0,930.2124023,23.39999962,7.993297577,17.31100082,21.31100082,0.134000003,0.153999999,0.0,0.0034843632796158395,0.0,0.0,2022-07-07 12:00:00
40.391,16.054909,0.0,951.0067,26.7,7.9036193,42.941,33.141,0.115,0.145,1.0,0.9953621029853821,1.0,29.6382582,2020-08-18 21:00:00
31.4405,10.607974,0.0,970.36084,0.6,14.386494,32.5905,35.2905,0.116,0.146,1.0,0.9953620632489523,1.0,30.39141259,2020-08-19 10:00:00
24.2515,50.926037,0.0,922.3031,15.000001,4.5536795,25.8515,30.0515,0.123,0.148,1.0,0.9953000148137411,1.0,34.90536991,2020-08-24 10:00:00
14.21100044,52.25836563,0.0,934.0474854,8.700000763,4.213691711,15.31100082,16.46100044,0.192000002,0.207000002,0.0,0.0025497556974490485,0.0,0.0,2022-03-24 06:00:00
9.711000443,47.27501297,0.0,938.3457031,26.40000153,5.241678715,7.710999966,10.31100082,0.240999997,0.246000007,0.0,0.0025501699031641087,0.0,0.0,2021-01-15 15:00:00
0.861000001,48.12778473,0.0,929.3898926,0.0,4.679999828,3.661000013,6.460999966,0.307999998,0.326999992,0.0,0.0025353598951672516,0.0,0.0,2023-02-18 06:00:00
33.7275,22.620373,0.0,909.8835,15.3,18.59845,36.927498,29.3275,0.128,0.152,1.0,0.9953604737917582,1.0,27.5,2020-08-17 21:00:00
19.594,39.64069,0.0,925.35986,2.6999998,9.290511,23.344,28.494,0.133,0.153,1.0,0.9951453606287638,1.0,33.04905678,2020-08-21 09:00:00
10.36100006,49.57221222,0.0,935.0561523,7.800000191,9.178235054,9.211000443,5.81099987,0.38499999,0.384000003,0.0,0.0025866434055690966,0.0,0.0,2021-01-30 21:00:00
32.276,19.20188,0.0,933.1451,33.600002,15.141414,33.876,26.976,0.133,0.152,1.0,0.9937423865000407,1.0,34.62964266,2020-08-23 21:00:00
26.26099968,38.74464035,0.0,931.6052856,8.700000763,13.53236008,30.16100121,21.71100044,0.135000005,0.164000005,0.0,0.002624718278336028,0.0,0.0,2023-06-18 00:00:00
13.56100082,56.83779907,0.0,930.8408813,46.5,6.379216194,15.96100044,20.26099968,0.133000001,0.149000004,0.0,0.00252248610680302,0.0,0.0,2021-10-06 15:00:00
30.46100044,24.14782906,0.0,934.0579224,0.0,13.21744347,34.31099701,26.36100006,0.133000001,0.155000001,0.0,0.002701551537029445,0.0,0.0,2020-07-31 00:00:00
25.01099968,32.41936874,0.0,931.0048218,0.0,11.09010315,29.66100121,25.46100044,0.133000001,0.160999998,0.0,0.0025421209478129945,0.0,0.0,2020-07-10 03:00:00
8.49,86.04777,0.0,994.5737,10.5,2.5455842,11.39,15.14,0.204,0.346,1.0,0.9953517516454061,1.0,37.79236014,2023-04-24 10:00:00
18.81100082,23.06051826,0.0,935.7810059,0.0,6.297428131,15.41100025,20.81100082,0.133000001,0.150999993,0.0,0.002552830691759785,0.0,0.0,2020-10-12 09:00:00
36.2885,5.909049,0.0,963.6441,0.0,8.669949,39.6885,32.8385,0.111,0.138,1.0,0.9953619043032328,1.0,32.37855451,2020-08-20 20:00:00
14.56100082,55.15211487,0.0,929.4715576,5.399999619,5.506940842,19.86100006,25.66100121,0.133000001,0.150999993,0.0,0.0027951047522947192,0.0,0.0,2021-07-15 09:00:00
16.16100121,63.4241333,0.0,931.1997681,0.0,9.673220634,19.81100082,21.36100006,0.136000007,0.165999994,0.0,0.0025505318383996687,0.0,0.0,2023-06-17 06:00:00
33.11100006,26.28666496,0.0,935.3656006,0.600000024,4.104631424,30.96100044,25.96100044,0.109999999,0.150000006,0.0,0.002820403780788183,0.0,0.0,2023-08-15 18:00:00
23.26099968,40.2761116,0.0,933.8543701,0.0,8.913181305,24.01099968,20.71100044,0.134000003,0.153999999,0.0,0.0026137945242226124,0.0,0.0,2022-07-07 18:00:00
30.022001,9.812914,0.0,940.35126,0.0,16.363178,30.722,32.922,0.132,0.15,1.0,0.9953604737917582,1.0,30.33044794,2020-08-19 10:00:00
16.223,87.66196,0.0,933.72894,4.5,5.904439,20.973,25.073,0.133,0.159,1.0,0.9934360384941101,1.0,35.08826383,2020-08-25 09:00:00
-1.18900001,98.90682983,0.0,922.8271484,100.0,6.21456337,1.960999966,5.06099987,0.409999996,0.421999991,0.0,0.0025293698611979685,0.0,0.0,2023-03-30 09:00:00
8.161000252,70.23100281,0.0,935.6044922,90.90000916,13.55150127,9.711000443,7.761000156,0.32100001,0.307000011,0.0,0.0025501707568764687,0.0,0.0,2021-03-14 21:00:00
20.66100121,51.49888611,0.0,931.2328491,0.0,9.659813881,28.26099968,25.66100121,0.133000001,0.151999995,0.0,0.0025330795518433056,0.0,0.0,2021-07-05 03:00:00
17.46100044,33.12871552,0.0,931.2826538,0.0,16.57564354,16.21100044,18.01099968,0.137999997,0.186000004,0.0,0.002527500813206037,0.0,0.0,2020-06-17 15:00:00
7.160999775,52.21109009,0.0,931.2861328,0.600000024,2.902412653,10.71100044,16.11100006,0.123999998,0.141000003,0.0,0.002525353649010261,0.0,0.0,2023-10-27 06:00:00
7.861000061,81.05080414,0.400000006,925.8208618,100.0,14.79945946,11.36100006,12.91100025,0.141000003,0.191,0.0,0.0025232841726392508,0.0,0.0,2021-04-26 00:00:00
4.460999966,98.61005402,0.100000001,935.1430664,100.0,16.45006943,5.81099987,7.361000061,0.40200001,0.384000003,0.0,0.002525919466279447,0.0,0.0,2023-02-05 15:00:00
8.711000443,48.21405411,0.0,930.642334,56.40000153,4.198285103,5.761000156,8.211000443,0.192000002,0.196999997,0.0,0.002527960498506824,0.0,0.0,2023-12-17 15:00:00
17.89,85.31577,0.0,969.4726,8.099999,3.6,23.189999,26.89,0.241,0.276,1.0,0.9953616261482239,1.0,35.0487188,2020-08-25 09:00:00
16.56100082,45.41944122,0.0,931.2184448,38.70000076,15.15852165,19.31100082,16.56100082,0.127000004,0.140000001,0.0,0.0025349980763470135,0.0,0.0,2023-10-25 21:00:00
5.361000061,98.96344757,0.899999976,931.392334,100.0,13.47958279,7.81099987,8.361000061,0.328000009,0.307000011,0.0,0.0025261088352029524,0.0,0.0,2021-03-15 03:00:00
14.76100063,54.63401413,0.0,935.4851685,0.0,13.32486343,12.86100006,13.11100006,0.213,0.215000004,0.0,0.0026898224217196307,0.0,0.0,2022-03-22 09:00:00
28.945,28.170269,0.0,956.44635,0.0,13.513193,29.895,23.145,0.134,0.159,1.0,0.995361347993215,1.0,35.46962584,2020-08-29 21:00:00
18.2545,59.783707,0.0,949.4203,5.3999996,9.007196,23.6545,29.1045,0.134,0.154,1.0,0.9953619837760925,1.0,32.74617326,2020-08-21 09:00:00
37.7785,14.207507,0.0,985.0246,0.0,8.891344,32.878498,28.3285,0.174,0.272,1.0,0.9953597187995911,1.0,36.93528347,2022-09-09 19:00:00
15.919001,82.37591,0.0,988.30096,19.5,1.1384199,17.569,22.019001,0.176,0.279,1.0,0.9953599572181702,1.0,35.91777157,2020-09-20 10:00:00
38.4235,17.350775,0.0,926.08276,25.500002,5.771239,41.6735,31.573498,0.125,0.148,1.0,0.9953550100326538,1.0,29.55898015,2020-08-18 21:00:00
5.910999775,82.51481628,0.0,934.8470459,0.0,4.82990694,7.81099987,8.661000252,0.263999999,0.245000005,0.0,0.00259576877579093,0.0,0.0,2021-01-02 03:00:00
20.26099968,44.60002899,0.0,928.0039673,0.0,5.116561413,24.71100044,27.06100082,0.133000001,0.150999993,0.0,0.002548508889352282,0.0,0.0,2021-08-08 06:00:00
20.81100082,21.45371056,0.0,931.0895386,28.80000114,2.545584202,18.36100006,24.61100006,0.133000001,0.150000006,0.0,0.0026107177836820483,0.0,0.0,2021-09-06 12:00:00
27.967001,10.79984,0.0,935.30255,0.6,14.386494,29.717001,32.816998,0.123,0.149,1.0,0.9953539768854777,1.0,30.47355671,2020-08-19 10:00:00
15.209,72.556244,0.0,998.70416,10.799999,7.2,21.008999,26.159,0.174,0.277,1.0,0.995361308256785,1.0,36.81817539,2022-07-20 10:00:00
30.11100006,30.45351982,0.0,935.9950562,27.00000191,8.759178162,29.26099968,25.31100082,0.134000003,0.150999993,0.0,0.40640121418982744,0.0,0.0,2022-08-02 18:00:00
29.7475,39.461384,0.0,1001.37946,0.0,18.03237,31.9975,26.4475,0.179,0.275,1.0,0.9953607122103373,1.0,33.88090203,2020-08-21 20:00:00
5.611000061,77.36386871,0.0,922.1439819,19.79999924,11.18320084,10.76100063,13.96100044,0.134000003,0.150000006,0.0,0.002567181480117142,0.0,0.0,2020-11-08 03:00:00
32.728,26.272171,0.0,966.2156,28.800001,6.696387,31.477999,25.227999,0.241,0.277,1.0,0.9953543742497762,1.0,34.28773942,2020-08-22 20:00:00
31.817501,10.678125,0.0,976.6899,0.6,14.386494,32.9675,35.6675,0.116,0.146,1.0,0.9953620235125223,1.0,30.35420123,2020-08-19 10:00:00
22.4675,24.926348,0.0,933.67316,0.9,5.1544156,23.2675,27.9675,0.131,0.156,1.0,0.9952701330184937,1.0,30.91738786,2020-08-20 09:00:00
4.511000156,91.59270477,0.0,932.3258667,28.79999924,10.13769245,6.011000156,8.861000061,0.31099999,0.305999994,0.0,0.0025256043300032616,0.0,0.0,2022-11-13 09:00:00
34.679,8.480415,0.0,936.9164,0.0,3.8773184,37.229,30.729,0.132,0.15,1.0,0.9951937397321066,1.0,32.11246969,2020-08-20 20:00:00
14.76100063,56.74954605,0.0,934.2019043,1.200000048,2.545584202,12.46100044,17.91100121,0.115000002,0.143000007,0.0,0.002532490179874003,0.0,0.0,2023-10-16 15:00:00
35.36100006,23.57644463,0.0,934.7217407,6.0,9.605998039,38.36100006,27.31100082,0.109999999,0.150000006,0.0,0.00272828689776361,0.0,0.0,2023-08-15 22:00:00
8.661000252,99.66242981,0.0,928.7064209,100.0,4.610249519,9.111000061,11.91100025,0.201000005,0.162,0.0,0.0025228530478974185,0.0,0.0,2023-11-16 15:00:00
11.66100025,46.80771637,0.0,926.1813965,30.00000191,5.623379707,10.71100044,18.01099968,0.109999999,0.138999999,0.0,0.0025227664348979792,0.0,0.0,2023-10-13 12:00:00
15.773,28.071188,0.0,932.1223,0.0,3.5455887,12.672999,7.773,0.266,0.289,1.0,0.0028678509406745434,0.0,36.6907721,2022-01-23 21:00:00
29.11100006,25.6575222,0.0,930.034668,0.0,13.57061481,32.36100006,26.86100006,0.133000001,0.151999995,0.0,0.008872102169940868,0.0,0.0,2020-09-09 21:00:00
30.432,24.140217,0.0,955.64075,0.0,14.799459,30.282,22.882,0.134,0.158,1.0,0.9953601956367493,1.0,35.56840957,2020-08-30 21:00:00
25.81100082,36.48719025,0.0,928.7301636,0.0,5.634891033,23.01099968,27.91100121,0.111000001,0.150000006,0.0,0.003414986887946725,0.0,0.0,2023-08-17 12:00:00
8.611000061,66.45383453,0.0,930.3387451,30.00000191,2.160000086,9.711000443,10.46100044,0.224000007,0.246999994,0.0,0.0025552284981434545,0.0,0.0,2022-11-28 03:00:00
33.9605,14.1951275,0.0,931.61304,0.0,6.638072,36.2605,29.3605,0.125,0.148,1.0,0.9952982266743978,1.0,33.697918,2020-08-21 20:00:00
16.7105,87.70541,0.0,942.0262,4.5,5.904439,21.4605,25.560501,0.133,0.159,1.0,0.9953595002492269,1.0,35.08861276,2020-08-25 09:00:00
3.510999918,78.14801025,0.0,931.7503052,100.0,9.793059349,5.861000061,5.361000061,0.40200001,0.412999988,0.0,0.00252356108588477,0.0,0.0,2021-12-26 21:00:00
3.661000013,96.87680054,1.399999976,921.8389893,100.0,12.49671841,4.710999966,5.960999966,0.435000002,0.437999994,0.0,0.0025253603622938194,0.0,0.0,2023-03-22 15:00:00
7.773,51.616467,0.0,955.6659,0.0,2.968636,6.523,6.023,0.351,0.349,1.0,0.9952467679977417,1.0,37.19909836,2023-01-30 19:00:00
17.874,76.693535,0.0,998.3583,0.0,8.942214,20.924,23.974,0.177,0.29,1.0,0.9953591624895731,1.0,36.77570763,2022-06-11 10:00:00
13.66100025,88.29984283,0.0,926.9286499,25.19999886,5.014219284,20.56100082,23.86100006,0.133000001,0.157000005,0.0,0.0029219423110286393,0.0,0.0,2020-07-23 06:00:00
12.71100044,35.8763504,0.0,932.8908081,51.90000153,12.87975216,18.21100044,17.96100044,0.202000007,0.256999999,0.0,0.0025207720464095473,0.0,0.0,2020-05-01 03:00:00
10.26100063,99.66667175,0.300000012,924.7753906,100.0,9.659813881,10.41100025,10.41100025,0.395999998,0.243000001,0.0,0.002528522008409103,0.0,0.0,2023-12-19 18:00:00
22.01099968,26.07948685,0.0,931.9607544,1.200000048,7.594208241,21.76099968,25.36100006,0.137999997,0.150000006,0.0,0.1628881397191435,0.0,0.0,2022-09-12 15:00:00
6.611000061,32.74867249,0.0,928.9294434,0.0,17.16335487,5.81099987,7.861000061,0.273999989,0.300000012,0.0,0.0025224421018113694,0.0,0.0,2020-02-10 15:00:00
13.51100063,35.71816635,0.0,939.897644,0.0,8.47339344,12.31100082,7.460999966,0.342000008,0.356999993,0.0,0.002642678484941522,0.0,0.0,2023-01-26 00:00:00
18.56100082,54.86956406,0.0,929.1971436,0.0,2.519999981,18.26099968,22.86100006,0.112999998,0.145999998,0.0,0.002527120833595594,0.0,0.0,2023-09-06 09:00:00
18.56100082,47.91130829,0.0,928.279541,8.099999428,6.489992142,22.21100044,27.46100044,0.133000001,0.151999995,0.0,0.05444549831251303,0.0,0.0,2021-07-13 15:00:00
12.06100082,61.8332901,0.0,930.4163818,0.0,8.121970177,15.76100063,22.36100006,0.133000001,0.150999993,0.0,0.002525258304861685,0.0,0.0,2020-09-25 12:00:00
29.095499,32.362907,0.0,935.84467,0.0,13.627795,29.6455,24.095499,0.138,0.154,1.0,0.995245079199473,1.0,33.62674825,2020-08-21 20:00:00
8.061000824,41.53335571,0.0,933.7455444,0.0,18.10409927,8.711000443,10.56100082,0.210999995,0.254999995,0.0,0.0025211527245119214,0.0,0.0,2022-02-17 09:00:00
28.56100082,18.63212395,0.0,926.3981323,0.0,12.7380991,30.36100006,31.21100044,0.133000001,0.151999995,0.0,0.004249206278473139,0.0,0.0,2020-09-08 06:00:00
28.432499,33.37962,0.0,921.43536,36.600002,7.208994,27.332499,29.7825,0.137,0.152,1.0,0.9952886700630188,1.0,27.5,2020-08-17 10:00:00
14.66100025,75.1711731,0.0,938.1152344,0.0,10.58791828,13.96100044,14.26100063,0.289999992,0.312000006,0.0,0.0028379083766291537,0.0,0.0,2020-04-23 15:00:00
35.683,11.69588,0.0,970.59814,0.0,5.3999996,39.883,32.583,0.097,0.143,1.0,0.9953619837760925,1.0,31.93507229,2020-08-20 20:00:00
31.772501,20.728985,0.0,961.52057,0.0,11.298495,31.1725,23.522501,0.134,0.154,1.0,0.9953600366910299,1.0,35.54810432,2020-08-30 21:00:00
21.66100121,23.40140343,0.0,929.5714722,0.0,7.280549526,25.91100121,22.16100121,0.134000003,0.163000003,0.0,0.002540668511452774,0.0,0.0,2021-05-12 03:00:00
28.31100082,26.60222435,0.0,938.296936,0.0,13.79791164,24.46100044,21.86100006,0.133000001,0.150999993,0.0,0.04903002797315518,0.0,0.0,2020-10-14 18:00:00
8.811000824,74.68102264,0.0,934.9715576,0.0,6.479999542,8.961000443,10.61100006,0.284000009,0.300999999,0.0,0.002541737941404184,0.0,0.0,2021-02-23 06:00:00
8.261000633,46.68474197,0.0,931.9748535,40.5,12.49671936,11.26100063,10.81100082,0.162,0.208000004,0.0,0.002521892272246381,0.0,0.0,2022-05-09 18:00:00
10.688499,58.74789,0.0,1007.5466,0.0,10.829958,9.2385,7.4385,0.47,0.473,1.0,0.9953224460283915,1.0,37.1617782,2022-12-13 21:00:00
26.031,18.216087,0.0,936.4251,0.0,14.512064,29.131,33.080997,0.125,0.148,1.0,0.9953561822573344,1.0,31.22478487,2020-08-20 09:00:00
2.411000013,96.84539795,0.0,925.6639404,90.0,7.771330833,6.06099987,9.261000633,0.209999993,0.254000008,0.0,0.0025226475360492864,0.0,0.0,2022-02-21 12:00:00
29.96100044,37.40604782,0.0,929.6048584,31.50000191,16.73516083,37.11100006,28.91100121,0.111000001,0.150000006,0.0,0.003104184987023473,0.0,0.0,2023-08-18 00:00:00
14.96100044,46.41580582,0.0,936.4581299,0.899999976,4.51078701,11.96100044,7.410999775,0.294,0.256999999,0.0,0.004256272300456961,0.0,0.0,2021-01-07 21:00:00
6.861000061,48.5802269,0.100000001,932.8435669,54.60000229,3.075841427,5.410999775,11.31100082,0.136999995,0.150000006,0.0,0.002525429823435843,0.0,0.0,2023-11-10 15:00:00
8.011000633,45.41598892,0.100000001,922.2971802,39.29999924,16.42247009,12.06100082,12.01100063,0.137999997,0.150000006,0.0,0.002530630212277174,0.0,0.0,2020-11-08 21:00:00
6.460999966,49.74808121,0.0,935.9248047,0.0,4.680000305,6.761000156,9.361000061,0.264999986,0.254000008,0.0,0.0025769873755052686,0.0,0.0,2021-01-10 06:00:00
12.46100044,58.16361618,0.0,934.9265137,0.0,10.23312283,15.66100025,13.56100082,0.252999991,0.284999996,0.0,0.0025303338188678026,0.0,0.0,2021-03-29 03:00:00
9.961000443,98.33926392,0.0,929.2657471,100.0,13.18307972,11.26100063,12.81100082,0.294,0.156000003,0.0,0.002522044233046472,0.0,0.0,2020-11-18 12:00:00
3.760999918,82.53240204,0.0,934.0180054,0.0,12.87975216,4.910999775,7.210999966,0.370000005,0.351000011,0.0,0.002544064812051753,0.0,0.0,2020-01-10 06:00:00
6.761000156,85.26942444,0.0,930.9851074,33.29999924,12.59999847,8.761000633,11.16100025,0.250999987,0.286000013,0.0,0.002527419050845007,0.0,0.0,2023-04-17 09:00:00
26.6225,10.790928,0.0,909.4028,0.3,14.88242,27.3725,29.8725,0.127,0.152,1.0,0.9953610301017761,1.0,30.62532486,2020-08-19 10:00:00
2.161000013,100.0,0.0,929.513916,98.40000153,10.13769245,6.710999966,11.61100006,0.159999996,0.208000004,0.0,0.002522395186436673,0.0,0.0,2022-05-09 12:00:00
27.1455,20.797026,0.0,972.724,0.0,8.049845,30.9955,34.8955,0.097,0.143,1.0,0.9953619043032328,1.0,30.99942318,2020-08-20 09:00:00
28.71100044,19.34193611,0.0,929.9331665,0.0,15.87677479,35.1609993,29.71100044,0.133000001,0.152999997,0.0,0.003170995507389307,0.0,0.0,2020-08-21 00:00:00
9.061000824,88.80084991,0.0,929.7375488,24.60000229,5.959060192,13.06100082,17.21100044,0.136000007,0.157000005,0.0,0.002619867717536787,0.0,0.0,2023-06-24 12:00:00
19.86100006,51.63221741,0.0,930.8339844,0.0,6.287129879,23.06100082,26.51099968,0.133000001,0.150999993,0.0,0.0025724328588694334,0.0,0.0,2022-08-03 12:00:00
16.96100044,40.42114258,0.0,931.2370605,1.799999952,19.9597187,21.06100082,18.11100006,0.180000007,0.209000006,0.0,0.002521976518134276,0.0,0.0,2020-06-06 21:00:00
15.448,78.87126,0.0,997.3601,34.8,6.1305785,19.397999,23.647999,0.174,0.277,1.0,0.9953592816988627,1.0,36.02380031,2020-10-07 10:00:00
15.16100025,42.84560013,0.0,928.630188,1.200000048,8.647496223,10.61100006,12.71100044,0.202000007,0.25,0.0,0.002538067133476337,0.0,0.0,2023-04-25 15:00:00
4.460999966,77.17776489,0.0,928.6560059,52.19999695,14.33686066,8.261000633,11.66100025,0.284000009,0.307999998,0.0,0.002523840133411189,0.0,0.0,2023-04-12 09:00:00
5.460999966,62.480793,0.0,935.9005127,5.399999619,8.311244965,6.06099987,8.361000061,0.277999997,0.256999999,0.0,0.002538510753462712,0.0,0.0,2021-01-09 09:00:00
22.61100006,49.01395035,0.0,931.3852539,3.600000143,7.28944397,28.41100121,25.11100006,0.133000001,0.153999999,0.0,0.0026921924824515977,0.0,0.0,2020-08-09 03:00:00
10.46100044,49.06486511,0.0,930.6912231,0.0,9.511088371,13.06100082,18.01099968,0.136999995,0.159999996,0.0,0.002548061621685823,0.0,0.0,2022-06-19 09:00:00
20.11100006,26.11795807,0.0,933.1963501,0.899999976,7.993297577,19.26099968,24.01099968,0.133000001,0.155000001,0.0,0.002623372206774851,0.0,0.0,2020-08-01 15:00:00
32.955,34.744663,0.0,954.60986,0.6,13.551501,33.955,26.255,0.137,0.153,1.0,0.9953603943188986,1.0,34.97322678,2020-08-24 21:00:00
16.21100044,73.2208252,0.0,932.0387573,0.900000036,2.18979454,14.36100006,19.26099968,0.149000004,0.169,0.0,0.002730308643852671,0.0,0.0,2022-10-04 15:00:00
13.46100044,63.89571381,0.0,936.5847778,27.60000038,5.804825306,13.16100025,8.661000252,0.259000003,0.252999991,0.0,0.003409837527821461,0.0,0.0,2021-01-12 00:00:00
23.114,21.272295,0.0,924.06665,0.9,10.009036,26.764,30.714,0.137,0.151,1.0,0.9953493277231852,1.0,31.11140617,2020-08-20 09:00:00
18.238499,62.423668,0.0,954.86035,0.0,4.0249224,19.988499,24.3885,0.134,0.154,1.0,0.995359738667806,1.0,35.62885275,2020-08-31 09:00:00
9.811000824,39.3325119,0.0,932.7002563,0.0,13.00492096,10.11100006,10.81100082,0.210999995,0.256000012,0.0,0.0025230767593408623,0.0,0.0,2022-02-17 06:00:00
18.36100006,47.36699677,0.0,927.4914551,0.0,7.28944397,21.81100082,26.46100044,0.133000001,0.159999996,0.0,0.0025743725321566067,0.0,0.0,2020-07-13 12:00:00
9.961000443,53.93920135,0.0,930.8216553,49.80000305,13.08935356,8.111000061,9.061000824,0.395000011,0.407999992,0.0,0.0025238328768561282,0.0,0.0,2023-01-13 12:00:00
13.11100006,54.0112114,0.0,940.7000732,0.0,1.799999952,13.91100025,8.911000252,0.284999996,0.245000005,0.0,0.002650282966593901,0.0,0.0,2020-12-20 00:00:00
19.549,63.759525,0.0,958.9355,25.800001,13.363711,24.249,28.499,0.136,0.157,1.0,0.9953619837760925,1.0,33.92321594,2020-08-22 10:00:00
23.071,20.203463,0.0,913.33044,0.0,14.291592,25.871,29.421,0.133,0.153,1.0,0.9953214724858602,1.0,30.82073888,2020-08-20 09:00:00
5.31099987,59.53197479,0.0,936.4951782,14.40000057,7.289444923,8.811000824,10.96100044,0.252999991,0.159999996,0.0,0.002545132922629515,0.0,0.0,2022-11-04 03:00:00
5.861000061,100.0,0.200000003,927.2449951,100.0,17.02689552,7.31099987,8.561000824,0.419,0.418000013,0.0,0.0025235538681348166,0.0,0.0,2023-03-20 09:00:00
3.210999966,99.6473465,0.0,938.4178467,90.0,10.58791828,5.210999966,7.111000061,0.388000011,0.38499999,0.0,0.0025318384480973086,0.0,0.0,2023-02-06 06:00:00
31.629501,8.822489,0.0,916.2478,0.0,11.177405,33.4795,27.829498,0.127,0.152,1.0,0.9953610698382059,1.0,32.56155724,2020-08-20 20:00:00
30.581001,9.913266,0.0,949.49976,0.0,16.363178,31.281,33.481,0.132,0.15,1.0,0.9953621029853821,1.0,30.33963981,2020-08-19 10:00:00
15.26100063,54.01361465,0.0,928.199646,19.80000114,14.11365318,18.86100006,21.71100044,0.135000005,0.164000005,0.0,0.0025394281838089228,0.0,0.0,2023-06-18 09:00:00
35.760998,11.710911,0.0,971.8872,0.0,5.3999996,39.961,32.661,0.097,0.143,1.0,0.9953619837760925,1.0,31.86625491,2020-08-20 20:00:00
15.313,72.33356,0.0,939.5907,1.8,4.452954,18.063002,22.863,0.134,0.158,1.0,0.9952874779701233,1.0,35.51981501,2020-08-30 09:00:00
26.96100044,28.98438644,0.0,934.085144,32.40000153,7.28944397,31.46100044,27.26099968,0.133000001,0.150999993,0.0,0.0029013109548638263,0.0,0.0,2021-07-19 03:00:00
20.072,42.465363,0.0,916.03973,8.099999,5.3999996,22.722,28.322,0.127,0.152,1.0,0.9953612685203552,1.0,33.01367632,2020-08-21 09:00:00
22.56100082,25.58428383,0.0,933.6689453,0.0,2.741678238,22.16100121,25.46100044,0.133000001,0.150999993,0.0,0.002535892534069717,0.0,0.0,2020-10-06 06:00:00
15.16100025,39.18982697,0.0,927.0717773,0.0,7.100309849,13.66100025,20.46100044,0.136000007,0.156000003,0.0,0.0026019452683006725,0.0,0.0,2022-10-21 12:00:00
6.910999775,73.55857849,0.0,932.1265869,18.30000114,14.77754974,12.31100082,18.11100006,0.134000003,0.156000003,0.0,0.002538914132552842,0.0,0.0,2021-06-09 09:00:00
12.66100025,51.47389221,0.0,936.2657471,33.29999924,1.799999952,10.46100044,7.410999775,0.307000011,0.254999995,0.0,0.0035968836940204105,0.0,0.0,2021-01-07 00:00:00
30.0805,9.8234,0.0,941.3053,0.0,16.363178,30.780499,32.9805,0.132,0.15,1.0,0.9953609108924866,1.0,30.02433783,2020-08-19 10:00:00
26.667,20.166367,0.0,966.19916,0.0,8.473393,31.167,34.917,0.116,0.146,1.0,0.9953618248303732,1.0,31.00339269,2020-08-20 09:00:00
6.460999966,77.77510071,0.0,934.9191284,87.0,4.693825722,5.511000156,7.960999966,0.263999999,0.245000005,0.0,0.00253821793012321,0.0,0.0,2021-01-02 09:00:00
27.305,10.921318,0.0,920.33746,0.3,14.88242,28.055,30.555,0.127,0.152,1.0,0.9953605532646179,1.0,30.30270263,2020-08-19 10:00:00
31.31100082,23.39879799,0.0,930.9563599,0.0,9.531504631,30.81100082,19.46100044,0.135000005,0.159999996,0.0,0.002806446903074781,0.0,0.0,2021-05-30 21:00:00
12.91100025,47.33164597,0.0,922.8706055,10.5,16.98116493,19.76099968,19.01099968,0.138999999,0.156000003,0.0,0.0025835512594009438,0.0,0.0,2022-10-23 00:00:00
21.11100006,53.00697708,0.0,926.3945923,0.0,2.276839733,22.31100082,26.76099968,0.133000001,0.150999993,0.0,0.0028468853949258723,0.0,0.0,2022-08-24 09:00:00
4.261000156,90.28858948,0.0,931.4284058,19.79999924,11.16580486,7.910999775,11.11100006,0.268999994,0.158999994,0.0,0.002623942137385408,0.0,0.0,2022-11-03 03:00:00
27.5455,10.967384,0.0,924.2159,0.3,14.88242,28.2955,30.7955,0.127,0.152,1.0,0.9953294197718302,1.0,30.44208201,2020-08-19 10:00:00
28.66100121,28.57210159,0.0,934.4296875,0.600000024,7.244860172,30.01099968,23.06100082,0.136999995,0.165000007,0.0,0.002565614180639386,0.0,0.0,2022-10-09 00:00:00
8.061000824,76.40387726,0.100000001,925.1472168,90.30000305,4.334974289,9.711000443,6.861000061,0.397000015,0.412,0.0,0.002538447811578711,0.0,0.0,2021-12-31 00:00:00
17.661,75.66788,0.0,998.8998,0.0,4.1046314,20.711,23.810999,0.252,0.294,1.0,0.9953573147455851,1.0,38.41264686,2023-07-26 10:00:00
20.36100006,38.9092598,0.0,933.5393066,7.500000477,16.65753937,22.51099968,17.11100006,0.153999999,0.194999993,0.0,0.0025201118551194668,0.0,0.0,2022-05-16 21:00:00
6.611000061,50.53676987,0.0,929.7523804,0.0,9.085988045,7.511000156,9.761000633,0.263000011,0.245000005,0.0,0.002522499222929279,0.0,0.0,2020-12-22 06:00:00
18.21100044,40.92439651,0.0,932.4971313,0.0,6.952754498,20.11100006,22.91100121,0.133000001,0.150999993,0.0,0.002527198016953965,0.0,0.0,2020-09-26 06:00:00
5.2155,91.96062,0.0,1001.6466,21.599998,8.587338,5.3655,8.6655,0.467,0.473,1.0,0.9953363736470541,1.0,25.0,2020-03-27 10:00:00
22.993,22.590654,0.0,919.8215,0.0,5.634891,24.942999,30.843,0.123,0.149,1.0,0.9953586459159851,1.0,33.10616071,2020-08-21 09:00:00
24.76099968,29.07304764,0.0,933.5135498,0.0,10.10568142,27.26099968,19.56100082,0.112999998,0.147,0.0,0.002523983169036607,0.0,0.0,2023-09-27 21:00:00
18.36100006,41.2539444,0.0,935.9332275,0.600000024,4.024922371,15.71100044,11.56100082,0.284999996,0.261000007,0.0,0.002903686293090383,0.0,0.0,2022-04-24 18:00:00
10.31100082,71.39607239,0.0,931.8381348,32.39999771,12.41347694,13.36100006,16.36100006,0.192000002,0.250999987,0.0,0.0025303016882389784,0.0,0.0,2020-05-02 09:00:00
19.731499,31.362814,0.0,932.52356,0.9,5.3517847,23.981499,28.2815,0.135,0.151,1.0,0.995197574297587,1.0,31.24105687,2020-08-20 09:00:00
13.384,81.511604,0.0,931.32465,1.8,6.763786,17.634,22.534,0.134,0.159,1.0,0.9942315816879272,1.0,35.41443907,2020-08-29 10:00:00
13.01100063,75.14546967,0.0,928.670105,0.899999976,11.79240417,18.76099968,16.96100044,0.145999998,0.191,0.0,0.0025386580964550376,0.0,0.0,2023-05-31 03:00:00
22.1685,24.84498,0.0,928.72034,0.9,5.1544156,22.9685,27.6685,0.131,0.156,1.0,0.9952665766080221,1.0,31.4605731,2020-08-20 09:00:00
31.06100082,18.71050072,0.0,933.1039429,0.0,7.65370512,31.61100006,22.51099968,0.133000001,0.150000006,0.0,0.002532353469481071,0.0,0.0,2021-09-04 21:00:00
19.907,31.413109,0.0,935.4642,0.9,5.3517847,24.157,28.457,0.135,0.151,1.0,0.99531356493632,1.0,30.80958019,2020-08-20 09:00:00
14.844,76.464,0.0,995.048,0.0,5.8603754,21.043999,25.394001,0.174,0.27,1.0,0.9953614274660746,1.0,36.62642701,2021-07-22 09:00:00
26.76099968,26.09203529,0.0,931.734314,0.0,8.766572952,26.56100082,18.56100082,0.215000004,0.233999997,0.0,0.002535939410639306,0.0,0.0,2020-05-25 00:00:00
30.2025,25.513659,0.0,950.59625,6.0,12.594856,31.2525,33.9525,0.111,0.138,1.0,0.9953616658846537,1.0,28.48971591,2020-08-18 10:00:00
27.136,10.888985,0.0,917.6198,0.3,14.88242,27.886,30.386,0.127,0.152,1.0,0.995360791683197,1.0,30.31055536,2020-08-19 10:00:00
16.96100044,53.17211151,0.0,927.0179443,20.69999886,14.45838165,18.91100121,19.96100044,0.135000005,0.150000006,0.0,0.002556726375284294,0.0,0.0,2022-09-17 18:00:00
15.3185005,84.21269,0.0,992.7942,0.0,5.771239,18.6185,21.7685,0.254,0.3,1.0,0.9953568577766418,1.0,38.28524357,2023-07-14 10:00:00
35.5755,22.337534,0.0,941.2239,21.300001,18.864824,38.6255,31.6255,0.132,0.149,1.0,0.9953609903653463,1.0,27.97557972,2020-08-17 21:00:00
16.612501,80.60346,0.0,955.89386,1.8,16.981165,23.9625,29.4625,0.136,0.157,1.0,0.9953613877296448,1.0,33.21650788,2020-08-21 09:00:00
7.81099987,99.32132721,0.100000001,934.2211914,100.0,3.960000038,8.161000252,8.611000061,0.389999986,0.331999987,0.0,0.002554725428732733,0.0,0.0,2021-03-19 12:00:00
37.1609993,17.23740196,0.0,934.1447754,0.0,15.97848415,37.36100006,27.36100006,0.133000001,0.151999995,0.0,0.002865509867357711,0.0,0.0,2021-07-09 21:00:00
29.358,33.08659,0.0,959.1207,0.0,16.645864,29.808,24.958,0.134,0.155,1.0,0.9953598181406657,1.0,33.69015537,2020-08-21 20:00:00
6.160999775,58.01959229,0.0,936.1099243,12.60000038,8.669948578,9.061000824,11.56100082,0.184,0.230000004,0.0,0.0025438619777560234,0.0,0.0,2022-03-14 06:00:00
11.16100025,90.78529358,0.0,930.3428345,51.29999924,7.568566322,18.16100121,24.31100082,0.134000003,0.155000001,0.0,0.0035115137385825315,0.0,0.0,2022-06-30 12:00:00
32.281,27.856936,0.0,950.78723,0.0,11.367109,32.781,26.831001,0.134,0.154,1.0,0.9953620235125223,1.0,33.88687882,2020-08-21 20:00:00
9.511000633,70.74582672,0.0,928.5869751,27.00000191,7.199999809,12.36100006,15.51100063,0.170000002,0.216000006,0.0,0.0025237490190193057,0.0,0.0,2020-05-16 12:00:00
39.686,17.003956,0.0,947.9614,24.300001,12.224107,42.886,33.136,0.111,0.138,1.0,0.9953617850939432,1.0,29.64223671,2020-08-18 21:00:00
15.46100044,57.5145607,0.100000001,924.9547729,90.0,12.68201828,19.41100121,18.06100082,0.120999999,0.147,0.0,0.0025226353124404946,0.0,0.0,2023-09-30 21:00:00
30.0505,12.016682,0.0,899.21497,0.0,11.609651,32.050503,26.550499,0.133,0.153,1.0,0.9953341682751974,1.0,32.67367156,2020-08-20 20:00:00
25.8295,10.640066,0.0,896.82996,0.3,14.88242,26.5795,29.0795,0.127,0.152,1.0,0.9953610698382059,1.0,29.86074743,2020-08-19 10:00:00
14.76100063,22.47774315,0.0,933.2853394,5.100000381,0.719999969,11.56100082,16.01099968,0.182999998,0.240999997,0.0,0.0025418657266224423,0.0,0.0,2020-05-05 12:00:00
12.11100006,77.0592804,0.0,932.1707153,15.29999924,13.6610384,15.51100063,18.76099968,0.136000007,0.160999998,0.0,0.0025435581725711622,0.0,0.0,2021-05-28 09:00:00
30.61100006,25.36377907,0.0,930.8730469,26.10000038,13.39761162,33.81099701,25.71100044,0.149000004,0.157000005,0.0,0.11795491104324658,0.0,0.0,2022-06-24 00:00:00
31.66100121,10.22194481,0.0,929.5700684,0.0,2.902412653,27.61100006,23.31100082,0.133000001,0.150000006,0.0,0.0025332117220386863,0.0,0.0,2021-08-27 18:00:00
21.31100082,17.01008224,0.0,935.7232056,0.0,5.001279831,15.46100044,14.91100025,0.133000001,0.150999993,0.0,0.00257518965130051,0.0,0.0,2020-10-29 18:00:00
27.535,11.007107,0.0,930.29236,2.4,14.336861,28.835,31.285,0.137,0.151,1.0,0.9953240156173706,1.0,30.12251383,2020-08-19 10:00:00
9.861000061,56.89211273,0.0,926.6742554,49.5,5.692099571,9.011000633,12.96100044,0.122000001,0.162,0.0,0.0025218329780424633,0.0,0.0,2023-11-15 09:00:00
11.56100082,78.29319763,0.0,935.0354614,30.00000191,9.720000267,8.611000061,7.761000156,0.407000005,0.421000004,0.0,0.00264365520949165,0.0,0.0,2023-01-12 18:00:00
7.960999966,74.53198242,0.0,930.7893066,28.20000076,7.412853241,7.111000061,8.861000061,0.356999993,0.351999998,0.0,0.0025233908090740442,0.0,0.0,2021-02-02 06:00:00
39.8915,16.656086,0.0,970.15295,23.400002,24.48,42.2415,33.7915,0.104,0.137,1.0,0.9953617850939432,1.0,27.5,2020-08-17 21:00:00
12.26100063,64.95811462,0.0,923.3291626,50.70000458,9.007196426,14.21100044,14.06100082,0.165000007,0.196999997,0.0,0.0025244426603118577,0.0,0.0,2022-03-27 18:00:00
23.66100121,36.00019836,0.0,929.732666,0.0,7.862518311,30.76099968,27.61100006,0.112999998,0.162,0.0,0.0025285026834656796,0.0,0.0,2023-07-04 03:00:00
18.81100082,34.48537445,0.0,929.815918,0.0,4.104631424,14.81100082,16.61100006,0.145999998,0.187000006,0.0,0.0025393090521295867,0.0,0.0,2023-06-03 15:00:00
7.710999966,99.65986633,0.0,926.8747559,100.0,5.191993713,12.61100006,15.66100025,0.145999998,0.192000002,0.0,0.002523029727550844,0.0,0.0,2023-05-29 12:00:00
27.16100121,27.21156502,0.0,932.0211792,0.0,6.989935398,22.21100044,26.46100044,0.133000001,0.150999993,0.0,0.0025435055140405893,0.0,0.0,2021-08-11 12:00:00
12.01100063,82.15772247,0.0,929.0284424,31.79999924,6.43987608,14.01100063,19.71100044,0.133000001,0.150999993,0.0,0.0025366314609224596,0.0,0.0,2020-10-10 12:00:00
8.211000443,64.73152161,0.0,925.6481934,0.0,9.832679749,12.91100025,17.76099968,0.136999995,0.172000006,0.0,0.002535100638245543,0.0,0.0,2022-05-31 12:00:00
14.31100082,33.29469681,0.0,937.1917725,9.600000381,11.59289455,12.31100082,12.61100006,0.233999997,0.243000001,0.0,0.0025509624586751065,0.0,0.0,2021-01-16 06:00:00
22.4205,42.838444,0.0,942.8814,25.800001,3.671294,20.7205,25.6705,0.133,0.151,1.0,0.9953587651252747,1.0,34.08401494,2020-08-22 10:00:00
5.660999775,98.62334442,0.100000001,927.7342529,91.19999695,13.10419846,8.161000252,10.66100025,0.261000007,0.231999993,0.0,0.0025219368593146405,0.0,0.0,2020-03-14 12:00:00
12.8665,82.2662,0.0,926.8355,9.0,10.495713,16.2665,20.7665,0.135,0.153,1.0,0.9895459413528442,1.0,35.36149971,2020-08-28 10:00:00
32.3245,34.570942,0.0,944.321,0.6,13.551501,33.3245,25.624498,0.137,0.153,1.0,0.9953575531641642,1.0,34.94186088,2020-08-24 21:00:00
17.46100044,63.92884064,0.0,928.5306396,0.0,5.014219284,20.06100082,25.66100121,0.133000001,0.150999993,0.0,0.002570523996837437,0.0,0.0,2022-08-23 12:00:00
6.910999775,53.3089447,0.0,929.1090698,48.90000153,10.70356941,9.261000633,11.81100082,0.238000005,0.186000004,0.0,0.002522155021627744,0.0,0.0,2020-11-23 06:00:00
6.31099987,65.23484802,0.0,929.1151123,7.199999809,4.610249519,9.861000061,14.61100006,0.134000003,0.162,0.0,0.002552762433576087,0.0,0.0,2021-05-22 12:00:00
17.101,70.30302,0.0,941.257,22.5,3.8773184,21.601,26.801,0.134,0.151,1.0,0.9953557848930359,1.0,33.19286339,2020-08-21 09:00:00
31.337502,12.273666,0.0,919.45795,0.0,11.609651,33.3375,27.8375,0.133,0.153,1.0,0.9953531622886658,1.0,31.86802085,2020-08-20 20:00:00
28.21100044,20.33866119,0.0,933.8544922,0.0,8.089993477,30.16100121,23.61100006,0.133000001,0.150999993,0.0,0.0025267509821181497,0.0,0.0,2020-10-19 00:00:00
3.710999966,70.0905838,0.0,933.8201294,23.40000153,6.608721733,5.910999775,8.261000633,0.308999985,0.254000008,0.0,0.0025329984879742065,0.0,0.0,2021-01-06 06:00:00
38.13,17.995201,0.0,945.4654,23.7,19.969458,41.48,33.079998,0.111,0.138,1.0,0.9953607519467672,1.0,28.03184051,2020-08-17 21:00:00
19.16100121,72.55460358,0.100000001,932.2051392,69.0,5.191993713,25.16100121,25.71100044,0.129999995,0.147,0.0,0.008055790793150663,0.0,0.0,2023-08-22 03:00:00
8.261000633,73.28617859,0.0,931.3344727,6.899999619,8.161764145,11.01100063,9.561000824,0.326999992,0.238999993,0.0,0.0025269801650817194,0.0,0.0,2020-12-18 00:00:00
30.934502,12.193029,0.0,913.07983,0.0,11.609651,32.9345,27.4345,0.133,0.153,1.0,0.995346466700236,1.0,32.20045927,2020-08-20 20:00:00
23.86100006,30.15658951,0.0,928.6821289,0.0,9.0,24.96100044,27.31100082,0.133000001,0.151999995,0.0,0.0026024585046495,0.0,0.0,2022-07-17 09:00:00
24.960001,32.62712,0.0,913.1974,25.500002,1.609969,21.76,27.11,0.127,0.152,1.0,0.9953516523043314,1.0,34.15553745,2020-08-22 10:00:00
7.910999775,100.0,2.299999952,927.9390259,100.0,11.91812038,9.761000633,12.11100006,0.307000011,0.230000004,0.0,0.0025227421429008245,0.0,0.0,2022-04-21 09:00:00
27.164501,10.936028,0.0,924.2833,2.4,14.336861,28.4645,30.914501,0.137,0.151,1.0,0.9953564206759135,1.0,30.06540989,2020-08-19 10:00:00
9.511000633,28.95093727,0.0,936.9147339,0.0,5.904438972,10.86100006,6.56099987,0.238000005,0.256999999,0.0,0.0026404783905794225,0.0,0.0,2022-02-25 00:00:00
19.86100006,61.76999283,0.0,931.109375,0.0,12.18162441,24.66100121,27.06100082,0.133000001,0.150999993,0.0,0.0025304590817540884,0.0,0.0,2022-08-23 06:00:00
13.526501,80.18116,0.0,994.96545,30.900002,3.7585104,17.2765,21.0765,0.176,0.285,1.0,0.9953588445981344,1.0,36.77313383,2022-06-09 10:00:00
26.71100044,17.79349899,0.0,930.3415527,0.0,14.65425396,30.26099968,21.51099968,0.134000003,0.164000005,0.0,0.002778765900681416,0.0,0.0,2021-05-12 00:00:00
12.21100044,70.2986908,0.0,938.6105347,0.0,2.879999876,14.21100044,12.36100006,0.266000003,0.294,0.0,0.0025519796181470156,0.0,0.0,2021-03-28 03:00:00
26.4795,10.763674,0.0,907.1249,0.3,14.88242,27.2295,29.7295,0.127,0.152,1.0,0.9953611890474955,1.0,30.47192088,2020-08-19 10:00:00
26.71100044,30.43331909,0.0,931.1693726,0.0,11.5928936,31.96100044,25.21100044,0.133000001,0.150999993,0.0,0.0025308439896131554,0.0,0.0,2020-09-14 00:00:00
27.36100006,31.24126244,0.0,930.6925659,0.0,13.60876179,31.91100121,25.76099968,0.133000001,0.159999996,0.0,0.003186664233605067,0.0,0.0,2020-07-13 21:00:00
22.01099968,21.21829605,0.0,932.0526733,14.10000038,12.57425976,21.11100006,20.66100121,0.133000001,0.149000004,0.0,0.0025266936669747033,0.0,0.0,2021-10-05 18:00:00
33.877003,22.658442,0.0,912.2156,15.3,18.59845,37.077,29.477,0.128,0.152,1.0,0.9953604737917582,1.0,27.5,2020-08-17 21:00:00
14.3635,99.6772,0.0,998.61145,90.0,6.4096174,17.3135,20.2135,0.262,0.285,1.0,0.9953548510869344,1.0,38.83217689,2023-09-04 10:00:00
10.86100006,70.76340485,0.0,936.0246582,30.60000229,6.877789497,11.76100063,8.811000824,0.261000007,0.244000003,0.0,0.002856235563134154,0.0,0.0,2021-01-04 00:00:00
17.9685,59.71524,0.0,944.5331,5.3999996,9.007196,23.3685,28.8185,0.134,0.154,1.0,0.9953613877296448,1.0,32.94444627,2020-08-21 09:00:00
19.21100044,31.32525253,0.0,931.3927612,0.0,11.88545322,16.51099968,12.96100044,0.200000003,0.246999994,0.0,0.0025315756987159452,0.0,0.0,2023-04-24 18:00:00
22.257,21.12725,0.0,907.5773,0.9,5.937272,24.907,29.507,0.127,0.152,1.0,0.9953604340553284,1.0,31.7085325,2020-08-20 09:00:00
9.161000252,80.94732666,0.0,938.5508423,5.400000095,10.73983192,8.111000061,9.811000824,0.248999998,0.248999998,0.0,0.002562360721640289,0.0,0.0,2021-01-14 15:00:00
31.26099968,14.22691917,0.0,937.758667,0.0,12.97998428,29.91100121,22.61100006,0.133000001,0.150999993,0.0,0.015311597846448421,0.0,0.0,2020-10-14 21:00:00
22.51099968,32.0447731,0.0,930.3483276,0.0,8.669948578,25.56100082,26.86100006,0.133000001,0.150999993,0.0,0.002529602963477373,0.0,0.0,2021-08-07 06:00:00
41.1145,16.10633,0.0,961.45197,27.300001,7.42159,43.5145,33.414497,0.116,0.146,1.0,0.9953621029853821,1.0,29.50521128,2020-08-18 21:00:00
14.51100063,43.27046585,0.0,930.2825317,0.0,12.53813362,17.61100006,18.96100044,0.159999996,0.195999995,0.0,0.0025250593898817897,0.0,0.0,2022-04-09 06:00:00
9.911000252,62.85844421,0.0,931.9056396,24.0,9.449571609,15.16100025,20.96100044,0.133000001,0.149000004,0.0,0.0025237068378676972,0.0,0.0,2021-09-28 12:00:00
4.111000061,83.76895142,0.0,927.8200684,18.60000038,6.569382668,9.161000252,12.96100044,0.236000001,0.250999987,0.0,0.0025292239927997193,0.0,0.0,2022-04-27 12:00:00
10.31100082,43.14290237,0.0,932.8449707,0.0,3.4152596,8.861000061,14.36100006,0.123000003,0.143000007,0.0,0.002528731129132211,0.0,0.0,2023-11-01 09:00:00
27.16100121,31.93125916,0.0,929.4454956,0.0,8.28782177,26.81100082,22.66100121,0.134000003,0.158000007,0.0,0.00906192014614741,0.0,0.0,2021-06-03 18:00:00
12.21100044,19.97989082,0.0,937.6030273,0.0,4.024922371,4.261000156,9.211000443,0.180000007,0.186000004,0.0,0.0025659649011989436,0.0,0.0,2020-12-05 15:00:00
29.81100082,23.00977898,0.0,935.182312,12.89999962,15.48418522,35.06099701,28.11100006,0.133000001,0.150999993,0.0,0.002634346989604334,0.0,0.0,2021-08-01 00:00:00
2.06099987,59.59585953,0.0,939.4347534,0.0,4.735060215,3.06099987,6.361000061,0.245000005,0.261000007,0.0,0.0025604263646528125,0.0,0.0,2022-02-27 15:00:00
29.01099968,29.25304794,0.0,930.9295044,0.0,13.60876179,32.31099701,25.61100006,0.133000001,0.151999995,0.0,0.0093054484265546,0.0,0.0,2021-06-30 21:00:00
20.31100082,43.56261444,0.0,929.2108154,0.300000012,10.49571323,24.21100044,20.06100082,0.144999996,0.186000004,0.0,0.0025234240650509796,0.0,0.0,2023-06-04 03:00:00
8.361000061,85.73817444,0.0,930.4488525,19.20000076,4.394360065,8.261000633,11.66100025,0.246999994,0.243000001,0.0,0.002531969492944578,0.0,0.0,2021-12-08 09:00:00
20.16100121,47.70147324,0.0,939.9118652,3.600000143,15.50927353,20.41100121,14.61100006,0.289000005,0.312000006,0.0,0.0026652123779058456,0.0,0.0,2020-04-23 00:00:00
25.397999,48.325634,0.0,998.2046,0.0,4.0249224,21.448,20.397999,0.255,0.285,1.0,0.9953517913818359,1.0,38.86821014,2023-09-12 19:00:00
14.86100006,61.01387787,0.0,935.6048584,48.0,3.976329803,11.71100044,8.111000061,0.368000001,0.365999997,0.0,0.00289860957612594,0.0,0.0,2020-01-23 21:00:00
16.51099968,63.07804108,0.0,934.2311401,23.70000076,16.92382813,21.81100082,23.81100082,0.134000003,0.153999999,0.0,0.03421884519048035,0.0,0.0,2022-07-09 06:00:00
29.496,27.381636,0.0,955.6192,0.0,11.183201,30.446,23.196,0.134,0.154,1.0,0.995358924070994,1.0,35.81298852,2020-09-01 22:00:00
18.0445,65.56015,0.0,937.22095,27.9,1.1384199,21.2445,26.2445,0.138,0.154,1.0,0.9953468441963196,1.0,32.86007727,2020-08-21 09:00:00
30.286999,25.53615,0.0,951.9887,6.0,12.594856,31.337,34.037,0.111,0.138,1.0,0.9953616658846537,1.0,28.25564864,2020-08-18 10:00:00
5.611000061,76.53965759,0.0,929.5474243,55.79999924,17.25373077,8.811000824,13.31100082,0.163000003,0.210999995,0.0,0.0025208444179346166,0.0,0.0,2022-05-08 15:00:00
3.361000061,98.24984741,0.400000006,922.4800415,100.0,7.89541626,6.361000061,10.46100044,0.354999989,0.192000002,0.0,0.00252611997226874,0.0,0.0,2022-11-08 09:00:00
12.16100025,39.30364227,0.0,931.9102173,37.5,2.18979454,10.76100063,16.96100044,0.115000002,0.143000007,0.0,0.0025231960462406278,0.0,0.0,2023-10-14 15:00:00
34.085003,22.711393,0.0,915.46844,15.3,18.59845,37.285,29.685,0.128,0.152,1.0,0.9953605135281881,1.0,27.5,2020-08-17 21:00:00
14.76100063,45.70915985,0.0,937.3183594,0.0,5.692099571,13.06100082,10.16100025,0.316000015,0.224999994,0.0,0.04055089262935022,0.0,0.0,2022-04-17 18:00:00
19.107,63.66141,0.0,951.34906,25.800001,13.363711,23.807001,28.057001,0.136,0.157,1.0,0.9953620235125223,1.0,33.99722599,2020-08-22 10:00:00
20.51099968,34.61112976,0.0,931.927002,0.0,13.49399853,25.36100006,18.66100121,0.134000003,0.166999996,0.0,0.0025581204099580646,0.0,0.0,2021-05-08 00:00:00
26.6545,20.019775,0.0,958.201,0.0,13.698934,30.0545,33.4045,0.127,0.15,1.0,0.9953619043032328,1.0,30.86754761,2020-08-20 09:00:00
34.045,15.794586,0.0,943.37,0.0,4.8433046,35.745,29.295,0.132,0.15,1.0,0.995360791683197,1.0,33.81433206,2020-08-21 20:00:00
10.36100006,99.66693878,0.899999976,931.486145,100.0,8.557102203,9.861000061,9.411000252,0.375999987,0.337000012,0.0,0.002527013188228011,0.0,0.0,2023-12-29 18:00:00
4.511000156,58.23814011,0.0,935.6151123,17.70000076,5.116561413,2.56099987,7.261000156,0.338,0.34799999,0.0,0.0025654886849224567,0.0,0.0,2020-01-07 12:00:00
25.16100121,41.63159943,0.0,932.7907715,0.0,1.484318018,21.96100044,24.41100121,0.109999999,0.150000006,0.0,0.002525711393294235,0.0,0.0,2023-08-13 15:00:00
27.5475,33.021427,0.0,915.3257,16.2,10.495713,28.1975,30.2975,0.127,0.152,1.0,0.9953573942184448,1.0,28.44600611,2020-08-18 10:00:00
10.46100044,58.06942749,0.0,925.4733887,22.80000114,8.28782177,11.01100063,17.16100121,0.114,0.144999996,0.0,0.0025247378507629037,0.0,0.0,2023-10-12 15:00:00
2.911000013,58.47888184,0.0,938.2346802,3.300000191,4.896529198,3.111000061,7.81099987,0.294,0.245000005,0.0,0.0025466571484381952,0.0,0.0,2020-12-19 12:00:00
6.698,48.714794,0.0,1002.0553,0.0,12.313894,6.748,7.6480002,0.4,0.426,1.0,0.9953091939290365,1.0,37.20262499,2023-01-30 19:00:00
20.9495,20.711296,0.0,889.131,0.9,10.009036,24.599499,28.5495,0.137,0.151,1.0,0.9953616261482239,1.0,31.33220931,2020-08-20 09:00:00
6.710999966,57.31629181,0.0,930.6044922,14.10000038,6.369049549,5.81099987,9.411000252,0.218999997,0.256999999,0.0,0.002528295813438793,0.0,0.0,2020-02-21 12:00:00
2.710999966,78.30665588,0.0,931.6900024,7.500000477,5.495161057,4.511000156,7.81099987,0.268000007,0.245000005,0.0,0.0025361249378571906,0.0,0.0,2021-01-01 12:00:00
17.76099968,58.87067413,0.0,932.0987549,0.0,4.349896431,19.31100082,21.96100044,0.143000007,0.166999996,0.0,0.0025437293418993554,0.0,0.0,2022-10-06 06:00:00
20.2995,59.874165,0.0,942.65027,3.3000002,3.219938,22.2495,25.949501,0.133,0.16,1.0,0.9953482151031494,1.0,34.34837766,2020-08-23 10:00:00
29.76099968,13.3085947,0.0,936.1824341,0.0,3.893995285,25.01099968,22.41100121,0.133000001,0.150999993,0.0,0.002608381793834269,0.0,0.0,2020-10-15 18:00:00
25.06100082,31.02168465,0.0,933.592041,0.0,13.00492191,28.21100044,21.66100121,0.133000001,0.152999997,0.0,0.003054347742969791,0.0,0.0,2021-06-24 21:00:00
24.813501,17.920652,0.0,918.0741,0.0,13.397612,27.5135,31.4135,0.123,0.149,1.0,0.9953598578770956,1.0,31.52118882,2020-08-20 09:00:00
9.811000824,96.6990509,0.0,930.1376343,100.0,8.534353256,15.81100082,20.51099968,0.136000007,0.175999999,0.0,0.0025251441402360797,0.0,0.0,2022-05-27 12:00:00
18.31100082,71.46278381,0.0,931.4234009,72.0,13.39761162,23.56100082,20.36100006,0.133000001,0.150999993,0.0,0.0025261253273735442,0.0,0.0,2020-10-11 00:00:00
5.160999775,87.53472137,0.0,928.1337891,40.20000076,8.161764145,5.160999775,8.611000061,0.248999998,0.179000005,0.0,0.0025237552666415772,0.0,0.0,2023-11-30 12:00:00
1.260999918,90.3878479,0.0,937.1794434,84.0,5.154415607,3.010999918,5.011000156,0.375999987,0.361000001,0.0,0.0025405911340688667,0.0,0.0,2020-01-18 09:00:00
15.552501,87.31712,0.0,998.01715,1.8,7.69592,18.602499,22.9525,0.174,0.277,1.0,0.9953598380088806,1.0,36.09608441,2020-10-19 10:00:00
17.26099968,39.6608696,0.0,931.1359863,0.0,1.138419867,11.96100044,14.21100044,0.184,0.224000007,0.0,0.002548036320755879,0.0,0.0,2022-05-04 15:00:00
3.710999966,86.46469116,0.0,937.7479858,30.60000038,4.51078701,3.210999966,5.261000156,0.338,0.340999991,0.0,0.0025780517995978394,0.0,0.0,2022-12-20 12:00:00
14.56100082,60.52670288,0.0,931.5796509,11.39999962,13.77911377,16.91100121,12.61100006,0.307000011,0.321999997,0.0,0.0025342062581330538,0.0,0.0,2020-04-20 00:00:00
19.292,42.24361,0.0,903.3049,8.099999,5.3999996,21.942,27.542,0.127,0.152,1.0,0.9953577319780985,1.0,33.12463507,2020-08-21 09:00:00
10.41100025,98.01703644,0.0,926.1914673,59.70000076,7.771330833,13.86100006,16.96100044,0.162,0.209999993,0.0,0.002524152980186045,0.0,0.0,2020-05-17 09:00:00
30.642002,12.134597,0.0,908.4733,0.0,11.609651,32.642002,27.142,0.133,0.153,1.0,0.9953336715698242,1.0,32.14534009,2020-08-20 20:00:00
31.81100082,27.54668045,0.0,932.3705444,0.0,12.55879021,32.36100006,23.31100082,0.135000005,0.174999997,0.0,0.0033991201780736446,0.0,0.0,2020-06-23 21:00:00
9.961000443,40.11664581,0.0,935.6725464,56.40000153,15.51762867,11.11100006,8.611000061,0.25999999,0.268999994,0.0,0.0025344042805954814,0.0,0.0,2021-03-08 21:00:00
12.71100044,54.66908264,0.0,929.2266235,63.89999771,9.693296432,12.41100025,7.960999966,0.398999989,0.416000009,0.0,0.0025486359760786095,0.0,0.0,2023-03-15 21:00:00
4.361000061,92.23242188,0.300000012,923.1442261,100.0,17.72794342,6.011000156,5.410999775,0.42899999,0.426999986,0.0,0.0025238296560322246,0.0,0.0,2023-03-29 21:00:00
35.612,7.5465436,0.0,973.16174,0.0,14.007655,38.162,32.211998,0.104,0.137,1.0,0.9953618248303732,1.0,32.02107712,2020-08-20 20:00:00
24.481,39.81362,0.0,935.0327,46.5,4.6800003,26.381,30.681002,0.125,0.148,1.0,0.9953379432360331,1.0,34.58484122,2020-08-23 10:00:00
24.11100006,29.50136757,0.0,933.4352417,6.600000381,10.49571323,30.81100082,27.76099968,0.112999998,0.152999997,0.0,0.0025645531325911484,0.0,0.0,2023-07-31 03:00:00
33.7265,21.505445,0.0,894.5848,27.000002,14.973577,36.4265,28.1265,0.127,0.152,1.0,0.9953609108924866,1.0,29.80106969,2020-08-18 21:00:00
3.510999918,98.59939575,0.0,924.3518066,90.0,8.209262848,4.210999966,5.761000156,0.418000013,0.425999999,0.0,0.0025236563912282386,0.0,0.0,2021-12-30 09:00:00
9.311000824,61.61299133,0.0,936.581604,15.29999924,12.97998428,8.761000633,7.511000156,0.319000006,0.328000009,0.0,0.002544973394833505,0.0,0.0,2021-03-22 18:00:00
35.9655,22.734913,0.0,923.09924,26.7,14.264361,38.4655,30.015501,0.137,0.151,1.0,0.9953291018803915,1.0,29.44421174,2020-08-18 21:00:00
19.76099968,52.83140564,0.0,931.7249756,0.0,2.741678238,19.76099968,23.26099968,0.133000001,0.151999995,0.0,0.002668724705775579,0.0,0.0,2021-07-05 15:00:00
12.06100082,65.36454773,0.0,929.225769,0.900000036,6.696386814,15.91100025,20.51099968,0.112999998,0.147,0.0,0.00252160356224825,0.0,0.0,2023-09-28 09:00:00
19.06100082,24.62460899,0.100000001,932.9121094,18.0,11.43531322,20.96100044,14.96100044,0.137999997,0.160999998,0.0,0.0025325187016278505,0.0,0.0,2021-05-22 21:00:00
-0.289000005,71.3862381,0.0,937.4274292,0.0,6.151682854,3.510999918,6.460999966,0.395999998,0.405000001,0.0,0.002531871277218064,0.0,0.0,2023-01-21 06:00:00
20.71100044,34.9116478,0.0,929.8688965,21.60000038,2.741678238,16.36100006,18.66100121,0.165000007,0.229000002,0.0,0.002563588631649812,0.0,0.0,2020-05-09 15:00:00
21.86100006,41.82274246,0.0,930.543335,0.0,6.43987608,25.26099968,26.81100082,0.133000001,0.155000001,0.0,0.0027728384205450616,0.0,0.0,2020-07-30 06:00:00
8.361000061,37.73952103,0.0,936.0291748,3.600000143,5.588702679,0.361000001,3.611000061,0.337000012,0.34799999,0.0,0.0025344473542645574,0.0,0.0,2023-02-01 18:00:00
8.011000633,87.49674225,0.0,939.7680664,0.0,2.595996857,11.06100082,10.96100044,0.211999997,0.252000004,0.0,0.0029913724089662233,0.0,0.0,2020-02-24 03:00:00
5.611000061,75.72322083,1.5,927.4451904,100.0,5.447788239,9.061000824,9.661000252,0.209000006,0.231999993,0.0,0.002525743950779239,0.0,0.0,2020-03-01 21:00:00
20.71100044,23.14645767,0.0,929.5015869,0.0,3.617955208,16.01099968,19.26099968,0.134000003,0.164000005,0.0,0.002579557515370349,0.0,0.0,2021-05-11 15:00:00
9.111000061,62.67070007,0.100000001,930.4840698,100.0,5.692099571,9.161000252,7.06099987,0.379000008,0.363999993,0.0,0.0025376113674913845,0.0,0.0,2022-12-06 21:00:00
31.7965,20.663816,0.0,939.44543,36.0,15.683774,33.3965,26.5465,0.134,0.154,1.0,0.9952619075775146,1.0,34.71808997,2020-08-23 21:00:00
13.41100025,73.7062912,0.0,927.6832886,27.0,3.259938478,18.06100082,23.26099968,0.133000001,0.158999994,0.0,0.007874665471414724,0.0,0.0,2020-07-15 12:00:00
32.06099701,16.94945526,0.0,929.6694946,0.0,6.952754498,36.61100006,26.46100044,0.112999998,0.149000004,0.0,0.002930163716276487,0.0,0.0,2023-08-31 00:00:00
29.8595,9.7838125,0.0,937.70514,0.0,16.363178,30.5595,32.7595,0.132,0.15,1.0,0.9953479965527853,1.0,30.3663724,2020-08-19 10:00:00
9.061000824,68.45689392,0.0,933.0315552,0.0,7.594208241,8.711000443,12.46100044,0.225999996,0.238999993,0.0,0.002524566176968316,0.0,0.0,2021-01-17 12:00:00
26.36100006,24.06438065,0.0,933.8383789,62.70000076,9.826087952,27.41100121,22.91100121,0.133000001,0.150999993,0.0,0.0025668261029447117,0.0,0.0,2020-09-17 21:00:00
-0.538999975,66.62341309,0.0,938.7174072,0.0,5.804825306,1.110999942,5.210999966,0.398999989,0.405000001,0.0,0.0025345470445851483,0.0,0.0,2023-01-21 12:00:00
8.961000443,35.69377899,0.0,936.6622925,0.0,6.287129879,7.460999966,10.41100025,0.194999993,0.187999994,0.0,0.0025306080545609197,0.0,0.0,2020-12-01 06:00:00
12.731001,89.69613,0.0,997.4232,0.6,3.2399998,14.981001,18.181,0.186,0.307,1.0,0.9953557054201762,1.0,38.0999297,2023-06-08 10:00:00
29.494,25.324986,0.0,938.9852,6.0,12.594856,30.544,33.244,0.111,0.138,1.0,0.9953333338101705,1.0,28.14055969,2020-08-18 10:00:00
7.111000061,86.80626678,0.100000001,930.6311035,100.0,10.1376915,11.81100082,17.56100082,0.140000001,0.149000004,0.0,0.0025220019354795418,0.0,0.0,2021-10-08 12:00:00
26.512001,10.769863,0.0,907.6421,0.3,14.88242,27.262001,29.762001,0.127,0.152,1.0,0.9953611890474955,1.0,30.50760521,2020-08-19 10:00:00
29.66100121,25.28321266,0.0,933.6713867,0.0,9.290511131,28.11100006,22.76099968,0.134000003,0.158999994,0.0,0.9317376216252645,1.0,0.0,2021-06-01 18:00:00
7.660999775,52.15719223,0.0,939.0241089,0.0,7.636752605,0.061000001,3.010999918,0.379999995,0.39199999,0.0,0.0025283300783485174,0.0,0.0,2022-01-02 18:00:00
10.36100006,74.69147491,0.100000001,934.4154053,100.0,11.84175587,11.61100006,11.36100006,0.31099999,0.324000001,0.0,0.0025258605601266026,0.0,0.0,2020-04-20 18:00:00
17.71100044,64.19739532,0.0,928.8741455,13.50000095,8.404284477,23.46100044,21.21100044,0.156000003,0.224000007,0.0,0.002527938884062072,0.0,0.0,2020-05-10 03:00:00
10.76100063,51.50482941,0.0,935.5379639,4.200000286,6.109402657,8.811000824,12.21100044,0.216999993,0.259000003,0.0,0.0025468587021653852,0.0,0.0,2022-02-14 09:00:00
31.3185,24.290354,0.0,975.3628,11.7,9.1641035,32.518497,34.768497,0.104,0.137,1.0,0.9953617850939432,1.0,28.36934715,2020-08-18 10:00:00
15.763,85.36918,0.0,998.3576,42.3,8.14587,20.913,25.713,0.174,0.272,1.0,0.9953610698382059,1.0,36.93528347,2022-09-13 10:00:00
6.960999966,85.88856506,0.300000012,926.6550293,100.0,10.80599785,7.210999966,8.861000061,0.360000014,0.203999996,0.0,0.0025298179437716803,0.0,0.0,2023-12-18 15:00:00
6.111000061,88.23970032,0.0,935.8208008,29.70000076,3.877318382,6.710999966,8.861000061,0.259000003,0.252999991,0.0,0.002597008792993923,0.0,0.0,2021-01-12 06:00:00
3.161000013,99.64720917,0.0,924.1553345,100.0,9.227523804,4.861000061,6.31099987,0.423999995,0.432000011,0.0,0.002524278669928511,0.0,0.0,2023-01-17 06:00:00
41.6995,16.234846,0.0,970.8958,27.300001,7.42159,44.099503,33.9995,0.116,0.146,1.0,0.9953621029853821,1.0,29.671419,2020-08-18 21:00:00
31.7465,18.941555,0.0,937.41974,0.0,14.372974,32.9965,25.2465,0.133,0.152,1.0,0.9942739208539327,1.0,35.55853087,2020-08-30 21:00:00
12.098001,58.686253,0.0,1012.2125,29.400002,6.28713,8.548,7.348,0.473,0.487,1.0,0.9953216512997946,1.0,37.27502557,2023-02-07 19:00:00
6.210999966,65.44873047,0.0,939.4158325,0.0,7.091177464,8.111000061,8.661000252,0.335000008,0.34799999,0.0,0.0025417690242951116,0.0,0.0,2020-01-07 03:00:00
18.351501,81.35727,0.0,959.58746,0.9,4.802999,21.5515,25.101501,0.114,0.151,1.0,0.9953591823577881,1.0,35.10505346,2020-08-25 09:00:00
16.31100082,34.37381363,0.0,929.8654785,0.0,5.091168404,19.21100044,24.31100082,0.133000001,0.152999997,0.0,0.0028184461019312343,0.0,0.0,2022-07-15 12:00:00
10.548,84.23288,0.0,1002.1888,15.000001,1.835647,12.048,15.348001,0.25,0.32,1.0,0.9953513344128927,1.0,36.72551845,2022-03-24 10:00:00
10.063499,58.591133,0.0,995.9806,0.0,8.913181,9.813499,13.813499,0.221,0.319,1.0,0.9953490893046061,1.0,36.58653305,2021-03-30 10:00:00
10.41100025,34.66604233,0.0,934.3384399,28.50000191,9.686609268,13.01100063,16.16100121,0.185000002,0.241999999,0.0,0.002528663957491517,0.0,0.0,2020-05-06 12:00:00
31.774,27.720367,0.0,942.52136,0.0,11.367109,32.274,26.324001,0.134,0.154,1.0,0.9953599572181702,1.0,33.42256604,2020-08-21 20:00:00
16.9785,48.803734,0.0,995.916,0.0,9.585739,12.6285,11.6285,0.402,0.396,1.0,0.9953256448109945,1.0,39.99553621,2023-11-23 19:00:00
12.948,59.30828,0.0,1004.6901,30.000002,6.5693827,10.348001,9.598001,0.417,0.409,1.0,0.9953316251436869,1.0,37.12059734,2022-11-11 19:00:00
7.31099987,69.06900787,0.0,928.7696533,80.40000153,9.199390411,10.91100025,12.41100025,0.181999996,0.214000002,0.0,0.0025213948683813214,0.0,0.0,2022-03-19 12:00:00
19.01099968,19.46235657,0.0,929.8701782,0.0,12.75843239,16.26099968,11.96100044,0.209000006,0.231999993,0.0,0.0025310524894545474,0.0,0.0,2021-01-18 21:00:00
19.46100044,43.17385864,0.0,931.0933228,0.0,6.369049549,22.11100006,26.16100121,0.133000001,0.155000001,0.0,0.0031532979725549617,0.0,0.0,2020-07-31 09:00:00
12.81100082,63.7483139,0.400000006,930.9037476,67.20000458,8.350137711,11.96100044,9.411000252,0.31099999,0.317000002,0.0,0.0025326989125460386,0.0,0.0,2021-02-09 21:00:00
19.315,63.707615,0.0,954.9129,25.800001,13.363711,24.015001,28.265001,0.136,0.157,1.0,0.9953620235125223,1.0,33.91916017,2020-08-22 10:00:00
19.66100121,54.96689987,0.0,940.5100098,8.700000763,4.735060215,16.16100121,12.16100025,0.298000008,0.317999989,0.0,0.002685265033505857,0.0,0.0,2020-04-22 18:00:00
19.81100082,39.70298004,0.0,933.6663208,0.0,16.87397957,22.36100006,17.76099968,0.238000005,0.280999988,0.0,0.0025213564901302257,0.0,0.0,2020-04-27 00:00:00
19.824,54.46114,0.0,993.9362,0.0,7.7043357,21.924,25.424,0.174,0.273,1.0,0.9953595995903015,1.0,36.91597994,2022-09-02 10:00:00
34.21099854,12.00558949,0.0,928.90979,0.0,0.509116888,36.11100006,31.61100006,0.133000001,0.150000006,0.0,0.0029776226729154587,0.0,0.0,2022-09-06 03:00:00
20.163,59.64524,0.0,963.0314,12.6,2.7416782,22.013,26.363,0.241,0.277,1.0,0.9953614274660746,1.0,33.93390514,2020-08-22 10:00:00
22.71100044,26.36582756,0.0,931.8712158,0.0,3.319036007,25.61100006,24.91100121,0.133000001,0.150999993,0.0,0.0025512228797500334,0.0,0.0,2020-10-17 03:00:00
15.76100063,66.16822815,0.0,928.9801636,11.69999981,1.835646987,18.06100082,21.76099968,0.133000001,0.152999997,0.0,0.003338873037137091,0.0,0.0,2021-06-23 15:00:00
29.272,19.00519,0.0,971.50934,0.0,4.379589,30.171999,34.072,0.104,0.138,1.0,0.9953619837760925,1.0,31.15633894,2020-08-20 09:00:00
6.761000156,59.46111298,0.0,932.3566284,7.200000286,10.96671295,6.81099987,8.461000443,0.26699999,0.244000003,0.0,0.0025266988668590784,0.0,0.0,2021-01-01 06:00:00
13.26100063,95.21334076,0.0,933.2297974,100.0,3.396233082,14.76100063,13.91100025,0.165000007,0.147,0.0,0.002535503047207991,0.0,0.0,2021-10-21 00:00:00
34.1945,15.391274,0.0,936.9963,0.0,18.39878,35.8945,27.9945,0.137,0.151,1.0,0.9933040738105774,1.0,30.66042014,2020-08-19 21:00:00
17.41100121,30.03401947,0.0,932.7366943,3.300000191,6.109402657,12.36100006,11.56100082,0.131999999,0.158999994,0.0,0.002750662349474927,0.0,0.0,2023-11-12 18:00:00
28.355,30.580532,0.0,951.5574,0.0,12.57426,30.205,25.205,0.138,0.154,1.0,0.9953608711560568,1.0,35.2408348,2020-08-26 20:00:00
18.76099968,62.33624649,0.0,938.336792,0.0,2.276839733,19.36100006,14.81100082,0.317999989,0.310000002,0.0,0.0025778179988265038,0.0,0.0,2021-11-12 00:00:00
14.31100082,70.94533539,0.0,932.0595093,70.80000305,12.86464882,18.66100121,18.46100044,0.213,0.264999986,0.0,0.002522989952315887,0.0,0.0,2020-04-30 03:00:00
14.41100025,83.83296204,0.0,926.4967651,0.0,6.119999886,21.96100044,25.21100044,0.133000001,0.157000005,0.0,0.002714149265860518,0.0,0.0,2020-07-22 06:00:00
19.009,39.47242,0.0,915.68243,2.6999998,9.290511,22.759,27.909,0.133,0.153,1.0,0.9953484932581583,1.0,33.15257545,2020-08-21 09:00:00
7.31099987,79.01179504,0.0,926.9406128,5.100000381,5.091168404,5.861000061,5.511000156,0.40200001,0.412999988,0.0,0.0025464155866454044,0.0,0.0,2021-12-30 18:00:00
6.111000061,73.41212463,0.0,932.7126465,20.70000076,8.788720131,4.611000061,6.511000156,0.358999997,0.368999988,0.0,0.0025298045948147774,0.0,0.0,2020-01-01 15:00:00
30.783,24.232277,0.0,961.4623,0.0,14.799459,30.633,23.233002,0.134,0.158,1.0,0.9953597585360209,1.0,35.58357105,2020-08-30 21:00:00
20.0615,56.551018,0.0,966.4534,0.0,16.394829,27.011501,33.5615,0.097,0.143,1.0,0.9953617850939432,1.0,33.23253976,2020-08-21 09:00:00
14.16100025,68.56015778,0.0,934.2168579,0.0,10.16322708,14.41100025,15.96100044,0.164000005,0.200000003,0.0,0.00253214865612487,0.0,0.0,2022-05-14 09:00:00
33.4755,16.057056,0.0,924.25287,0.0,5.692099,35.775497,28.7255,0.123,0.149,1.0,0.9953233599662781,1.0,33.72224164,2020-08-21 20:00:00
20.71100044,60.96089554,0.0,931.7970581,34.20000076,7.244860172,23.16100121,26.91100121,0.133000001,0.150000006,0.0,0.002990824015190204,0.0,0.0,2022-09-11 09:00:00
29.611,25.356153,0.0,940.89465,6.0,12.594856,30.661001,33.361,0.111,0.138,1.0,0.9953570365905762,1.0,28.17065134,2020-08-18 10:00:00
31.117,24.237572,0.0,971.9747,11.7,9.1641035,32.316998,34.566998,0.104,0.137,1.0,0.9953617453575134,1.0,28.23980708,2020-08-18 10:00:00
14.26100063,94.01690674,0.100000001,926.2718506,90.0,3.4152596,17.46100044,20.66100121,0.112999998,0.145999998,0.0,0.0025418621177474656,0.0,0.0,2023-10-10 09:00:00
30.81100082,16.48436928,0.0,932.3963623,0.0,13.97987175,34.11100006,25.31100082,0.133000001,0.150999993,0.0,0.0025409929609547057,0.0,0.0,2021-07-18 00:00:00
13.36100006,92.74936676,0.0,930.4177856,22.20000076,7.072877884,15.96100044,18.36100006,0.134000003,0.156000003,0.0,0.0026939549716189504,0.0,0.0,2021-06-12 12:00:00
17.147999,60.527267,0.0,1001.1947,23.400002,6.638072,16.397999,19.998,0.175,0.27,1.0,0.9953573147455851,1.0,37.04338323,2022-10-19 10:00:00
27.9635,27.9021,0.0,940.2265,0.0,13.513193,28.9135,22.1635,0.134,0.159,1.0,0.9953481157620748,1.0,35.46486837,2020-08-29 21:00:00
22.76099968,32.90525818,0.0,934.3649292,0.0,3.877318382,23.81100082,26.16100121,0.133000001,0.150999993,0.0,0.002673556678928435,0.0,0.0,2020-09-30 06:00:00
27.96100044,30.36875725,0.0,930.0183105,0.0,9.659813881,27.81100082,25.01099968,0.133000001,0.150999993,0.0,0.002634700775767366,0.0,0.0,2022-08-24 18:00:00
10.16100025,54.38152695,0.0,927.9504395,5.700000286,6.034699917,12.61100006,14.96100044,0.194999993,0.245000005,0.0,0.002526030371276041,0.0,0.0,2023-04-25 06:00:00
10.31100082,45.24937057,0.0,936.6895142,0.0,9.0,8.911000252,10.91100025,0.229000002,0.246000007,0.0,0.0025544143669928112,0.0,0.0,2022-03-01 09:00:00
30.892,9.244508,0.0,954.28394,0.0,18.171976,31.942001,34.542,0.115,0.145,1.0,0.9953619837760925,1.0,30.54318074,2020-08-19 10:00:00
10.1355,53.985947,0.0,995.53064,0.0,7.8954163,8.4355,11.4355,0.208,0.279,1.0,0.9953489700953165,1.0,36.30156837,2020-12-10 10:00:00
6.410999775,57.65973663,0.0,936.1842041,30.00000191,5.399999619,6.160999775,9.511000633,0.25,0.243000001,0.0,0.0025573672028258443,0.0,0.0,2020-12-24 06:00:00
24.3805,38.7317,0.0,918.7186,12.3,5.00128,23.6805,27.730501,0.127,0.152,1.0,0.9953592816988627,1.0,34.33668675,2020-08-23 10:00:00
7.710999966,98.64561462,0.0,935.0148315,100.0,4.80299902,8.111000061,8.511000633,0.384000003,0.333999991,0.0,0.0025431199852998057,0.0,0.0,2021-03-19 15:00:00
31.779001,8.847633,0.0,918.6125,0.0,11.177405,33.629,27.979,0.127,0.152,1.0,0.9953613877296448,1.0,32.49112656,2020-08-20 20:00:00
11.31100082,84.89131927,0.899999976,931.2095947,90.30000305,4.51078701,11.41100025,9.361000061,0.229000002,0.196999997,0.0,0.002532318040418128,0.0,0.0,2023-12-18 00:00:00
13.26100063,61.6884079,0.0,928.3739624,46.79999924,8.825508118,16.01099968,20.86100006,0.112999998,0.159999996,0.0,0.0025276808300986886,0.0,0.0,2023-07-08 15:00:00
23.81100082,30.24740791,0.0,936.2052002,0.0,5.191993713,18.56100082,12.51100063,0.216999993,0.243000001,0.0,0.002956481766887009,0.0,0.0,2021-12-01 21:00:00
19.2235,39.534172,0.0,919.2211,2.6999998,9.290511,22.9735,28.123499,0.133,0.153,1.0,0.9953487714131674,1.0,33.04307999,2020-08-21 09:00:00
18.41100121,53.5520134,0.0,931.0836792,0.0,7.636752605,24.61100006,27.61100006,0.112999998,0.151999995,0.0,0.00256090199885269,0.0,0.0,2023-08-08 06:00:00
36.003,20.174541,0.0,922.2364,22.2,17.673029,39.052998,31.153,0.123,0.149,1.0,0.9953521688779196,1.0,27.5,2020-08-17 21:00:00
5.011000156,54.79534149,0.0,934.2119141,0.0,3.960000038,6.460999966,12.71100044,0.143999994,0.156000003,0.0,0.002527709351852536,0.0,0.0,2023-11-09 12:00:00
38.01099777,14.70500755,0.0,932.5966797,30.00000191,14.79945946,39.26099777,27.61100006,0.112999998,0.157000005,0.0,0.0032635353660831847,0.0,0.0,2023-07-16 21:00:00
15.8525,72.43211,0.0,948.86346,1.8,4.452954,18.6025,23.4025,0.134,0.158,1.0,0.9953592816988627,1.0,35.52611819,2020-08-30 09:00:00
36.735,20.763708,0.0,937.3456,26.7,15.778516,39.135,31.185001,0.132,0.149,1.0,0.9953499237696329,1.0,29.83793212,2020-08-18 21:00:00
32.4665,22.60372,0.0,951.2047,0.0,11.923557,32.7165,24.216501,0.134,0.153,1.0,0.9953613877296448,1.0,35.85558761,2020-09-03 21:00:00
17.379,58.777695,0.0,923.404,0.0,2.4149535,19.629,24.079,0.134,0.153,1.0,0.9951545596122742,1.0,35.62008456,2020-08-31 09:00:00
16.71100044,45.77971268,0.0,931.9937134,0.0,6.877789497,20.51099968,22.06100082,0.134000003,0.163000003,0.0,0.002606981860784193,0.0,0.0,2021-05-13 06:00:00
15.56100082,46.09747696,0.0,933.6005859,3.600000143,7.517020702,10.46100044,15.26100063,0.189999998,0.206,0.0,0.0025444342754781246,0.0,0.0,2022-03-24 12:00:00
28.26099968,17.27746964,0.0,933.6832886,0.0,4.394360065,25.56100082,22.06100082,0.133000001,0.150000006,0.0,0.0025238326052203774,0.0,0.0,2021-08-26 18:00:00
16.998,48.809097,0.0,996.26776,0.0,9.585739,12.648,11.648,0.402,0.396,1.0,0.9953256448109945,1.0,39.99553621,2023-11-23 19:00:00
21.775501,24.295723,0.0,928.3635,0.0,6.4096174,25.875502,31.6755,0.125,0.148,1.0,0.9953014850616455,1.0,33.25042506,2020-08-21 09:00:00
9.711000443,95.72438049,0.200000003,929.6513672,100.0,14.11365223,14.11100006,17.31100082,0.157000005,0.217999995,0.0,0.002524468000046909,0.0,0.0,2020-05-12 06:00:00
21.66100121,45.60037613,0.0,934.0719604,0.0,3.396233082,16.46100044,16.91100121,0.187999994,0.223000005,0.0,0.002560244291089475,0.0,0.0,2023-05-16 15:00:00
16.76099968,29.09181023,0.0,938.1522827,30.00000191,12.87975216,13.16100025,10.26100063,0.224999994,0.218999997,0.0,0.0028174419421702623,0.0,0.0,2022-03-21 18:00:00
4.861000061,66.83081055,0.0,929.5065918,12.0,5.991593838,3.81099987,8.511000633,0.261999995,0.289000005,0.0,0.0025282889449348054,0.0,0.0,2020-02-13 12:00:00
28.185,33.533054,0.0,924.13684,49.2,6.618519,28.285,31.085,0.133,0.149,1.0,0.6335437626888355,1.0,27.5,2020-08-17 10:00:00
5.210999966,85.70308685,0.0,923.5795288,1.799999952,7.386581898,9.861000061,10.16100025,0.294,0.31099999,0.0,0.002544542425312102,0.0,0.0,2021-03-26 03:00:00
13.933,91.2732,0.0,997.1717,1.8,5.8603754,18.183,22.983,0.174,0.268,1.0,0.9953596393267313,1.0,36.64093902,2021-08-26 10:00:00
13.0455,99.34869,0.0,999.4963,90.0,7.208994,17.4455,21.045502,0.177,0.307,1.0,0.9953579902648926,1.0,38.11408562,2023-06-17 10:00:00
2.010999918,69.2245636,0.0,934.3069458,0.0,7.695919991,2.111000061,6.861000061,0.351000011,0.349000007,0.0,0.0025304427836090326,0.0,0.0,2021-02-05 12:00:00
26.6255,20.665113,0.0,963.9039,0.0,8.049845,30.4755,34.3755,0.097,0.143,1.0,0.9953617850939432,1.0,31.20220969,2020-08-20 09:00:00
31.7885,35.55324,0.0,945.3594,0.0,13.746156,33.2885,25.4385,0.133,0.159,1.0,0.9953574538230896,1.0,34.9957756,2020-08-24 21:00:00
20.578999,59.940323,0.0,947.3787,3.3000002,3.219938,22.529,26.229,0.133,0.16,1.0,0.9953615069389343,1.0,34.41693239,2020-08-23 10:00:00
34.084,15.366928,0.0,935.2271,0.0,18.39878,35.784,27.883999,0.137,0.151,1.0,0.993350605169932,1.0,30.65867552,2020-08-19 21:00:00
28.51099968,25.2357769,0.0,933.2870483,18.60000038,5.771238804,29.91100121,24.46100044,0.133000001,0.150999993,0.0,0.002563457276361684,0.0,0.0,2020-10-07 00:00:00
3.260999918,94.49028778,0.0,934.8710938,1.799999952,8.404285431,5.56099987,8.161000252,0.384000003,0.360000014,0.0,0.002533703848409156,0.0,0.0,2021-02-03 09:00:00
6.81099987,39.77467346,0.0,934.7487183,0.300000012,10.23945332,5.210999966,8.061000824,0.263000011,0.289999992,0.0,0.0025299363769590855,0.0,0.0,2022-02-03 12:00:00
7.460999966,96.96948242,2.299999952,930.8255005,100.0,21.60300064,8.661000252,10.06100082,0.270999998,0.26699999,0.0,0.0025210853976507983,0.0,0.0,2021-03-06 09:00:00
33.9865,5.4164953,0.0,923.78345,0.0,3.319036,36.8865,30.0865,0.123,0.149,1.0,0.9953200221061707,1.0,32.46671485,2020-08-20 20:00:00
21.56100082,35.03406143,0.0,932.9431152,0.300000012,9.02157402,26.91100121,21.81100082,0.134000003,0.149000004,0.0,0.0026288789231330156,0.0,0.0,2021-09-20 00:00:00
13.76100063,72.04729462,0.0,926.956665,1.799999952,0.80498451,17.21100044,22.71100044,0.133000001,0.150000006,0.0,0.0025357341316218176,0.0,0.0,2021-09-17 09:00:00
21.567,20.871277,0.0,898.9866,0.9,10.009036,25.217,29.167,0.137,0.151,1.0,0.9953616261482239,1.0,31.35596259,2020-08-20 09:00:00
7.361000061,72.86225128,0.0,935.18573,30.59999847,8.47339344,9.261000633,7.111000061,0.342000008,0.34799999,0.0,0.0026398975557337203,0.0,0.0,2020-01-14 00:00:00
30.759,12.157959,0.0,910.31384,0.0,11.609651,32.759003,27.258999,0.133,0.153,1.0,0.9953274925549825,1.0,32.36812797,2020-08-20 20:00:00
23.71100044,46.31813431,0.0,931.6755371,18.60000038,6.792466164,23.16100121,19.01099968,0.136999995,0.166999996,0.0,0.0025428200994307795,0.0,0.0,2023-06-16 18:00:00
3.861000061,98.60332489,0.800000012,917.1487427,100.0,16.29969406,5.361000061,7.160999775,0.43599999,0.42899999,0.0,0.0025459860917180777,0.0,0.0,2023-01-16 03:00:00
22.96100044,47.66833115,0.0,927.5271606,0.0,5.937272072,29.81100082,27.96100044,0.111000001,0.150000006,0.0,0.0025641023724650345,0.0,0.0,2023-08-19 03:00:00
38.06099701,11.7363205,0.0,936.7600098,0.0,5.588702679,36.71099854,26.16100121,0.133000001,0.151999995,0.0,0.0028513810442139706,0.0,0.0,2020-09-05 21:00:00
1.960999966,93.08518982,0.100000001,923.7014771,50.09999847,7.92817688,5.261000156,7.160999775,0.335000008,0.340000004,0.0,0.0025302580712984004,0.0,0.0,2023-01-30 03:00:00
8.761000633,60.82470322,0.0,927.2716675,0.0,11.75387573,13.31100082,17.51099968,0.160999998,0.195999995,0.0,0.0025249609413246312,0.0,0.0,2022-04-09 12:00:00
33.7915,5.3921914,0.0,920.7052,0.0,3.319036,36.6915,29.8915,0.123,0.149,1.0,0.995359738667806,1.0,32.59257421,2020-08-20 20:00:00
5.761000156,42.43448639,0.0,937.909729,30.00000191,4.394360065,0.31099999,3.661000013,0.312999994,0.333000004,0.0,0.002539210681182643,0.0,0.0,2023-02-16 18:00:00
6.160999775,96.93824768,0.0,931.2648315,21.29999924,10.63067245,10.11100006,14.21100044,0.175999999,0.216999993,0.0,0.002533645989994208,0.0,0.0,2020-05-13 09:00:00
5.960999966,88.84672546,0.200000003,937.3300171,100.0,16.23596001,6.710999966,7.160999775,0.400000006,0.386000007,0.0,0.002531862041602532,0.0,0.0,2023-02-05 18:00:00
33.779,14.206807,0.0,934.5991,0.0,16.418526,35.479,27.529,0.138,0.154,1.0,0.9587854544321696,1.0,30.71741528,2020-08-19 21:00:00
13.76100063,69.88690186,0.0,929.4307861,55.79999924,4.553679466,15.61100006,17.51099968,0.134000003,0.150999993,0.0,0.002601573010906577,0.0,0.0,2020-10-25 18:00:00
20.76099968,35.66404724,0.0,932.2698364,9.900000572,5.804825306,25.36100006,27.36100006,0.133000001,0.150999993,0.0,0.003182504791766405,0.0,0.0,2021-07-24 06:00:00
-1.18900001,93.94429016,0.0,919.9088135,57.59999847,19.13087463,2.31099987,5.660999775,0.287999988,0.307000011,0.0,0.002539432840421796,0.0,0.0,2023-02-22 15:00:00
21.21100044,29.30547523,0.0,931.4720459,0.0,1.799999952,18.76099968,23.81100082,0.133000001,0.150000006,0.0,0.0025250271428376436,0.0,0.0,2022-08-26 15:00:00
13.41,81.51501,0.0,931.7689,1.8,6.763786,17.66,22.560001,0.134,0.159,1.0,0.9939671556154887,1.0,35.42046091,2020-08-29 10:00:00
18.480999,72.43233,0.0,971.2612,1.8,23.03156,25.781,32.681,0.084,0.13,1.0,0.9953617453575134,1.0,33.28857439,2020-08-21 09:00:00
28.8785,33.615208,0.0,997.0666,0.9,6.9899354,23.428501,20.678501,0.252,0.289,1.0,0.9953514536221822,1.0,38.60568215,2023-08-10 19:00:00
12.76100063,79.00431824,0.0,931.7141113,0.0,8.534353256,15.81100082,18.71100044,0.254999995,0.175999999,0.0,0.0025396974136432013,0.0,0.0,2022-09-22 06:00:00
31.529999,21.91046,0.0,913.5422,0.0,7.628263,33.18,26.08,0.127,0.152,1.0,0.9953515330950419,1.0,33.59130405,2020-08-21 20:00:00
3.81099987,98.25618744,0.0,942.7112427,67.5,6.989935875,5.111000061,8.011000633,0.347000003,0.356999993,0.0,0.0029763822288562856,0.0,0.0,2020-01-05 12:00:00
23.76099968,36.15146637,0.0,927.0938721,0.0,17.16335487,31.76099968,30.46100044,0.133000001,0.150000006,0.0,0.0026732114298890033,0.0,0.0,2021-08-17 03:00:00
35.8075,5.8463335,0.0,955.7974,0.0,8.669949,39.207497,32.3575,0.111,0.138,1.0,0.9953619043032328,1.0,32.44233309,2020-08-20 20:00:00
8.259,97.650665,0.0,999.4578,0.0,1.8,10.858999,14.459,0.29,0.344,1.0,0.9953509370485941,1.0,37.88759088,2023-05-12 10:00:00
12.51100063,48.9357605,0.0,929.8112793,0.0,7.386581898,16.61100006,20.86100006,0.133000001,0.149000004,0.0,0.002520303319518765,0.0,0.0,2021-09-29 06:00:00
8.811000824,31.05984879,0.0,934.6055908,10.20000076,22.46180725,8.661000252,11.16100025,0.272000015,0.178000003,0.0,0.002520575770176947,0.0,0.0,2023-11-20 09:00:00
34.396,21.673306,0.0,904.89,27.000002,14.973577,37.095997,28.796,0.127,0.152,1.0,0.9953609506289164,1.0,29.83948954,2020-08-18 21:00:00
10.31100082,48.49219894,0.0,927.7189941,39.59999847,9.114471436,10.91100025,9.911000252,0.150999993,0.194000006,0.0,0.002522324522336324,0.0,0.0,2021-04-26 18:00:00
11.71100044,37.47492981,0.0,932.3313599,0.0,15.98659325,13.96100044,16.81100082,0.237000003,0.280999988,0.0,0.002521605735334257,0.0,0.0,2020-04-27 09:00:00
13.16100025,29.02372551,0.0,934.3925781,0.0,2.276839733,8.461000443,7.910999775,0.226999998,0.263999999,0.0,0.002603392155530552,0.0,0.0,2020-02-19 18:00:00
37.318,19.109346,0.0,923.33344,26.400002,10.799999,40.318,31.068,0.123,0.149,1.0,0.9953529040018717,1.0,29.38969474,2020-08-18 21:00:00
2.960999966,97.89633942,0.0,924.916748,100.0,10.63067245,5.111000061,6.81099987,0.393999994,0.407999992,0.0,0.00252626141688476,0.0,0.0,2021-12-31 09:00:00
20.36100006,60.68019485,0.0,926.2861938,3.599999905,1.297998428,21.26099968,23.51099968,0.135000005,0.172999993,0.0,0.002691493951715529,0.0,0.0,2020-06-25 15:00:00
1.360999942,94.40659332,0.0,935.6588135,0.0,4.896529198,4.511000156,8.411000252,0.345999986,0.314999998,0.0,0.00257906139207383,0.0,0.0,2022-11-10 12:00:00
29.675,17.424944,0.0,936.6077,0.0,11.246759,29.625,23.375,0.134,0.153,1.0,0.9947344859441122,1.0,35.72310046,2020-08-31 20:00:00
21.9735,24.791908,0.0,925.50195,0.9,5.1544156,22.773499,27.4735,0.131,0.156,1.0,0.9953041871388754,1.0,30.90382099,2020-08-20 09:00:00
40.236,16.733116,0.0,975.7774,23.400002,24.48,42.586002,34.136,0.104,0.137,1.0,0.9953617850939432,1.0,27.5,2020-08-17 21:00:00
31.223501,9.301905,0.0,959.7649,0.0,18.171976,32.273502,34.8735,0.115,0.145,1.0,0.9953619837760925,1.0,30.57722924,2020-08-19 10:00:00
31.829998,8.923492,0.0,971.2276,0.0,18.359999,32.38,34.68,0.104,0.137,1.0,0.9953617453575134,1.0,30.20886759,2020-08-19 10:00:00
9.311000824,96.68616486,3.799999952,927.796936,100.0,6.379216194,9.261000633,9.811000824,0.435000002,0.337000012,0.0,0.002525908872485161,0.0,0.0,2022-12-27 15:00:00
14.66100025,47.15524673,0.0,931.0575562,28.19999886,11.18320084,15.36100006,16.26099968,0.128000006,0.140000001,0.0,0.002525663080935677,0.0,0.0,2023-10-25 18:00:00
16.2285,39.78291,0.0,1011.11346,100.0,7.072878,12.328501,11.4285,0.298,0.27,1.0,0.9953452547391256,1.0,37.11639872,2022-11-04 19:00:00
7.361000061,64.30638123,0.0,933.6311035,30.30000114,2.160000086,9.061000824,13.21100044,0.138999999,0.156000003,0.0,0.002569998769710461,0.0,0.0,2023-11-10 06:00:00
7.761000156,96.97662354,0.0,930.6392212,5.399999619,6.924738407,10.06100082,14.76100063,0.158999994,0.158999994,0.0,0.0026484683233623705,0.0,0.0,2023-11-07 09:00:00
31.4905,10.937219,0.0,913.32916,0.0,10.805999,33.6405,28.0405,0.137,0.15,1.0,0.9953612685203552,1.0,32.59093838,2020-08-20 20:00:00
10.01100063,90.39870453,0.0,928.1818848,29.70000076,3.877318382,13.01100063,16.56100082,0.289999992,0.219999999,0.0,0.002527409737619261,0.0,0.0,2020-05-31 12:00:00
20.16100121,32.16215897,0.0,932.9346313,0.0,12.09621429,24.51099968,26.31100082,0.133000001,0.155000001,0.0,0.0026521526354675493,0.0,0.0,2020-08-02 06:00:00
6.910999775,55.30552673,0.0,937.1557617,4.800000191,5.001279831,6.31099987,8.811000824,0.27700001,0.300999999,0.0,0.0025418041041120887,0.0,0.0,2022-01-28 06:00:00
27.1685,10.8952,0.0,918.1421,0.3,14.88242,27.9185,30.4185,0.127,0.152,1.0,0.995360791683197,1.0,29.9351724,2020-08-19 10:00:00
19.81100082,41.09844971,0.0,933.8499146,17.10000038,12.28755474,21.46100044,14.76100063,0.167999998,0.213,0.0,0.00253163716600587,0.0,0.0,2020-05-15 21:00:00
3.661000013,68.80664825,0.0,931.9781494,0.0,5.904438972,1.710999966,6.56099987,0.293000013,0.310000002,0.0,0.0025354909788196287,0.0,0.0,2022-01-26 15:00:00
13.86100006,72.55362701,0.0,928.6342163,0.0,7.517020702,21.71100044,25.16100121,0.112999998,0.160999998,0.0,0.0025229075690731406,0.0,0.0,2023-07-06 06:00:00
20.959,58.095417,0.0,993.5347,21.300001,4.6938257,22.309,24.258999,0.256,0.311,1.0,0.9953579703966776,1.0,38.17585691,2023-07-02 10:00:00
11.71100044,54.79211426,0.0,935.0786133,0.0,5.014219284,12.66100025,15.16100025,0.298999995,0.303000003,0.0,0.0025415235431864858,0.0,0.0,2021-11-14 06:00:00
19.76099968,43.70573425,0.0,931.6331787,0.899999976,1.527350664,17.91100121,19.56100082,0.134000003,0.163000003,0.0,0.002605195506475866,0.0,0.0,2023-06-17 15:00:00
26.56100082,30.91285896,0.0,928.1877441,0.899999976,4.334974289,23.31100082,24.71100044,0.133000001,0.152999997,0.0,0.0035328077307591834,0.0,0.0,2021-06-27 15:00:00
20.26099968,33.34671402,0.0,932.2272339,1.200000048,7.145795822,22.96100044,26.46100044,0.137999997,0.150000006,0.0,0.01418499369174242,0.0,0.0,2022-09-12 09:00:00
15.61100006,29.84373093,0.0,931.5055542,0.0,6.618518829,13.66100025,8.861000061,0.273999989,0.280999988,0.0,0.002913216322970887,0.0,0.0,2022-11-18 21:00:00
30.863,12.178738,0.0,911.95215,0.0,11.609651,32.863003,27.362999,0.133,0.153,1.0,0.9953458309173584,1.0,32.29359646,2020-08-20 20:00:00
25.66100121,16.48273659,0.0,933.1967163,0.0,5.191993713,22.56100082,20.16100121,0.134000003,0.149000004,0.0,0.0025354982741797962,0.0,0.0,2021-09-20 18:00:00
28.147999,33.07889,0.0,999.0392,0.0,3.6,23.948,20.797998,0.167,0.263,1.0,0.9953561425209045,1.0,37.03051421,2022-10-11 19:00:00
29.26099968,18.6696701,0.0,932.8337402,0.0,8.654986382,34.61100006,26.16100121,0.112999998,0.149000004,0.0,0.0025476579709599414,0.0,0.0,2023-08-30 00:00:00
21.01099968,29.04164124,0.0,928.8471069,0.0,9.422101021,22.76099968,22.21100044,0.135000005,0.158999994,0.0,0.007215475508322318,0.0,0.0,2021-05-31 06:00:00
-2.289000034,92.50202179,0.0,921.6644897,38.39999771,7.903619289,3.361000061,4.460999966,0.414000005,0.423999995,0.0,0.002527297978910307,0.0,0.0,2023-03-01 15:00:00
37.266,19.096983,0.0,922.5209,26.400002,10.799999,40.266,31.016,0.123,0.149,1.0,0.9953563014666239,1.0,29.83664522,2020-08-18 21:00:00
3.111000061,82.44818878,0.0,923.5922852,0.0,7.754636765,7.460999966,10.71100044,0.277999997,0.305000007,0.0,0.0025427564590548477,0.0,0.0,2023-04-13 06:00:00
17.26099968,42.25011063,0.0,932.6953735,4.199999809,16.21599197,22.51099968,18.16100121,0.140000001,0.185000002,0.0,0.002520905303147932,0.0,0.0,2020-06-14 00:00:00
10.01100063,46.50429153,0.0,933.5820313,29.70000076,5.351784706,9.761000633,10.01100063,0.250999987,0.264999986,0.0,0.0025262100777278342,0.0,0.0,2022-11-23 03:00:00
33.34,22.370401,0.0,960.7585,27.300001,10.97262,32.09,25.59,0.133,0.16,1.0,0.9953601559003195,1.0,34.20808283,2020-08-22 20:00:00
18.01099968,60.32714462,0.0,931.9837646,11.69999981,5.771238804,19.51099968,23.71100044,0.133000001,0.158000007,0.0,0.0031021238149454198,0.0,0.0,2020-07-20 15:00:00
27.66100121,14.4373436,0.0,932.7016602,0.0,3.877318382,31.21100044,22.56100082,0.133000001,0.149000004,0.0,0.002521094245215257,0.0,0.0,2021-09-21 00:00:00
32.349503,22.193977,0.0,959.2515,41.100002,19.969458,33.799503,27.5995,0.136,0.157,1.0,0.9953610698382059,1.0,34.78038657,2020-08-23 21:00:00
23.11100006,52.65600586,0.0,932.9876709,30.00000191,9.659813881,26.01099968,25.51099968,0.133000001,0.150999993,0.0,0.002567604222955803,0.0,0.0,2022-08-05 18:00:00
4.410999775,59.96770859,0.0,933.1178589,29.70000076,4.213691711,2.210999966,7.160999775,0.206,0.199000001,0.0,0.0025479242128009596,0.0,0.0,2023-12-14 15:00:00
21.61100006,38.33644867,0.0,930.8440552,0.0,6.297428131,17.76099968,23.46100044,0.133000001,0.150999993,0.0,0.002534563420340419,0.0,0.0,2020-09-13 15:00:00
18.31100082,33.73435593,0.0,934.5431519,0.0,15.13713264,19.86100006,17.51099968,0.137999997,0.162,0.0,0.002539093179317812,0.0,0.0,2021-05-25 18:00:00
-2.138999939,99.63153839,0.0,933.4719849,11.40000057,4.104631424,2.06099987,4.511000156,0.377999991,0.356999993,0.0,0.002541997159520785,0.0,0.0,2020-01-17 12:00:00
26.7195,20.036087,0.0,959.2935,0.0,13.698934,30.119501,33.469498,0.127,0.15,1.0,0.9953619043032328,1.0,30.86695855,2020-08-20 09:00:00
5.410999775,99.65354919,0.0,925.2838135,100.0,12.66156387,7.81099987,9.261000633,0.423999995,0.432999998,0.0,0.002524718215378622,0.0,0.0,2023-03-15 06:00:00
17.31100082,66.49744415,0.0,934.1767578,30.90000153,3.563817978,17.11100006,14.36100006,0.298999995,0.30399999,0.0,0.0025612555909901857,0.0,0.0,2021-11-16 00:00:00
7.56099987,99.6594696,0.899999976,926.4648438,100.0,14.69399929,10.06100082,11.81100082,0.245000005,0.201000005,0.0,0.0025242538346598544,0.0,0.0,2022-04-16 12:00:00
29.61,17.40962,0.0,935.55176,0.0,11.246759,29.560001,23.310001,0.134,0.153,1.0,0.9944707552591959,1.0,35.66418815,2020-08-31 20:00:00
30.699501,10.47053,0.0,958.01746,0.6,14.386494,31.849499,34.5495,0.116,0.146,1.0,0.9953620632489523,1.0,30.00350727,2020-08-19 10:00:00
10.11100006,37.69667053,0.0,932.1464233,31.80000114,14.75999928,12.76100063,9.361000061,0.248999998,0.280999988,0.0,0.002537525996255378,0.0,0.0,2023-04-18 21:00:00
10.41100025,56.6289711,0.0,936.1692505,0.300000012,10.46479702,7.261000156,11.36100006,0.226999998,0.263999999,0.0,0.0025443885242566466,0.0,0.0,2022-02-13 12:00:00
14.11100006,34.22762299,0.0,937.5019531,30.0,6.130578995,14.16100025,10.96100044,0.296999991,0.178000003,0.0,0.0025375266559422016,0.0,0.0,2020-11-19 22:00:00
27.01099968,19.75400734,0.0,929.8670044,0.0,1.835646987,24.86100006,27.26099968,0.133000001,0.151999995,0.0,0.0025681398498515287,0.0,0.0,2021-07-09 09:00:00
11.66100025,34.64907074,0.0,935.3388062,0.0,6.696386814,9.561000824,14.86100006,0.135000005,0.147,0.0,0.0025328214202697077,0.0,0.0,2021-10-15 15:00:00
30.746002,12.155363,0.0,910.109,0.0,11.609651,32.746002,27.246,0.133,0.153,1.0,0.9953274925549825,1.0,32.09456186,2020-08-20 20:00:00
8.861000061,44.66162872,0.0,925.5621338,0.0,12.87975216,9.511000633,12.11100006,0.209999993,0.180999994,0.0,0.0025225478069235883,0.0,0.0,2023-11-24 06:00:00
8.111000061,90.57047272,0.0,938.0596924,7.500000477,3.21993804,8.761000633,9.161000252,0.326999992,0.319000006,0.0,0.0025703023420646787,0.0,0.0,2022-12-24 03:00:00
12.71100044,31.85797501,0.0,937.3793335,0.0,7.289444923,10.21100044,6.611000061,0.284999996,0.245000005,0.0,0.002720776518496374,0.0,0.0,2020-12-29 21:00:00
14.0765,84.07196,0.0,997.357,0.0,4.8433046,16.5265,21.3265,0.177,0.266,1.0,0.9953595201174418,1.0,36.65859956,2021-09-20 10:00:00
22.919,21.221727,0.0,920.87427,0.9,10.009036,26.569,30.519001,0.137,0.151,1.0,0.9953611890474955,1.0,31.43167221,2020-08-20 09:00:00
24.51099968,35.27239227,0.0,928.7603149,0.0,13.39761162,26.56100082,29.56100082,0.133000001,0.150999993,0.0,0.0026211679990713796,0.0,0.0,2021-08-16 09:00:00
27.86100006,17.74864388,0.0,932.1086426,0.0,12.26115704,30.51099968,23.66100121,0.133000001,0.150999993,0.0,0.002548689216685792,0.0,0.0,2021-07-16 21:00:00
13.71100044,55.5082016,0.0,930.6080322,0.0,14.82570648,18.16100121,23.06100082,0.133000001,0.150999993,0.0,0.0025379261545216045,0.0,0.0,2020-09-25 09:00:00
4.81099987,84.752388,0.0,938.8123779,90.00000763,4.104631424,4.460999966,5.611000061,0.331999987,0.338,0.0,0.0025434052804484963,0.0,0.0,2022-12-20 09:00:00
9.811000824,61.07950974,0.0,932.6087646,13.5,11.65977669,10.71100044,8.511000633,0.317000002,0.307999998,0.0,0.002528000778208176,0.0,0.0,2022-11-12 21:00:00
19.094,63.658535,0.0,951.1266,25.800001,13.363711,23.794,28.044,0.136,0.157,1.0,0.9953620235125223,1.0,33.98655932,2020-08-22 10:00:00
33.721,20.299635,0.0,969.5905,36.0,22.553936,38.221,30.220999,0.084,0.13,1.0,0.9953616658846537,1.0,34.63891363,2020-08-23 21:00:00
18.41100121,56.32582474,0.0,927.0462646,25.79999924,13.78381729,21.46100044,17.46100044,0.143000007,0.180999994,0.0,0.002526912411364416,0.0,0.0,2023-06-06 21:00:00
4.410999775,96.21721649,0.0,923.5244751,100.0,10.08642673,6.460999966,9.411000252,0.254999995,0.216999993,0.0,0.002524722677965959,0.0,0.0,2023-05-03 12:00:00
17.706501,65.48745,0.0,931.51733,27.9,1.1384199,20.9065,25.9065,0.138,0.154,1.0,0.9951789776484171,1.0,33.14465897,2020-08-21 09:00:00
29.06100082,20.91478539,0.0,934.1635132,0.0,7.78799057,27.16100121,23.41100121,0.133000001,0.150999993,0.0,0.002526217489503324,0.0,0.0,2022-08-14 18:00:00
19.5555,63.76096,0.0,959.0471,25.800001,13.363711,24.2555,28.5055,0.136,0.157,1.0,0.9953619837760925,1.0,33.94468061,2020-08-22 10:00:00
19.91100121,46.67372131,0.0,936.1719971,1.800000072,2.595996857,19.01099968,12.26100063,0.314999998,0.321999997,0.0,0.002627009137844046,0.0,0.0,2023-04-10 00:00:00
12.01100063,48.4475174,0.0,940.3848267,0.0,5.191993713,11.61100006,6.960999966,0.351999998,0.368000001,0.0,0.002599702294295033,0.0,0.0,2023-01-25 00:00:00
8.511000633,86.34680176,0.100000001,929.0289307,36.30000305,7.594207287,9.611000061,9.861000061,0.419,0.386000007,0.0,0.0025327130764101944,0.0,0.0,2020-03-23 03:00:00
8.761000633,99.66269684,0.0,934.8654785,99.90000153,5.05284071,10.66100025,12.81100082,0.328999996,0.167999998,0.0,0.002528759262834986,0.0,0.0,2020-11-19 03:00:00
17.86100006,30.27279663,0.0,933.0435181,0.0,4.80299902,14.41100025,19.96100044,0.133000001,0.149000004,0.0,0.0025245751021429896,0.0,0.0,2021-10-02 15:00:00
14.5985,56.904278,0.0,1017.317,0.0,5.815978,10.6485,8.4985,0.366,0.379,1.0,0.9953170220057169,1.0,37.28274698,2023-02-08 19:00:00
20.71100044,43.67527771,0.0,933.541687,6.900000095,4.553679466,23.51099968,22.51099968,0.143000007,0.166999996,0.0,0.002534688450396061,0.0,0.0,2022-10-07 03:00:00
38.729,17.420559,0.0,930.86536,25.500002,5.771239,41.979,31.878998,0.125,0.148,1.0,0.9953498045603434,1.0,28.93162749,2020-08-18 21:00:00
5.261000156,98.27630615,0.0,929.9001465,97.19999695,6.130578995,6.960999966,7.06099987,0.425000012,0.430000007,0.0,0.002527119553027054,0.0,0.0,2023-03-23 03:00:00
15.11100006,56.44875717,0.0,937.508606,0.0,7.145795822,12.76100063,10.56100082,0.194999993,0.226999998,0.0,0.02009235609633227,0.0,0.0,2022-03-16 18:00:00
25.66100121,48.39601135,0.0,930.3462524,0.0,7.695919991,28.16100121,23.46100044,0.184,0.224000007,0.0,0.002524776617065072,0.0,0.0,2020-05-27 03:00:00
29.41100121,19.58295631,0.0,931.1228638,0.0,13.47958279,30.31100082,22.36100006,0.112999998,0.148000002,0.0,0.002615383748585979,0.0,0.0,2023-10-08 21:00:00
18.601,67.87278,0.0,957.1372,19.2,4.6800003,22.001,26.851,0.133,0.16,1.0,0.9953619440396627,1.0,33.96422426,2020-08-22 10:00:00
8.061000824,95.66916656,0.200000003,932.3734741,100.0,10.30883026,10.16100025,11.46100044,0.370000005,0.298000008,0.0,0.0025302814707780876,0.0,0.0,2021-11-09 12:00:00
22.174,44.681633,0.0,918.22485,18.0,2.0364676,22.924,26.873999,0.133,0.153,1.0,0.9953564802805582,1.0,34.51674422,2020-08-23 10:00:00
14.66100025,59.31837082,0.0,939.5817261,78.59999847,6.119999886,13.51100063,9.211000443,0.236000001,0.185000002,0.0,0.002795381937175989,0.0,0.0,2023-12-03 21:00:00
9.611000061,47.9423027,0.0,938.4078979,0.0,3.617955208,9.261000633,12.51100063,0.193000004,0.239999995,0.0,0.0025444780476391315,0.0,0.0,2020-02-26 09:00:00
31.86100006,16.4334259,0.0,937.3566895,0.0,12.26115704,32.4109993,23.61100006,0.133000001,0.149000004,0.0,0.0057149632678677635,0.0,0.0,2021-09-22 00:00:00
21.16100121,45.76931381,0.0,930.2648926,6.300000191,14.58777618,24.66100121,17.56100082,0.145999998,0.194000006,0.0,0.0025254079373553395,0.0,0.0,2023-05-28 00:00:00
14.21100044,72.3737793,0.0,929.6485596,0.0,7.172948837,21.41100121,23.01099968,0.133000001,0.150999993,0.0,0.002524960165222486,0.0,0.0,2020-10-09 03:00:00
14.151,81.6115,0.0,944.5023,1.8,6.763786,18.401001,23.301,0.134,0.159,1.0,0.995358943939209,1.0,35.40901012,2020-08-29 10:00:00
32.141502,22.141064,0.0,955.8238,41.100002,19.969458,33.591503,27.3915,0.136,0.157,1.0,0.9953611890474955,1.0,34.76548774,2020-08-23 21:00:00
20.21100044,40.64953613,0.0,931.9381104,0.0,3.671293974,20.36100006,24.26099968,0.133000001,0.149000004,0.0,0.002530487564702829,0.0,0.0,2021-09-23 09:00:00
22.71100044,27.22146416,0.0,932.9737549,0.0,4.379589081,22.21100044,25.86100006,0.112999998,0.153999999,0.0,0.0026129642113422356,0.0,0.0,2023-07-26 15:00:00
6.261000156,64.75286102,0.0,935.6826172,0.0,2.741678238,4.011000156,8.961000443,0.245000005,0.270000011,0.0,0.0025778254494071007,0.0,0.0,2021-03-05 12:00:00
4.660999775,97.92483521,0.0,927.4365845,57.0,3.096837044,7.56099987,9.911000252,0.221000001,0.223000005,0.0,0.002528161780598263,0.0,0.0,2020-03-08 03:00:00
8.861000061,67.21787262,0.0,934.2541504,17.10000038,11.80887794,11.51100063,13.86100006,0.187000006,0.199000001,0.0,0.0025264363115032515,0.0,0.0,2022-04-05 12:00:00
8.761000633,58.26200867,0.0,926.4481812,0.899999976,10.08642673,11.61100006,17.11100006,0.128000006,0.143000007,0.0,0.00252334401011467,0.0,0.0,2023-10-25 12:00:00
33.535,22.419945,0.0,963.9758,27.300001,10.97262,32.285,25.785,0.133,0.16,1.0,0.9953603545824686,1.0,34.26717152,2020-08-22 20:00:00
35.376,16.259562,0.0,940.9429,43.2,8.287822,38.426,30.226,0.125,0.148,1.0,0.9953601559003195,1.0,34.66279824,2020-08-23 21:00:00
22.81100082,27.53987312,0.0,934.5620728,0.0,5.091168404,21.16100121,18.71100044,0.112999998,0.147,0.0,0.0025464455829933286,0.0,0.0,2023-09-27 18:00:00
18.9055,63.616573,0.0,947.90643,25.800001,13.363711,23.605501,27.855501,0.136,0.157,1.0,0.9953620235125223,1.0,33.90349974,2020-08-22 10:00:00
31.448,21.006605,0.0,936.9346,0.0,12.181624,29.798,20.898,0.135,0.153,1.0,0.9917979637781779,1.0,35.37598587,2020-08-28 21:00:00
28.8115,15.401058,0.0,988.61096,0.6,10.966713,31.4615,35.1615,0.104,0.144,1.0,0.9953619837760925,1.0,30.33910733,2020-08-19 10:00:00
9.411000252,44.16574478,0.0,932.8589478,0.0,7.695919991,10.76100063,13.36100006,0.148000002,0.193000004,0.0,0.00252235847680519,0.0,0.0,2021-04-28 09:00:00
7.960999966,98.98469543,0.899999976,934.5395508,100.0,6.297428131,8.111000061,8.611000061,0.405000001,0.333000004,0.0,0.002541977873382469,0.0,0.0,2021-03-19 09:00:00
25.11100006,12.53375816,0.0,930.0195923,0.0,11.92898941,26.51099968,18.21100044,0.136000007,0.171000004,0.0,0.002555279682079951,0.0,0.0,2022-05-31 21:00:00
20.81100082,39.44337463,0.0,932.4668579,27.30000114,19.6521759,25.06100082,19.16100121,0.155000001,0.195999995,0.0,0.0025206462402517595,0.0,0.0,2022-05-16 00:00:00
25.96100044,37.64431381,0.0,933.3666992,8.100000381,2.18979454,30.41100121,27.21100044,0.134000003,0.150999993,0.0,0.0031667552733172974,0.0,0.0,2022-08-02 03:00:00
18.66100121,37.09425735,0.0,936.6575317,0.0,6.369049549,11.81100082,10.36100006,0.243000001,0.261999995,0.0,0.002604242220210532,0.0,0.0,2021-11-27 18:00:00
20.2895,39.840157,0.0,936.97327,2.6999998,9.290511,24.0395,29.189499,0.133,0.153,1.0,0.9952091177304586,1.0,33.132923,2020-08-21 09:00:00
4.31099987,96.89295197,0.200000003,919.3833618,100.0,20.24019623,5.011000156,6.111000061,0.435000002,0.432999998,0.0,0.002542817732319236,0.0,0.0,2023-01-16 18:00:00
27.165,20.801973,0.0,973.05615,0.0,8.049845,31.015001,34.914997,0.097,0.143,1.0,0.9953619043032328,1.0,30.89972015,2020-08-20 09:00:00
39.21,17.530518,0.0,938.4354,25.500002,5.771239,42.46,32.359997,0.125,0.148,1.0,0.9953584671020508,1.0,29.42133528,2020-08-18 21:00:00
32.5425,35.761402,0.0,957.7099,0.0,13.746156,34.0425,26.1925,0.133,0.159,1.0,0.9953600366910299,1.0,34.99961762,2020-08-24 21:00:00
10.56100082,94.47789001,0.0,930.5368652,85.5,5.399999619,18.91100121,24.56100082,0.112999998,0.152999997,0.0,0.002623163086051742,0.0,0.0,2023-08-02 12:00:00
31.0315,18.768875,0.0,925.9235,0.0,14.372974,32.281498,24.5315,0.133,0.152,1.0,0.9656806588172913,1.0,35.54653224,2020-08-30 21:00:00
8.711000443,35.61857605,0.0,937.5040894,0.0,9.726664543,6.511000156,6.410999775,0.351999998,0.349000007,0.0,0.002528305243079861,0.0,0.0,2021-02-04 18:00:00
38.787502,17.433926,0.0,931.78345,25.500002,5.771239,42.037502,31.937498,0.125,0.148,1.0,0.9953493277231852,1.0,29.80551945,2020-08-18 21:00:00
11.56100082,62.8021431,0.0,932.9293213,0.0,11.50311279,12.81100082,10.91100025,0.261999995,0.245000005,0.0,0.002552590643366178,0.0,0.0,2023-05-10 18:00:00
8.861000061,77.07011414,0.0,930.8688965,90.00000763,4.024922371,10.76100063,9.561000824,0.317000002,0.338,0.0,0.002527735118443767,0.0,0.0,2023-04-07 03:00:00
6.160999775,84.30973816,0.0,930.7163086,89.40000153,11.72075081,8.061000824,10.26100063,0.256999999,0.289999992,0.0,0.0025257313003142676,0.0,0.0,2023-04-17 15:00:00
13.66100025,71.54333496,0.0,936.0,0.0,3.054701328,9.811000824,8.561000824,0.351999998,0.358999997,0.0,0.002722269273363054,0.0,0.0,2020-01-25 18:00:00
16.16100121,49.42816544,0.0,933.4922485,27.90000153,7.78799057,18.06100082,12.71100044,0.181999996,0.217999995,0.0,0.002524614566937089,0.0,0.0,2020-03-06 00:00:00
10.56100082,35.76918411,0.0,932.3677368,0.0,3.82685256,11.91100025,15.71100044,0.136999995,0.155000001,0.0,0.00261419367355605,0.0,0.0,2022-10-28 06:00:00
5.81099987,86.67716217,0.0,937.3762817,18.60000038,3.893995285,6.81099987,7.261000156,0.321999997,0.326999992,0.0,0.0025616142277916274,0.0,0.0,2022-12-21 03:00:00
21.231499,19.73492,0.0,883.9126,0.0,14.291592,24.031502,27.581501,0.133,0.153,1.0,0.9953194657961527,1.0,30.81559128,2020-08-20 09:00:00
9.711000443,45.07513428,0.0,932.7630005,25.20000076,4.82990694,5.960999966,9.511000633,0.221000001,0.25999999,0.0,0.002541459941615661,0.0,0.0,2020-02-20 09:00:00
31.36100006,15.86242771,0.0,932.6264648,0.0,13.04968929,33.46099854,26.61100006,0.133000001,0.150999993,0.0,0.0031616441750278077,0.0,0.0,2020-10-04 00:00:00
10.663,97.36897,0.0,1000.8391,0.9,3.2599385,13.763,18.112999,0.264,0.284,1.0,0.9953549305597941,1.0,39.25299381,2023-10-14 10:00:00
27.346,27.733143,0.0,930.13684,0.0,13.513193,28.296001,21.546001,0.134,0.159,1.0,0.9952171246210734,1.0,35.50310397,2020-08-29 21:00:00
5.261000156,99.30735016,0.0,932.5505371,90.0,14.15491486,6.31099987,7.81099987,0.333999991,0.344999999,0.0,0.0025410661473870277,0.0,0.0,2020-01-08 09:00:00
28.61100006,22.54123878,0.0,934.4168701,0.0,9.585739136,27.46100044,23.51099968,0.133000001,0.152999997,0.0,0.0026405690781151256,0.0,0.0,2022-07-15 18:00:00
32.31099701,26.42410088,0.0,932.7714844,5.700000286,12.31389427,36.26099777,27.56100082,0.109999999,0.150000006,0.0,0.002997345911959807,0.0,0.0,2023-08-15 00:00:00
22.46100044,43.86999893,0.0,927.5789795,0.0,0.359999985,20.71100044,25.36100006,0.111000001,0.150000006,0.0,0.002550558652728796,0.0,0.0,2023-08-19 15:00:00
20.31100082,52.62277222,0.0,926.6401367,0.0,6.489992142,25.06100082,21.36100006,0.142000005,0.184,0.0,0.0025245061066622534,0.0,0.0,2023-06-05 03:00:00
21.11100006,24.0281868,0.0,932.3636475,0.0,6.130578995,20.66100121,23.31100082,0.137999997,0.165000007,0.0,0.0025445789797231555,0.0,0.0,2022-10-10 06:00:00
16.51099968,28.49132347,0.0,931.204834,0.0,3.075841427,18.71100044,21.56100082,0.133000001,0.149000004,0.0,0.002521612603838245,0.0,0.0,2021-10-01 06:00:00
27.5645,35.895218,0.0,945.097,0.0,13.479583,28.0645,23.3645,0.134,0.159,1.0,0.9953598578770956,1.0,35.22986042,2020-08-26 20:00:00
18.11100006,57.58892441,0.0,929.2585449,5.699999809,11.60965061,22.81100082,16.41100121,0.151999995,0.196999997,0.0,0.002528731982844571,0.0,0.0,2023-05-27 00:00:00
31.701,8.834515,0.0,917.3781,0.0,11.177405,33.551003,27.901,0.127,0.152,1.0,0.9953613877296448,1.0,32.52925336,2020-08-20 20:00:00
23.91100121,36.31730652,0.0,927.9602661,23.70000076,8.905907631,28.36100006,24.51099968,0.136000007,0.178000003,0.0,0.0025498264391596117,0.0,0.0,2022-05-26 03:00:00
25.71100044,32.39569473,0.0,933.1177368,0.0,10.70356941,26.46100044,18.41100121,0.156000003,0.206,0.0,0.0025334913516417146,0.0,0.0,2023-05-21 21:00:00
6.910999775,48.23391724,0.0,938.0701294,0.0,3.396233082,5.111000061,8.611000061,0.254000008,0.282999992,0.0,0.00254921056330204,0.0,0.0,2022-02-07 09:00:00
22.3545,21.152555,0.0,909.15283,0.9,5.937272,25.0045,29.6045,0.127,0.152,1.0,0.9953607122103373,1.0,31.59748748,2020-08-20 09:00:00
29.059,10.1298895,0.0,940.25525,2.4,14.799459,30.659,33.559,0.125,0.148,1.0,0.9953611095746359,1.0,30.53932003,2020-08-19 10:00:00
12.71100044,81.42329407,0.0,931.3334961,100.0,6.287129879,15.86100006,19.71100044,0.136000007,0.175999999,0.0,0.0025637867705275617,0.0,0.0,2022-05-27 15:00:00
29.791,17.452286,0.0,940.90326,0.0,14.759999,31.191,26.341,0.135,0.151,1.0,0.9953552683194479,1.0,32.70257245,2020-08-20 20:00:00
1.010999918,100.0,0.0,933.9077148,90.0,4.843304634,3.510999918,6.111000061,0.342000008,0.34799999,0.0,0.0025342543376609683,0.0,0.0,2020-01-13 15:00:00
40.427,17.171232,0.0,959.82227,24.300001,12.224107,43.627,33.877,0.111,0.138,1.0,0.9953617850939432,1.0,29.74369975,2020-08-18 21:00:00
34.0905,14.22279,0.0,933.6877,0.0,6.638072,36.390503,29.4905,0.125,0.148,1.0,0.9952948490778605,1.0,33.76811239,2020-08-21 20:00:00
30.01099968,34.49133682,0.0,930.3536987,0.0,14.04461479,35.36100006,28.21100044,0.133000001,0.152999997,0.0,0.31655121423924965,0.0,0.0,2020-08-22 00:00:00
14.91100025,31.79560471,0.0,931.1275635,0.0,13.39277363,13.66100025,10.51100063,0.148000002,0.189999998,0.0,0.003220328983540336,0.0,0.0,2021-04-27 18:00:00
29.474,13.642984,0.0,973.06036,0.0,10.086427,31.724,35.124,0.097,0.143,1.0,0.9953619837760925,1.0,29.96500902,2020-08-19 10:00:00
22.348,49.596203,0.0,997.548,0.0,4.1046314,16.948,19.897999,0.266,0.284,1.0,0.9953504602114359,1.0,39.30961749,2023-10-19 10:00:00
6.410999775,99.65631866,0.0,931.7043457,100.0,7.289444923,7.81099987,9.961000443,0.305999994,0.236000001,0.0,0.002522910052600006,0.0,0.0,2023-05-06 09:00:00
19.31100082,49.77674866,0.0,938.1199341,3.300000191,2.30512476,16.21100044,10.51100063,0.324000001,0.338,0.0,0.0025843188244228563,0.0,0.0,2020-02-02 00:00:00
5.261000156,37.66794205,0.0,933.3729858,0.0,5.759999752,6.611000061,9.361000061,0.254000008,0.279000014,0.0,0.0025253631562615433,0.0,0.0,2021-02-28 12:00:00
26.96100044,30.71060944,0.0,933.1653442,29.70000076,14.8431797,30.26099968,22.71100044,0.153999999,0.201000005,0.0,0.0025293914756427207,0.0,0.0,2020-06-12 00:00:00
21.8095,42.66662,0.0,932.68225,25.800001,3.671294,20.1095,25.0595,0.133,0.151,1.0,0.6733082309365273,1.0,34.07947891,2020-08-22 10:00:00
14.059999,81.59969,0.0,942.93085,1.8,6.763786,18.310001,23.210001,0.134,0.159,1.0,0.9953560829162598,1.0,35.40139367,2020-08-29 10:00:00
13.31100082,65.19056702,0.0,933.5189209,12.0,2.545584202,13.31100082,16.81100082,0.122000001,0.143000007,0.0,0.0025539126557608447,0.0,0.0,2023-11-04 09:00:00
17.444,58.793537,0.0,924.4904,0.0,2.4149535,19.694,24.144001,0.134,0.153,1.0,0.995104193687439,1.0,35.63554607,2020-08-31 09:00:00
7.419,79.58429,0.0,932.9337,0.90000004,8.435069,7.069,11.669001,0.19,0.209,1.0,0.002526644578514,0.0,39.89387096,2023-11-14 10:00:00
20.121,44.560764,0.0,918.27124,12.599999,2.7416782,22.471,27.321001,0.137,0.152,1.0,0.9953595995903015,1.0,32.91035271,2020-08-21 09:00:00
18.36100006,20.04135132,0.0,938.6859741,0.0,3.599999905,14.51100063,8.711000443,0.195999995,0.187999994,0.0,0.0026246587124963603,0.0,0.0,2020-11-30 21:00:00
11.36100006,46.38531113,0.0,928.2940063,0.0,5.483356476,11.51100063,14.66100025,0.210999995,0.257999986,0.0,0.002526109378474454,0.0,0.0,2021-04-02 09:00:00
20.56100082,48.9503212,0.0,931.1142578,7.800000191,7.594208241,25.71100044,27.96100044,0.112999998,0.156000003,0.0,0.0027076867020999393,0.0,0.0,2023-07-19 06:00:00
8.561000824,53.95288086,0.0,929.958313,36.59999847,10.48335743,9.661000252,6.361000061,0.404000014,0.412999988,0.0,0.0025364427904908857,0.0,0.0,2023-03-31 00:00:00
5.261000156,48.85076904,0.0,931.9107666,34.20000076,2.620839357,6.460999966,12.06100082,0.138999999,0.156000003,0.0,0.0025258147701000175,0.0,0.0,2023-11-10 12:00:00
18.31100082,81.09085083,0.0,931.2399292,48.59999847,7.594208241,27.06100082,26.91100121,0.133000001,0.150999993,0.0,0.002550966882457336,0.0,0.0,2022-08-06 03:00:00
22.050999,67.69388,0.0,949.06824,13.200001,4.072935,23.351,26.501,0.137,0.154,1.0,0.9953616658846537,1.0,34.88220567,2020-08-24 10:00:00
9.5855,61.89807,0.0,999.4136,0.0,7.2,7.7355003,11.4355,0.274,0.349,1.0,0.9953462878863016,1.0,36.56594262,2021-02-24 10:00:00
7.710999966,98.30956268,2.099999905,922.1187744,100.0,20.89241219,7.910999775,7.960999966,0.432000011,0.377999991,0.0,0.0025259864050894976,0.0,0.0,2021-12-13 21:00:00
8.611000061,55.15367508,0.0,938.8470459,27.60000038,4.679999828,8.761000633,11.21100044,0.182999998,0.186000004,0.0,0.002536363860902687,0.0,0.0,2020-12-04 06:00:00
28.61100006,30.34437943,0.0,934.6008911,0.0,11.52562332,29.16100121,22.01099968,0.133000001,0.150999993,0.0,0.002638447331264615,0.0,0.0,2020-09-26 21:00:00
20.011,31.442898,0.0,937.21027,0.9,5.3517847,24.261,28.561,0.135,0.151,1.0,0.9953202406565348,1.0,31.31290578,2020-08-20 09:00:00
30.390999,25.563831,0.0,953.7049,6.0,12.594856,31.441,34.141,0.111,0.138,1.0,0.9953616658846537,1.0,28.48971591,2020-08-18 10:00:00
22.460001,22.449766,0.0,911.1538,0.0,5.634891,24.41,30.310001,0.123,0.149,1.0,0.995359202226003,1.0,32.87447331,2020-08-21 09:00:00
17.11100006,52.66939163,0.0,932.1955566,29.40000153,11.88545322,20.21100044,18.61100006,0.246999994,0.286000013,0.0,0.002524612626681725,0.0,0.0,2020-04-26 03:00:00
30.06100082,12.33364487,0.0,922.4492188,0.0,7.145795822,26.86100006,30.26099968,0.133000001,0.150000006,0.0,0.4316910010141631,0.0,0.0,2022-09-09 15:00:00
11.398,60.18092,0.0,1001.4525,0.0,5.6002855,12.498,16.198,0.184,0.309,1.0,0.9953514933586121,1.0,36.59425446,2021-04-18 10:00:00
12.11100006,77.32112885,0.0,932.0791626,5.399999619,3.545588732,13.51100063,17.31100082,0.120999999,0.153999999,0.0,0.002575083364111682,0.0,0.0,2023-11-05 09:00:00
21.3395,20.812328,0.0,895.34534,0.9,10.009036,24.9895,28.9395,0.137,0.151,1.0,0.9953616261482239,1.0,31.06714873,2020-08-20 09:00:00
30.6725,24.203297,0.0,959.62665,0.0,14.799459,30.522501,23.122501,0.134,0.158,1.0,0.9953596393267313,1.0,35.58954784,2020-08-30 21:00:00
28.61100006,43.98111343,0.0,930.1837158,0.899999976,14.76438999,32.51099777,26.36100006,0.133000001,0.151999995,0.0,0.014175649577130875,0.0,0.0,2020-08-25 22:00:00
29.492,17.32001,0.0,974.809,0.0,3.671294,30.842,34.692,0.104,0.137,1.0,0.9953619440396627,1.0,31.7046718,2020-08-20 09:00:00
20.66100121,45.47624588,0.0,928.5700684,4.5,8.534353256,21.96100044,20.66100121,0.112999998,0.147,0.0,0.0025260940504570803,0.0,0.0,2023-09-20 18:00:00
9.661000252,83.27082062,0.0,931.7417603,34.20000076,7.559999466,13.46100044,12.61100006,0.279000014,0.245000005,0.0,0.002528148082395395,0.0,0.0,2023-05-09 03:00:00
11.46100044,86.93252563,0.0,934.1828003,100.0,13.18307972,10.76100063,8.761000633,0.411000013,0.421999991,0.0,0.0025558832567185163,0.0,0.0,2023-03-13 18:00:00
13.36100006,56.98490524,0.0,934.6323242,0.0,5.447788239,13.21100044,15.56100082,0.199000001,0.209000006,0.0,0.0025585206070293984,0.0,0.0,2022-03-23 09:00:00
22.310501,44.719593,0.0,920.4575,18.0,2.0364676,23.060501,27.0105,0.133,0.153,1.0,0.9953557252883911,1.0,34.51593757,2020-08-23 10:00:00
27.46100044,16.00786018,0.0,932.0062866,0.0,8.28782177,27.61100006,29.01099968,0.133000001,0.151999995,0.0,0.0027074090127522745,0.0,0.0,2021-07-10 09:00:00
37.6755,19.194387,0.0,928.9352,26.400002,10.799999,40.6755,31.4255,0.123,0.149,1.0,0.9953524072964987,1.0,29.657612,2020-08-18 21:00:00
32.3485,23.988857,0.0,927.3881,26.7,11.4862,33.348503,26.8485,0.137,0.15,1.0,0.9943538904190063,1.0,34.25866214,2020-08-22 20:00:00
5.56099987,55.3528595,0.0,919.9356689,87.00000763,2.276839733,5.460999966,9.361000061,0.248999998,0.273999989,0.0,0.0033409513998776674,0.0,0.0,2021-03-03 12:00:00
3.710999966,56.10557938,0.0,936.0123901,0.0,8.707238197,4.960999966,8.461000443,0.240999997,0.194000006,0.0,0.002537134763163825,0.0,0.0,2023-12-09 06:00:00
15.11100006,43.44333649,0.0,929.5332642,41.40000153,2.519999981,19.16100121,19.01099968,0.112000003,0.140000001,0.0,0.0025248987367376685,0.0,0.0,2023-10-14 03:00:00
21.61100006,37.81350327,0.0,934.7015381,26.40000153,10.51421833,24.01099968,18.36100006,0.116999999,0.145999998,0.0,0.0025285727654894194,0.0,0.0,2023-10-15 00:00:00
26.26099968,18.27196693,0.0,930.0418701,0.0,8.788720131,23.16100121,26.61100006,0.133000001,0.150999993,0.0,0.0025479881248126426,0.0,0.0,2022-08-19 15:00:00
34.527,19.547909,0.0,955.2622,0.0,4.3349743,35.927,29.177,0.127,0.15,1.0,0.995361864566803,1.0,33.42642675,2020-08-21 20:00:00
29.3515,9.437755,0.0,943.8815,2.1000001,17.917007,30.8015,33.901497,0.111,0.138,1.0,0.9953604340553284,1.0,30.23776848,2020-08-19 10:00:00
20.36100006,41.96875763,0.0,929.6831665,27.30000114,6.792466164,23.51099968,20.16100121,0.170000002,0.231999993,0.0,0.002527624756718675,0.0,0.0,2020-05-08 03:00:00
28.9525,32.32315,0.0,933.5199,0.0,13.627795,29.5025,23.9525,0.138,0.154,1.0,0.9952202439308167,1.0,33.66607569,2020-08-21 20:00:00
26.51099968,24.18873978,0.0,936.5440674,0.0,4.334974289,22.66100121,20.46100044,0.136000007,0.164000005,0.0,0.002557734570776423,0.0,0.0,2022-10-12 18:00:00
14.1355,99.03266,0.0,994.6288,61.199997,8.913181,18.935501,23.4855,0.175,0.279,1.0,0.9953590830167135,1.0,35.90904844,2020-09-12 10:00:00
33.26099777,13.36152458,0.0,931.8093262,0.0,17.82636261,33.86100006,24.91100121,0.144999996,0.157000005,0.0,0.00305922112117211,0.0,0.0,2022-06-24 21:00:00
12.06100082,88.45612335,0.699999988,929.4089355,100.0,13.0447216,13.16100025,12.16100025,0.337000012,0.169,0.0,0.0025240685790777206,0.0,0.0,2023-11-18 21:00:00
29.56100082,11.1873064,0.0,929.8721924,0.0,4.610249519,24.96100044,28.01099968,0.133000001,0.150000006,0.0,0.0029120134034504495,0.0,0.0,2022-09-05 15:00:00
3.861000061,95.18689728,0.0,929.1155396,36.60000229,5.634891033,6.660999775,8.311000824,0.381000012,0.370999992,0.0,0.0025377730295682945,0.0,0.0,2022-12-06 03:00:00
7.611000061,58.81581879,0.0,931.6928101,32.10000229,5.315336227,7.761000156,9.911000252,0.216999993,0.256999999,0.0,0.0025300290435552597,0.0,0.0,2020-02-21 09:00:00
13.51100063,84.28678131,0.0,927.5280762,15.0,13.47958279,22.41100121,22.56100082,0.163000003,0.216999993,0.0,0.002531303403278192,0.0,0.0,2020-05-30 03:00:00
4.210999966,56.23892593,0.0,933.605957,11.10000038,7.28944397,5.611000061,10.56100082,0.26699999,0.188999996,0.0,0.002523579945166906,0.0,0.0,2020-11-21 12:00:00
18.71100044,29.75717545,0.0,932.3581543,1.200000048,11.96695423,22.11100006,26.41100121,0.112999998,0.153999999,0.0,0.0025329924343774715,0.0,0.0,2023-07-29 09:00:00
18.81100082,33.75904465,0.0,931.6513672,0.0,9.0,24.81100082,22.56100082,0.145999998,0.162,0.0,0.0025219570379704237,0.0,0.0,2022-06-14 03:00:00
15.736,91.38931,0.0,961.3608,61.199997,1.8,19.786,24.736,0.114,0.151,1.0,0.9953595201174418,1.0,33.24697702,2020-08-21 09:00:00
6.710999966,98.97455597,0.100000001,932.7989502,100.0,7.091177464,7.460999966,8.511000633,0.342000008,0.328000009,0.0,0.0025354038613537946,0.0,0.0,2021-02-15 09:00:00
28.2015,36.073765,0.0,955.6663,0.0,13.479583,28.7015,24.0015,0.134,0.159,1.0,0.9953619440396627,1.0,35.25017335,2020-08-26 20:00:00
22.56100082,31.83657455,0.0,931.9234619,2.400000095,12.47596073,19.86100006,19.61100006,0.143000007,0.192000002,0.0,0.0025235535576939583,0.0,0.0,2022-05-19 15:00:00
34.56099701,12.74081326,0.0,932.5898438,0.0,6.162207127,29.96100044,24.81100082,0.133000001,0.150000006,0.0,0.0025313409278169274,0.0,0.0,2022-09-01 18:00:00
17.31100082,37.2276001,0.0,926.5631104,0.0,11.65977669,16.31100082,20.21100044,0.137999997,0.180999994,0.0,0.002550831879489124,0.0,0.0,2022-05-24 12:00:00
39.34,17.560255,0.0,940.49,25.500002,5.771239,42.59,32.489998,0.125,0.148,1.0,0.9953608314196268,1.0,28.75234147,2020-08-18 21:00:00
16.9785,18.01915,0.0,1005.061,0.0,9.339208,13.9785,13.828501,0.274,0.284,1.0,0.9953401287396749,1.0,39.38683161,2023-10-29 19:00:00
19.6815,36.23143,0.0,909.80023,4.5,6.3690495,23.1315,28.2815,0.137,0.15,1.0,0.995358387629191,1.0,33.09795905,2020-08-21 09:00:00
13.51100063,48.52260971,0.0,935.2246704,30.00000191,1.439999938,9.111000061,11.76100063,0.218999997,0.237000003,0.0,0.002572139802699288,0.0,0.0,2022-03-02 09:00:00
10.91100025,54.97102737,0.0,926.883667,0.0,5.495161057,13.01100063,17.26099968,0.145999998,0.187000006,0.0,0.0025283301947638392,0.0,0.0,2023-06-03 12:00:00
8.111000061,61.10376358,0.0,935.9558105,30.00000191,6.151682854,12.26100063,11.86100006,0.184,0.230000004,0.0,0.0025620226515457034,0.0,0.0,2022-03-14 03:00:00
6.7635,66.28518,0.0,1003.42084,0.0,6.792466,7.0635004,11.3635,0.239,0.337,1.0,0.9953447580337524,1.0,36.56851642,2021-02-26 10:00:00
0.561000049,36.81113052,0.0,932.0350342,0.0,14.86935139,3.161000013,6.511000156,0.316000015,0.331,0.0,0.0025293045522024236,0.0,0.0,2020-02-04 09:00:00
30.46100044,18.82834625,0.0,934.7024536,21.60000229,12.76858616,35.11100006,26.51099968,0.133000001,0.150999993,0.0,0.0029537983937188983,0.0,0.0,2021-07-19 00:00:00
15.71100044,29.00391006,0.0,938.2265015,0.0,9.199390411,13.11100006,8.361000061,0.27700001,0.301999986,0.0,0.009471497731283307,0.0,0.0,2022-01-23 22:00:00
12.06100082,30.03889084,0.0,936.5525513,21.90000153,1.484318018,13.71100044,9.411000252,0.264999986,0.254000008,0.0,0.0026238461723551154,0.0,0.0,2021-01-10 00:00:00
5.160999775,95.23603821,0.0,934.7137451,72.90000153,7.628262997,7.761000156,9.511000633,0.381999999,0.375,0.0,0.002540235912116865,0.0,0.0,2020-03-24 06:00:00
7.710999966,55.11477661,0.0,935.472168,0.0,5.991593838,5.160999775,9.161000252,0.256999999,0.284000009,0.0,0.0025447935719663897,0.0,0.0,2022-02-09 12:00:00
9.4155,85.55546,0.0,1001.3209,24.3,7.386582,14.2655,19.1155,0.177,0.299,1.0,0.9953586459159851,1.0,36.60068897,2021-05-07 10:00:00
18.41100121,54.64672089,0.0,934.1117554,0.0,4.553679466,22.86100006,22.71100044,0.136000007,0.163000003,0.0,0.002554208544703821,0.0,0.0,2022-10-13 03:00:00
35.427,9.5043335,0.0,962.77747,0.0,8.287822,35.277,29.377,0.136,0.158,1.0,0.9953496058781942,1.0,31.80022893,2020-08-20 20:00:00
42.525497,10.428375,0.0,959.0063,0.0,3.319036,39.0755,28.9255,0.136,0.155,1.0,0.99533744653066,1.0,35.89462986,2020-09-07 20:00:00
27.428,12.212811,0.0,937.9978,0.3,9.904906,25.528,28.278,0.138,0.155,1.0,0.9953003923098246,1.0,30.5365061,2020-08-19 10:00:00
30.1355,42.595978,0.0,962.8401,0.0,13.513193,31.585499,25.985498,0.136,0.157,1.0,0.9953615069389343,1.0,35.12839792,2020-08-25 21:00:00
19.06100082,55.73888397,0.0,929.4246216,0.0,4.334974289,21.91100121,18.36100006,0.180000007,0.237000003,0.0,0.0025389473497246704,0.0,0.0,2023-04-28 03:00:00
16.11100006,48.5643959,0.0,924.4002075,0.0,2.902412653,14.21100044,17.16100121,0.208000004,0.231000006,0.0,0.0025977516003573933,0.0,0.0,2023-05-14 12:00:00
10.51100063,44.00095749,0.0,930.0649414,1.800000072,9.0,15.36100006,17.81100082,0.151999995,0.187999994,0.0,0.002522949866640071,0.0,0.0,2021-04-20 06:00:00
10.91100025,56.35644913,0.0,930.0880127,0.0,3.563817978,12.76100063,18.31100082,0.112000003,0.140000001,0.0,0.0025215954907859364,0.0,0.0,2023-10-14 09:00:00
26.9785,33.08379,0.0,999.5229,29.1,8.4963045,23.5285,21.2285,0.167,0.263,1.0,0.9953531424204508,1.0,37.00343269,2022-10-10 19:00:00
29.887499,23.752129,0.0,944.3036,0.0,12.261158,30.5875,23.1875,0.137,0.153,1.0,0.9953559041023254,1.0,35.53944494,2020-08-30 21:00:00
30.1585,9.837385,0.0,942.5787,0.0,16.363178,30.8585,33.0585,0.132,0.15,1.0,0.9953609506289164,1.0,30.11806407,2020-08-19 10:00:00
31.9315,35.592773,0.0,947.6918,0.0,13.746156,33.4315,25.5815,0.133,0.159,1.0,0.9953605135281881,1.0,34.98552544,2020-08-24 21:00:00
17.41100121,35.57302856,0.0,933.2871094,24.90000153,8.225034714,19.21100044,23.21100044,0.133000001,0.150999993,0.0,0.0025545293853307762,0.0,0.0,2020-09-23 10:00:00
21.51099968,49.70153809,0.0,932.2868042,0.0,2.18979454,26.86100006,25.56100082,0.133000001,0.151999995,0.0,0.002580565788472692,0.0,0.0,2020-09-12 03:00:00
20.46100044,28.8862648,0.0,940.8196411,0.0,6.830519199,18.86100006,12.51100063,0.192000002,0.238999993,0.0,0.0036864305924003324,0.0,0.0,2020-02-27 00:00:00
23.26099968,17.54482269,0.0,930.6383057,0.0,5.411986351,21.26099968,24.81100082,0.133000001,0.150999993,0.0,0.0025615542739008865,0.0,0.0,2021-07-22 15:00:00
4.410999775,47.32931137,0.0,928.6409302,4.800000191,3.976329803,5.160999775,9.361000061,0.232999995,0.268999994,0.0,0.002529207772264878,0.0,0.0,2020-02-18 15:00:00
19.5805,56.430878,0.0,958.14966,0.0,16.394829,26.5305,33.0805,0.097,0.143,1.0,0.9953617850939432,1.0,33.23624661,2020-08-21 09:00:00
11.71100044,46.48548889,0.0,932.7892456,18.90000153,7.289444923,12.41100025,8.711000443,0.170000002,0.177000001,0.0,0.0025816569104790688,0.0,0.0,2023-11-29 00:00:00
8.211000443,72.25236511,0.0,933.1491699,0.0,3.893995285,9.561000824,10.61100006,0.286000013,0.307999998,0.0,0.002531309612095356,0.0,0.0,2022-01-23 03:00:00
37.11100006,10.41698265,0.0,934.3170166,0.0,6.725354195,31.66100121,26.76099968,0.133000001,0.150000006,0.0,0.0025821642484515905,0.0,0.0,2022-09-04 18:00:00
27.41100121,21.61387825,0.0,930.0613403,0.0,9.779816628,27.01099968,26.41100121,0.133000001,0.151999995,0.0,0.002715120247254769,0.0,0.0,2020-09-09 18:00:00
24.16100121,33.99369431,0.0,930.7828369,0.0,7.636752605,24.91100121,22.11100006,0.112999998,0.160999998,0.0,0.002528604158821205,0.0,0.0,2023-07-06 18:00:00
20.96100044,52.79248428,0.0,931.4968262,0.0,3.893995285,23.26099968,21.56100082,0.119999997,0.149000004,0.0,0.0025284838241835437,0.0,0.0,2023-10-19 03:00:00
16.46100044,69.94692993,0.0,932.199585,0.0,4.334974289,18.41100121,21.26099968,0.149000004,0.169,0.0,0.0025594147155061364,0.0,0.0,2022-10-04 06:00:00
20.61100006,11.93855858,0.0,929.4749146,15.60000038,11.88545322,23.46100044,27.46100044,0.133000001,0.151999995,0.0,0.33483425186326105,0.0,0.0,2022-07-23 09:00:00
29.612,20.40341,0.0,959.8347,0.0,9.885262,29.112,23.262001,0.134,0.154,1.0,0.9953571955362955,1.0,35.69847678,2020-08-31 20:00:00
10.16100025,45.20587158,0.0,931.4286499,1.5,6.915374279,7.910999775,11.81100082,0.270999998,0.280000001,0.0,0.002533007451953987,0.0,0.0,2021-11-23 09:00:00
13.01100063,59.94488144,0.0,932.5178223,68.40000153,3.877318382,8.611000061,8.411000252,0.30399999,0.317999989,0.0,0.002561385277658701,0.0,0.0,2022-01-17 18:00:00
22.6655,21.156006,0.0,916.73785,0.9,10.009036,26.3155,30.265501,0.137,0.151,1.0,0.9953615864117941,1.0,31.05687604,2020-08-20 09:00:00
12.96100044,41.75195694,0.0,935.9850464,0.0,9.693296432,16.46100044,18.26099968,0.174999997,0.208000004,0.0,0.002594125340692699,0.0,0.0,2020-06-09 06:00:00
18.422499,55.20439,0.0,941.46826,16.5,5.0911684,20.822498,25.2725,0.137,0.153,1.0,0.9953563412030538,1.0,34.03757767,2020-08-22 10:00:00
31.2705,28.235294,0.0,927.6086,0.0,8.427383,32.8205,26.4705,0.133,0.153,1.0,0.9907044172286987,1.0,33.74224302,2020-08-21 20:00:00
38.624,18.109802,0.0,953.3782,23.7,19.969458,41.974,33.573997,0.111,0.138,1.0,0.9953617850939432,1.0,27.5,2020-08-17 21:00:00
29.8465,9.781485,0.0,937.49384,0.0,16.363178,30.5465,32.7465,0.132,0.15,1.0,0.9953479965527853,1.0,30.03814483,2020-08-19 10:00:00
6.56099987,63.89036179,0.0,929.5546265,17.10000038,13.03975391,12.36100006,17.46100044,0.131999999,0.163000003,0.0,0.0025311069718251624,0.0,0.0,2021-05-19 12:00:00
10.71100044,94.48423767,0.0,930.3051758,7.800000191,6.489992142,14.46100044,17.71100044,0.155000001,0.178000003,0.0,0.002529517087774972,0.0,0.0,2023-06-09 09:00:00
26.26099968,18.53811264,0.0,930.8695679,3.300000191,6.638072014,21.16100121,19.31100082,0.136000007,0.156000003,0.0,0.002533966558985412,0.0,0.0,2022-10-21 18:00:00
6.4785,96.611725,0.2,997.6467,73.2,8.647496,7.7785,10.4785,0.352,0.298,1.0,0.9953483541806539,1.0,36.5770368,2021-03-10 10:00:00
38.5405,17.377499,0.0,927.912,25.500002,5.771239,41.7905,31.690498,0.125,0.148,1.0,0.9953532814979553,1.0,29.76365124,2020-08-18 21:00:00
27.1165,10.885256,0.0,917.3068,0.3,14.88242,27.8665,30.3665,0.127,0.152,1.0,0.995360791683197,1.0,29.93713764,2020-08-19 10:00:00
21.8725,53.909527,0.0,950.0922,3.9,10.661107,24.5225,27.7725,0.136,0.157,1.0,0.9953605532646179,1.0,34.47920646,2020-08-23 10:00:00
7.410999775,94.01806641,0.0,932.3657227,67.5,13.70839119,8.561000824,9.761000633,0.324999988,0.337000012,0.0,0.0025386759468043842,0.0,0.0,2020-02-02 15:00:00
10.11100006,71.10997772,0.0,938.0958862,26.70000076,2.276839733,7.660999775,7.611000061,0.268000007,0.245000005,0.0,0.002618759754113853,0.0,0.0,2021-01-03 18:00:00
1.610999942,96.13174438,0.0,927.1552734,32.70000076,3.396233082,5.81099987,7.261000156,0.379999995,0.291000009,0.0,0.00255376643811663,0.0,0.0,2021-03-11 03:00:00
21.7255,48.937958,0.0,962.38727,25.2,11.090103,26.4755,31.9255,0.097,0.143,1.0,0.995361864566803,1.0,33.99755238,2020-08-22 10:00:00
32.2255,20.913462,0.0,922.2618,0.0,6.28713,33.8755,26.9255,0.137,0.15,1.0,0.9953312675158182,1.0,33.75114254,2020-08-21 20:00:00
2.661000013,75.48816681,0.0,933.5011597,0.0,12.72282982,3.81099987,7.611000061,0.289999992,0.293000013,0.0,0.00253136382283022,0.0,0.0,2022-11-15 15:00:00
27.06100082,24.6761322,0.0,931.3515015,0.0,12.26115799,31.21100044,23.31100082,0.134000003,0.162,0.0,0.0026369206607341766,0.0,0.0,2020-07-08 00:00:00
26.6155,12.048603,0.0,924.74817,0.3,9.904906,24.7155,27.4655,0.138,0.155,1.0,0.9953111410140991,1.0,30.14053046,2020-08-19 10:00:00
15.91100025,30.59727287,0.0,937.4572144,0.0,3.599999905,12.31100082,7.31099987,0.284000009,0.305999994,0.0,0.0028820487981041274,0.0,0.0,2022-01-27 21:00:00
19.46100044,36.42226028,0.0,935.8662109,0.0,13.36371136,21.76099968,15.41100025,0.140000001,0.159999996,0.0,0.0026685301369676986,0.0,0.0,2021-05-23 21:00:00
4.511000156,85.9330368,0.0,934.0618286,47.69999695,3.599999905,5.960999966,8.261000633,0.386999995,0.377000004,0.0,0.0026251723368962607,0.0,0.0,2020-03-21 06:00:00
20.01099968,47.66030121,0.0,933.4450684,0.600000024,7.594208241,24.06100082,27.51099968,0.133000001,0.150999993,0.0,0.0030954148387536407,0.0,0.0,2021-08-14 12:00:00
32.4215,21.542631,0.0,947.16223,28.2,14.773164,33.2715,25.5715,0.137,0.154,1.0,0.9953608314196268,1.0,34.62183498,2020-08-23 21:00:00
4.56099987,86.24432373,0.0,932.5233765,100.0,14.40449905,6.011000156,6.761000156,0.382999986,0.389999986,0.0,0.0025324466017385325,0.0,0.0,2021-12-16 03:00:00
19.181002,56.707905,0.0,953.4707,0.9,12.303366,25.681002,31.631,0.127,0.15,1.0,0.9953619440396627,1.0,32.99710045,2020-08-21 09:00:00
18.36100006,47.20491791,0.0,926.8491211,0.0,2.811689854,15.41100025,20.41100121,0.157000005,0.171000004,0.0,0.0025380559964105487,0.0,0.0,2022-10-01 15:00:00
29.36100006,18.62793541,0.0,933.5953369,0.0,10.70356941,31.16100121,22.86100006,0.112999998,0.148000002,0.0,0.0025365024727458754,0.0,0.0,2023-09-11 21:00:00
16.86100006,30.64835548,0.0,933.0438232,0.0,8.707237244,14.46100044,21.96100044,0.133000001,0.149000004,0.0,0.0025206953675175705,0.0,0.0,2021-09-21 12:00:00
5.261000156,96.5789566,0.0,928.7120972,93.59999847,10.53884315,8.761000633,15.16100025,0.144999996,0.147,0.0,0.002523873195362588,0.0,0.0,2021-10-18 12:00:00
8.211000443,86.31639099,0.100000001,930.770813,52.79999542,2.902412653,9.561000824,9.261000633,0.395000011,0.40200001,0.0,0.0025668373564258218,0.0,0.0,2023-03-17 03:00:00
33.8195,23.103886,0.0,956.7184,0.0,7.42159,32.8195,26.8195,0.136,0.157,1.0,0.9953575134277344,1.0,33.41248842,2020-08-21 20:00:00
13.96100044,42.04355621,0.0,929.5786743,0.0,15.48418522,15.11100006,18.51099968,0.137999997,0.186000004,0.0,0.0025257780216634274,0.0,0.0,2020-06-17 12:00:00
23.46100044,24.05560112,0.0,930.2313232,0.0,4.024922371,24.91100121,26.86100006,0.133000001,0.150000006,0.0,0.0025248184877758226,0.0,0.0,2022-09-01 06:00:00
10.71100044,39.4540863,0.0,926.9179077,12.00000095,10.1376915,8.611000061,12.51100063,0.187000006,0.151999995,0.0,0.0025341761065647006,0.0,0.0,2020-11-17 15:00:00
7.111000061,37.0772934,0.0,927.0646973,0.0,5.315336227,5.81099987,9.711000443,0.312000006,0.321999997,0.0,0.002531874847287933,0.0,0.0,2021-02-08 09:00:00
26.543999,19.992052,0.0,956.3465,0.0,13.698934,29.944,33.294,0.127,0.15,1.0,0.9953619043032328,1.0,30.87784282,2020-08-20 09:00:00
7.011000156,95.96329498,0.0,931.333252,90.0,19.64558029,8.111000061,9.011000633,0.344999999,0.237000003,0.0,0.002521954942494631,0.0,0.0,2020-12-17 18:00:00
16.157501,80.54202,0.0,948.03143,1.8,16.981165,23.5075,29.0075,0.136,0.157,1.0,0.9953617453575134,1.0,33.33106468,2020-08-21 09:00:00
23.41100121,39.64471817,0.0,931.5966797,0.899999976,10.19505692,23.31100082,21.56100082,0.133000001,0.150000006,0.0,0.0025216741487383842,0.0,0.0,2021-08-24 18:00:00
7.660999775,74.21686554,0.0,931.8902588,85.20000458,3.758510351,8.961000443,9.011000633,0.279000014,0.296999991,0.0,0.00252742413431406,0.0,0.0,2022-02-01 03:00:00
9.511000633,82.39958191,0.0,932.7051392,98.69999695,5.411986351,9.511000633,9.461000443,0.280999988,0.231000006,0.0,0.0025350738239164152,0.0,0.0,2020-12-17 03:00:00
19.751,31.368402,0.0,932.84973,0.9,5.3517847,24.001,28.301,0.135,0.151,1.0,0.995197574297587,1.0,31.16277345,2020-08-20 09:00:00
32.0345,20.5813,0.0,940.8375,28.500002,15.273505,33.2345,25.2845,0.132,0.151,1.0,0.9953412612279257,1.0,34.65588348,2020-08-23 21:00:00
41.203503,16.23364,0.0,964.0308,26.7,7.9036193,43.7535,33.953503,0.115,0.145,1.0,0.9953621029853821,1.0,29.40895475,2020-08-18 21:00:00
12.76100063,38.34381104,0.0,936.2943726,30.00000191,4.610249519,6.611000061,6.81099987,0.204999998,0.199000001,0.0,0.0026382794603705406,0.0,0.0,2023-12-14 18:00:00
21.86100006,47.36854172,0.0,922.0011597,90.00000763,8.825508118,25.36100006,26.86100006,0.112000003,0.149000004,0.0,0.012292127901067337,0.0,0.0,2023-08-21 06:00:00
13.2994995,81.50055,0.0,929.8819,1.8,6.763786,17.549501,22.449501,0.134,0.159,1.0,0.9945630629857382,1.0,35.42676025,2020-08-29 10:00:00
1.710999966,87.83860779,0.0,926.6378784,0.0,9.693296432,5.710999966,9.761000633,0.219999999,0.25999999,0.0,0.0025254780581841865,0.0,0.0,2022-02-15 15:00:00
9.411000252,84.1018219,1.399999976,932.2183838,100.0,7.172948837,10.21100044,13.26100063,0.170000002,0.147,0.0,0.0025231881688038507,0.0,0.0,2021-10-20 15:00:00
3.698,97.56401,0.0,995.7764,0.0,8.714677,6.098,9.198,0.496,0.502,1.0,0.9953410029411316,1.0,37.18365554,2023-01-17 10:00:00
19.16100121,61.81250381,0.0,929.9106445,0.0,5.241678715,25.31100082,24.16100121,0.112999998,0.148000002,0.0,0.0025237395505731306,0.0,0.0,2023-09-13 03:00:00
5.710999966,81.90711212,0.0,935.427002,47.40000153,4.693825245,4.960999966,6.761000156,0.381000012,0.379000008,0.0,0.002589248896886905,0.0,0.0,2021-01-31 09:00:00
8.811000824,41.29131699,0.0,936.6184692,28.80000114,13.36371136,12.76100063,9.761000633,0.250999987,0.243000001,0.0,0.0026015243104969463,0.0,0.0,2020-12-24 00:00:00
17.683,93.8701,0.0,993.7647,55.8,8.647496,22.533,26.433,0.175,0.281,1.0,0.995361308256785,1.0,35.10756736,2020-08-25 10:00:00
6.960999966,99.65782928,0.0,932.8729248,90.0,11.79240417,10.21100044,13.06100082,0.344000012,0.248999998,0.0,0.002530193538405001,0.0,0.0,2020-05-20 09:00:00
1.56099999,98.93115234,0.0,926.2272949,62.09999847,3.599999905,4.261000156,6.81099987,0.416999996,0.411000013,0.0,0.002534213631103436,0.0,0.0,2020-03-17 06:00:00
29.51099968,11.21960449,0.0,935.2902222,0.0,17.65468788,34.4109993,27.01099968,0.135000005,0.156000003,0.0,0.0075626775311927,0.0,0.0,2022-06-29 00:00:00
9.261000633,99.32906342,0.899999976,930.2530518,100.0,11.09010315,10.61100006,12.66100025,0.312000006,0.157000005,0.0,0.0025261945944900313,0.0,0.0,2020-11-18 15:00:00
9.511000633,61.00692368,0.0,932.2475586,30.0,10.18233681,9.511000633,7.611000061,0.414000005,0.421000004,0.0,0.0025660983519628644,0.0,0.0,2021-12-16 21:00:00
21.385,20.824116,0.0,896.07263,0.9,10.009036,25.035,28.985,0.137,0.151,1.0,0.9953616261482239,1.0,31.41786521,2020-08-20 09:00:00
18.01099968,50.96530533,0.0,932.4425049,0.0,2.519999981,19.61100006,21.26099968,0.115000002,0.149000004,0.0,0.0025256913310537734,0.0,0.0,2023-10-05 06:00:00
7.261000156,32.69047165,0.0,932.5957031,0.0,18.35647011,7.361000061,9.611000061,0.246999994,0.275999993,0.0,0.002521446944835285,0.0,0.0,2021-02-28 09:00:00
30.4655,10.427253,0.0,954.1463,0.6,14.386494,31.615498,34.3155,0.116,0.146,1.0,0.9953620632489523,1.0,30.01321344,2020-08-19 10:00:00
35.274,14.525949,0.0,922.1701,0.0,16.78156,37.774,30.174002,0.137,0.15,1.0,0.9953292608261108,1.0,30.78095372,2020-08-19 21:00:00
28.36100006,20.09090042,0.0,931.4083862,0.0,10.30883026,26.41100121,21.11100006,0.141000003,0.160999998,0.0,0.0025879393021265664,0.0,0.0,2022-06-15 18:00:00
26.91100121,12.47868347,0.0,928.2775269,0.0,4.896529198,22.41100121,25.16100121,0.133000001,0.153999999,0.0,0.002680966475357612,0.0,0.0,2021-06-20 15:00:00
21.41100121,58.58690643,0.0,929.7804565,0.0,8.049844742,25.01099968,26.46100044,0.122000001,0.150000006,0.0,0.0025314075173810124,0.0,0.0,2023-08-24 06:00:00
35.864998,11.730962,0.0,973.6081,0.0,5.3999996,40.065,32.765,0.097,0.143,1.0,0.9953619837760925,1.0,31.77207095,2020-08-20 20:00:00
22.51099968,39.79266357,0.0,932.3694458,0.0,18.08977509,25.56100082,25.81100082,0.136000007,0.164000005,0.0,0.002523797370182971,0.0,0.0,2022-06-11 06:00:00
21.492,19.801228,0.0,893.2882,0.9,5.3517847,22.942001,27.242,0.137,0.152,1.0,0.9953323205312093,1.0,31.57325395,2020-08-20 09:00:00
16.46100044,52.1375618,0.0,930.2738037,0.0,5.399999619,20.01099968,25.36100006,0.133000001,0.155000001,0.0,0.0028959179762750864,0.0,0.0,2020-07-31 12:00:00
9.911000252,66.97071838,0.0,928.6107178,0.0,13.28102303,16.21100044,19.16100121,0.136999995,0.172999993,0.0,0.002526204140546421,0.0,0.0,2022-05-30 06:00:00
26.4955,20.632141,0.0,961.70874,0.0,8.049845,30.3455,34.2455,0.097,0.143,1.0,0.9953617850939432,1.0,30.8951616,2020-08-20 09:00:00
9.411000252,69.74238586,0.0,932.5843506,0.0,6.618519306,11.66100025,16.11100006,0.140000001,0.163000003,0.0,0.002526408643461764,0.0,0.0,2021-05-24 12:00:00
23.26099968,39.0702858,0.0,929.6275635,0.0,13.89152241,24.66100121,18.41100121,0.197999999,0.228,0.0,0.0025313238923748336,0.0,0.0,2023-05-15 00:00:00
23.56100082,24.25500679,0.0,933.565979,0.0,13.10419846,25.91100121,19.16100121,0.112999998,0.147,0.0,0.0025255302510534725,0.0,0.0,2023-09-24 21:00:00
18.402,65.6368,0.0,943.2842,27.9,1.1384199,21.602,26.602,0.138,0.154,1.0,0.9953612685203552,1.0,33.07023626,2020-08-21 09:00:00
10.86100006,80.35192108,0.0,926.5947876,6.300000191,4.379589081,15.61100006,19.31100082,0.155000001,0.223000005,0.0,0.0025428226605678597,0.0,0.0,2020-05-10 12:00:00
4.511000156,51.66623688,0.0,932.3258667,0.0,4.379589081,4.06099987,8.611000061,0.261000007,0.287,0.0,0.0025305526020626226,0.0,0.0,2021-02-26 15:00:00
18.881,81.16525,0.0,937.7637,10.200001,4.510787,21.631,25.181,0.133,0.159,1.0,0.9953228235244751,1.0,34.81676875,2020-08-24 10:00:00
34.86100006,12.22055817,0.0,937.9176025,0.0,7.412853241,33.9109993,24.81100082,0.133000001,0.150999993,0.0,0.038269919653733574,0.0,0.0,2020-09-30 21:00:00
10.41100025,46.61926651,0.0,932.1414795,0.0,6.130578995,12.56100082,10.11100006,0.192000002,0.180000007,0.0,0.002525278444712361,0.0,0.0,2023-11-26 00:00:00
13.055,82.289986,0.0,930.05035,9.0,10.495713,16.455,20.955,0.135,0.153,1.0,0.9942633907000223,1.0,35.35716259,2020-08-28 10:00:00
7.31099987,96.3028183,0.300000012,933.1593018,100.0,9.36000061,8.361000061,8.811000824,0.261999995,0.238999993,0.0,0.0025306667666882277,0.0,0.0,2020-12-26 03:00:00
18.01099968,29.88012505,0.0,931.4332886,0.0,4.553679466,16.56100082,22.26099968,0.133000001,0.150999993,0.0,0.002539894310757518,0.0,0.0,2020-10-17 15:00:00
13.06100082,42.38925171,0.0,935.0055542,0.0,4.213691711,17.36100006,17.56100082,0.138999999,0.149000004,0.0,0.002539605173903207,0.0,0.0,2021-10-10 03:00:00
21.460001,45.391563,0.0,925.3779,8.1,5.1165614,20.86,24.66,0.137,0.154,1.0,0.9950617154439291,1.0,34.36301384,2020-08-23 10:00:00
9.061000824,96.6796875,1.399999976,925.1624756,100.0,20.24019814,8.661000252,8.811000824,0.43599999,0.430999994,0.0,0.002523467099914948,0.0,0.0,2023-01-09 09:00:00
21.66100121,41.34263229,0.0,930.7655029,0.0,1.938659191,20.91100121,24.56100082,0.133000001,0.151999995,0.0,0.0029407208785414696,0.0,0.0,2022-07-26 15:00:00
28.656,10.056277,0.0,933.6838,2.4,14.799459,30.256,33.156,0.125,0.148,1.0,0.9953411022822062,1.0,29.93283196,2020-08-19 10:00:00
15.658,91.38434,0.0,959.9971,61.199997,1.8,19.708,24.658,0.114,0.151,1.0,0.9953594406445821,1.0,32.79045324,2020-08-21 09:00:00
9.161000252,59.20551682,0.0,938.4593506,0.0,4.735060215,10.76100063,12.16100025,0.266000003,0.294,0.0,0.0025404602832471332,0.0,0.0,2021-03-28 06:00:00
31.081,26.62725,0.0,945.9436,26.7,10.538843,30.781,24.230999,0.137,0.153,1.0,0.9953535199165344,1.0,34.23604575,2020-08-22 20:00:00
21.56100082,40.4784584,0.0,931.1981201,0.0,2.902412653,14.71100044,16.06100082,0.180000007,0.234999999,0.0,0.0025423748108247914,0.0,0.0,2023-04-28 15:00:00
4.761000156,85.65480804,0.200000003,925.1819458,100.0,14.49419212,5.81099987,7.06099987,0.216999993,0.238000005,0.0,0.0025260744926830134,0.0,0.0,2022-12-01 15:00:00
40.531,17.19473,0.0,961.4966,24.300001,12.224107,43.731,33.981,0.111,0.138,1.0,0.9953617850939432,1.0,29.6563251,2020-08-18 21:00:00
40.1175,17.915522,0.0,954.2733,26.7,5.692099,42.1675,32.6175,0.132,0.15,1.0,0.9953621824582418,1.0,29.51297621,2020-08-18 21:00:00
8.661000252,66.4647522,0.0,932.8234253,27.00000191,10.10568142,8.411000252,10.31100082,0.239999995,0.272000015,0.0,0.0025259171767781177,0.0,0.0,2020-02-17 09:00:00
14.46100044,51.06216431,0.0,932.9262695,20.10000038,7.342587948,12.86100006,8.161000252,0.256999999,0.284000009,0.0,0.002598431038980683,0.0,0.0,2020-02-14 21:00:00
26.9785,33.08379,0.0,999.5229,29.1,8.4963045,23.5285,21.2285,0.167,0.263,1.0,0.9953531424204508,1.0,37.01249758,2022-10-10 19:00:00
22.51099968,41.86473083,0.0,930.8994751,18.90000153,5.014219284,29.26099968,26.16100121,0.143000007,0.158000007,0.0,0.00498237949796021,0.0,0.0,2022-06-23 03:00:00
7.761000156,93.07115173,0.0,928.6270142,54.90000153,6.569382668,10.06100082,13.61100006,0.307999998,0.180999994,0.0,0.0025227682199329138,0.0,0.0,2021-10-23 15:00:00
14.31100082,45.58112335,0.0,935.7254028,6.300000191,10.10568142,10.56100082,12.11100006,0.231000006,0.241999999,0.0,0.002572146050321559,0.0,0.0,2021-01-16 12:00:00
13.96100044,58.94320297,0.0,932.7860107,57.00000381,11.30422878,13.46100044,10.26100063,0.300999999,0.310000002,0.0,0.0025485255367433033,0.0,0.0,2022-12-27 00:00:00
11.31100082,67.03665161,0.0,934.5974731,34.80000305,6.287129879,7.460999966,9.761000633,0.308999985,0.31099999,0.0,0.0025785185086230436,0.0,0.0,2022-12-26 12:00:00
10.16100025,91.94924927,0.0,931.7947998,92.70000458,2.519999981,10.56100082,13.01100063,0.328000009,0.335000008,0.0,0.002656300668604672,0.0,0.0,2021-11-01 15:00:00
6.210999966,36.24002075,0.0,935.4848633,0.0,17.41447639,4.910999775,5.011000156,0.317999989,0.335000008,0.0,0.002526010231425365,0.0,0.0,2023-02-15 18:00:00
13.76100063,48.7644577,0.0,922.6499634,0.0,6.489992142,15.76100063,21.66100121,0.135000005,0.170000002,0.0,0.002942041571562489,0.0,0.0,2020-06-29 09:00:00
29.8495,17.466078,0.0,941.8587,0.0,14.759999,31.2495,26.3995,0.135,0.151,1.0,0.9953561822573344,1.0,32.6036986,2020-08-20 20:00:00
0.911000013,95.41723633,0.0,936.4324341,69.29999542,13.04968929,4.611000061,7.261000156,0.370000005,0.379999995,0.0,0.0025380848286052546,0.0,0.0,2023-03-26 09:00:00
21.66100121,39.95806503,0.0,930.0307007,0.0,3.4152596,27.11100006,29.26099968,0.112999998,0.156000003,0.0,0.0027957975398749113,0.0,0.0,2023-07-18 06:00:00
26.66100121,27.07505798,0.0,930.9726563,0.0,7.072877884,25.21100044,29.56100082,0.133000001,0.151999995,0.0,0.003305516748999556,0.0,0.0,2020-09-07 12:00:00
33.813,23.10222,0.0,956.6117,0.0,7.42159,32.813,26.813,0.136,0.157,1.0,0.9953575134277344,1.0,33.410635,2020-08-21 20:00:00
17.61100006,42.20286179,0.0,930.49823,5.700000286,6.989935398,17.26099968,25.46100044,0.133000001,0.151999995,0.0,0.003410670285423597,0.0,0.0,2020-09-10 12:00:00
5.111000061,97.591362,0.0,927.8449097,89.70000458,3.054701328,7.111000061,8.661000252,0.391000003,0.393999994,0.0,0.0025930048432201147,0.0,0.0,2022-12-29 06:00:00
6.81099987,55.89084244,0.0,938.0404663,12.60000038,7.289444923,7.861000061,9.461000443,0.31099999,0.335999995,0.0,0.0025274514919146895,0.0,0.0,2022-01-12 06:00:00
23.91100121,28.13926506,0.0,935.9559326,0.0,3.4152596,18.31100082,12.06100082,0.226999998,0.248999998,0.0,0.00401678840474536,0.0,0.0,2021-11-30 21:00:00
22.607,54.097286,0.0,962.59,3.9,10.661107,25.257,28.507,0.136,0.157,1.0,0.9953617453575134,1.0,34.38704847,2020-08-23 10:00:00
19.16100121,22.98429871,0.0,932.296875,0.0,9.673220634,21.81100082,25.76099968,0.133000001,0.155000001,0.0,0.0025398966778690615,0.0,0.0,2020-08-02 09:00:00
19.76,42.37676,0.0,910.9284,8.099999,5.3999996,22.41,28.01,0.127,0.152,1.0,0.9953611095746359,1.0,32.92091058,2020-08-21 09:00:00
31.174002,10.558471,0.0,965.90686,0.6,14.386494,32.323997,35.024,0.116,0.146,1.0,0.9953620235125223,1.0,30.36811702,2020-08-19 10:00:00
4.56099987,96.22173309,0.300000012,921.9244385,100.0,9.220499039,5.861000061,7.56099987,0.419,0.426999986,0.0,0.0025293304740140834,0.0,0.0,2023-01-15 15:00:00
19.56100082,29.67907715,0.0,930.661377,0.0,9.085988045,21.91100121,26.96100044,0.112999998,0.153999999,0.0,0.0025716054951772094,0.0,0.0,2023-07-27 09:00:00
26.56100082,39.21590805,0.0,935.0856934,0.0,14.93457699,28.21100044,22.66100121,0.133000001,0.150999993,0.0,0.0025653074650714793,0.0,0.0,2020-09-24 21:00:00
24.381498,25.899115,0.0,913.2458,0.0,7.771331,21.131498,26.231499,0.128,0.151,1.0,0.9953221082687378,1.0,35.74558937,2020-09-01 10:00:00
22.206,42.77819,0.0,939.2907,25.800001,3.671294,20.506,25.456,0.133,0.151,1.0,0.9953438838322958,1.0,34.09481293,2020-08-22 10:00:00
13.56100082,38.02259064,0.0,932.1236572,0.0,3.877318382,16.41100121,12.21100044,0.136000007,0.150000006,0.0,0.002534312584126989,0.0,0.0,2020-11-13 00:00:00
3.361000061,76.43980408,0.0,932.5268555,0.0,13.91016865,5.361000061,8.311000824,0.310000002,0.305000007,0.0,0.0025297817774116993,0.0,0.0,2022-11-13 15:00:00
29.569502,11.9210415,0.0,891.7429,0.0,11.609651,31.569502,26.0695,0.133,0.153,1.0,0.9953344662984213,1.0,32.28354137,2020-08-20 20:00:00
3.361000061,99.29665375,0.0,925.4940796,90.0,8.496304512,9.111000061,13.91100025,0.158000007,0.208000004,0.0,0.0025221622393776975,0.0,0.0,2021-04-14 09:00:00
4.06099987,59.87955475,0.0,931.8249512,60.90000534,5.759999752,2.460999966,5.06099987,0.360000014,0.367000014,0.0,0.002532497785675029,0.0,0.0,2021-12-21 15:00:00
18.861,59.13693,0.0,948.43066,0.0,2.4149535,21.111,25.561,0.134,0.153,1.0,0.9953615069389343,1.0,35.64909425,2020-08-31 09:00:00
1.260999918,84.96007538,0.0,919.9290161,43.19999695,25.58280563,6.011000156,7.960999966,0.279000014,0.300999999,0.0,0.0025684330612421036,0.0,0.0,2023-02-22 03:00:00
-0.738999963,51.56456757,0.0,935.4620972,0.0,2.41495347,-0.039000001,4.910999775,0.245000005,0.256000012,0.0,0.002607629867270589,0.0,0.0,2022-02-25 15:00:00
7.861000061,77.44995117,0.0,931.1258545,54.90000153,11.70968819,8.611000061,10.16100025,0.298999995,0.319000006,0.0,0.002523343350427846,0.0,0.0,2021-02-10 06:00:00
8.511000633,45.05801392,0.0,931.5905151,17.70000076,10.8239727,7.960999966,9.761000633,0.238999993,0.272000015,0.0,0.002526659557285408,0.0,0.0,2020-02-17 15:00:00
35.31099701,23.1000042,0.0,935.9080811,8.700000763,9.028754234,33.46099854,29.16100121,0.133000001,0.152999997,0.0,0.07477269073327382,0.0,0.0,2020-08-17 18:00:00
26.634998,20.014887,0.0,957.8735,0.0,13.698934,30.035,33.385,0.127,0.15,1.0,0.9953619043032328,1.0,31.02060266,2020-08-20 09:00:00
8.661000252,96.66929626,0.200000003,929.0723877,100.0,4.452953815,9.761000633,11.41100025,0.25,0.248999998,0.0,0.0025239004753530025,0.0,0.0,2021-12-07 15:00:00
16.16100121,84.58188629,0.0,930.2827759,0.0,9.114471436,23.01099968,26.46100044,0.118000001,0.150000006,0.0,0.0025836134251827994,0.0,0.0,2023-08-25 06:00:00
4.660999775,87.17781067,0.0,936.9393921,0.899999976,11.01976395,8.311000824,8.561000824,0.349000007,0.340000004,0.0,0.0025645545683801174,0.0,0.0,2021-03-21 03:00:00
14.4285,99.677376,0.0,999.7987,90.0,6.4096174,17.3785,20.2785,0.262,0.285,1.0,0.9953548510869344,1.0,38.83217689,2023-09-04 10:00:00
16.56100082,59.17562866,0.0,928.8339844,0.0,6.287129879,17.86100006,18.21100044,0.180000007,0.237000003,0.0,0.0025318912618483105,0.0,0.0,2023-04-28 06:00:00
13.009,59.529686,0.0,997.7855,6.3,2.4149535,15.259,19.508999,0.176,0.296,1.0,0.9953573942184448,1.0,36.76541241,2022-05-22 10:00:00
21.3875,44.462353,0.0,905.4448,18.0,2.0364676,22.1375,26.0875,0.133,0.153,1.0,0.9953429698944092,1.0,34.49848746,2020-08-23 10:00:00
18.66100121,43.84608078,0.0,927.480896,0.0,5.991593838,21.11100006,25.31100082,0.133000001,0.152999997,0.0,0.002784704750714203,0.0,0.0,2022-07-12 12:00:00
22.66100121,29.81890297,0.0,933.0521851,0.0,9.885261536,25.76099968,20.61100006,0.147,0.188999996,0.0,0.002523049906206628,0.0,0.0,2022-05-19 03:00:00
12.4765005,100.0,0.0,996.5694,90.0,3.2399998,15.526501,18.9265,0.254,0.284,1.0,0.9953528046607971,1.0,38.86949704,2023-09-28 10:00:00
11.41100025,73.85383606,0.0,930.7805176,39.59999847,19.6521759,14.96100044,18.36100006,0.155000001,0.195999995,0.0,0.0025209184580792985,0.0,0.0,2022-05-16 09:00:00
11.11100006,79.02944183,0.0,938.6601563,16.5,9.422101021,11.56100082,9.211000443,0.344000012,0.351999998,0.0,0.0025449380821858845,0.0,0.0,2020-01-29 00:00:00
17.06100082,62.78111649,0.0,933.7412109,12.59999943,14.56554794,21.46100044,24.06100082,0.133000001,0.150999993,0.0,0.002761887231220802,0.0,0.0,2020-09-24 06:00:00
13.76100063,46.73516464,0.0,932.3630371,5.100000381,6.638072014,17.96100044,25.76099968,0.133000001,0.150999993,0.0,0.002634964417666197,0.0,0.0,2021-08-02 12:00:00
0.961000025,99.28279114,0.100000001,927.8689575,91.80000305,11.16580486,3.260999918,5.910999775,0.411000013,0.419999987,0.0,0.0025249781319871545,0.0,0.0,2021-12-26 12:00:00
24.51099968,35.75415421,0.0,932.7128296,0.0,9.366919518,30.41100121,25.86100006,0.112999998,0.158000007,0.0,0.0025258781388401985,0.0,0.0,2023-07-14 03:00:00
18.31100082,22.75530624,0.0,930.4141235,0.0,4.553679466,20.06100082,25.61100006,0.133000001,0.150999993,0.0,0.002540600330879291,0.0,0.0,2021-08-06 09:00:00
6.160999775,79.96356201,0.100000001,934.0073242,100.0,10.49571323,6.960999966,7.160999775,0.257999986,0.266000003,0.0,0.0025300775887444615,0.0,0.0,2021-03-09 18:00:00
29.077,17.284075,0.0,926.92773,0.0,11.246759,29.027,22.777,0.134,0.153,1.0,0.9952441056569418,1.0,35.7249951,2020-08-31 20:00:00
24.11100006,30.75461006,0.0,930.1265259,0.0,4.349896431,26.96100044,24.96100044,0.133000001,0.150999993,0.0,0.0025374790420755744,0.0,0.0,2020-09-28 03:00:00
16.76099968,50.2808876,0.0,928.9807739,37.5,10.73983192,21.51099968,16.56100082,0.138999999,0.187999994,0.0,0.0025243224032844105,0.0,0.0,2023-05-30 00:00:00
17.706501,65.48745,0.0,931.51733,27.9,1.1384199,20.9065,25.9065,0.138,0.154,1.0,0.9951789776484171,1.0,33.08999751,2020-08-21 09:00:00
35.9055,20.150799,0.0,920.70886,22.2,17.673029,38.955498,31.0555,0.123,0.149,1.0,0.9953604340553284,1.0,28.10505349,2020-08-17 21:00:00
35.8195,11.72219,0.0,972.8549,0.0,5.3999996,40.0195,32.7195,0.097,0.143,1.0,0.9953619837760925,1.0,31.98737755,2020-08-20 20:00:00
34.367,8.429698,0.0,931.9362,0.0,3.8773184,36.917,30.417,0.132,0.15,1.0,0.9951594074567159,1.0,32.35702611,2020-08-20 20:00:00
0.611000001,92.00083923,0.0,932.5067139,0.0,6.379216194,3.31099987,6.511000156,0.340999991,0.342999995,0.0,0.002534964121878147,0.0,0.0,2020-01-15 09:00:00
6.660999775,62.31353378,0.0,935.0701904,54.89999771,9.746630669,6.660999775,4.56099987,0.416999996,0.411000013,0.0,0.0025444467707226672,0.0,0.0,2023-03-08 21:00:00
20.51099968,47.31634521,0.0,925.5916748,11.69999981,14.11824322,26.21100044,27.51099968,0.133000001,0.152999997,0.0,0.43847086777289707,0.0,0.0,2021-06-28 06:00:00
31.31100082,14.08461285,0.0,933.350708,0.0,12.97998428,32.81099701,24.16100121,0.133000001,0.150999993,0.0,0.00339823712905248,0.0,0.0,2021-07-17 21:00:00
25.435,16.920305,0.0,921.16455,0.0,11.043261,27.335,30.885,0.132,0.149,1.0,0.9953588843345642,1.0,31.51440538,2020-08-20 09:00:00
6.660999775,73.51293182,0.0,932.6015015,90.00000763,6.792466164,6.410999775,7.56099987,0.391000003,0.404000014,0.0,0.00254149257671088,0.0,0.0,2023-01-07 12:00:00
17.71100044,52.11379623,0.0,927.8650513,0.899999976,7.421589851,25.36100006,27.26099968,0.133000001,0.153999999,0.0,0.002875936838487784,0.0,0.0,2021-06-21 06:00:00
21.41100121,38.80860901,0.0,933.913269,7.200000286,4.693825722,26.01099968,24.21100044,0.114,0.148000002,0.0,0.0025571360796069107,0.0,0.0,2023-09-10 03:00:00
8.561000824,55.14040375,0.0,928.7689819,0.0,11.09010315,11.81100082,15.06100082,0.187999994,0.229000002,0.0,0.002522550794916848,0.0,0.0,2022-05-02 09:00:00
19.068,63.652737,0.0,950.68176,25.800001,13.363711,23.768002,28.018002,0.136,0.157,1.0,0.9953620235125223,1.0,33.98178316,2020-08-22 10:00:00
32.81099701,16.65066147,0.0,933.1719971,0.0,3.396233082,34.9109993,25.61100006,0.133000001,0.150999993,0.0,0.0025274669363473854,0.0,0.0,2020-09-29 00:00:00
7.710999966,52.17098618,0.0,936.7526245,24.60000038,23.4994812,8.761000633,11.46100044,0.275000006,0.177000001,0.0,0.002525159972719848,0.0,0.0,2023-11-20 06:00:00
22.3375,24.890972,0.0,931.5173,0.9,5.1544156,23.137499,27.8375,0.131,0.156,1.0,0.9952490925788879,1.0,31.50173143,2020-08-20 09:00:00
30.4705,9.893399,0.0,947.6856,0.0,16.363178,31.1705,33.3705,0.132,0.15,1.0,0.9953621029853821,1.0,30.33524663,2020-08-19 10:00:00
22.76,57.403294,0.0,976.6164,3.0,1.1384199,23.810001,27.66,0.114,0.151,1.0,0.995361347993215,1.0,28.43387784,2020-08-18 10:00:00
27.66100121,19.22028732,0.0,925.2496338,0.0,13.18307972,28.51099968,30.71100044,0.133000001,0.151999995,0.0,0.06827884384741385,0.0,0.0,2020-09-08 09:00:00
22.109001,44.66354,0.0,917.16296,18.0,2.0364676,22.859001,26.809,0.133,0.153,1.0,0.9953559637069702,1.0,34.49953424,2020-08-23 10:00:00
23.56100082,17.8138752,0.0,935.2200928,29.10000038,14.34589767,26.56100082,18.86100006,0.136000007,0.177000001,0.0,0.002540206420235336,0.0,0.0,2021-05-01 00:00:00
7.861000061,65.34931183,0.0,930.6685181,6.300000191,4.334974289,7.160999775,12.56100082,0.130999997,0.159999996,0.0,0.0025719315356885395,0.0,0.0,2023-11-12 12:00:00
8.061000824,99.32265472,1.399999976,934.5687866,100.0,7.903619289,9.761000633,11.41100025,0.187999994,0.150000006,0.0,0.0025228052400052547,0.0,0.0,2020-11-14 03:00:00
35.448997,11.650822,0.0,966.7392,0.0,5.3999996,39.649,32.349,0.097,0.143,1.0,0.9953619837760925,1.0,31.83906265,2020-08-20 20:00:00
27.31100082,30.60028267,0.0,930.9558716,0.0,9.164103508,26.36100006,22.81100082,0.133000001,0.158999994,0.0,0.0029304116809119782,0.0,0.0,2020-07-16 18:00:00
15.61100006,58.54327011,0.0,931.1387939,53.40000153,11.65977669,18.71100044,19.71100044,0.134000003,0.155000001,0.0,0.0025261550520857177,0.0,0.0,2022-07-03 18:00:00
13.61100006,69.62065887,0.0,933.87854,29.70000076,2.968636036,11.26100063,15.66100025,0.128000006,0.147,0.0,0.0025579799354697266,0.0,0.0,2023-11-04 15:00:00
16.548,72.55843,0.0,960.92664,1.8,4.452954,19.298,24.098,0.134,0.158,1.0,0.9953605930010477,1.0,35.51717362,2020-08-30 09:00:00
10.11100006,62.90520096,0.0,925.0985107,69.00000763,14.25527191,13.91100025,10.01100063,0.243000001,0.270999998,0.0,0.002530438437437018,0.0,0.0,2021-03-04 00:00:00
7.460999966,49.11439896,0.0,930.9169922,42.89999771,9.114471436,8.761000633,6.460999966,0.360000014,0.301999986,0.0,0.002526471585345765,0.0,0.0,2021-03-12 00:00:00
4.660999775,88.10968781,0.0,935.5687866,0.0,3.70642662,6.06099987,11.01100063,0.199000001,0.150999993,0.0,0.002564735827036202,0.0,0.0,2020-11-15 12:00:00
31.881,20.19262,0.0,949.6767,0.0,15.629971,32.181,24.531,0.134,0.153,1.0,0.9953595002492269,1.0,35.58954784,2020-08-30 21:00:00
13.41100025,33.77086258,0.0,931.989563,0.0,2.545584202,12.01100063,17.06100082,0.133000001,0.150999993,0.0,0.0025286320596933365,0.0,0.0,2020-10-30 09:00:00
34.046,20.379583,0.0,974.9997,36.0,22.553936,38.546,30.546,0.084,0.13,1.0,0.995361864566803,1.0,34.64336338,2020-08-23 21:00:00
22.747,25.002378,0.0,938.3221,0.9,5.1544156,23.546999,28.247,0.131,0.156,1.0,0.9953564604123434,1.0,31.62638838,2020-08-20 09:00:00
8.461000443,92.47444916,0.0,931.3012085,100.0,5.991593838,11.61100006,12.91100025,0.266000003,0.223000005,0.0,0.0025227669393643737,0.0,0.0,2022-04-19 06:00:00
18.96100044,32.5058136,0.0,934.6287842,30.60000229,10.58791733,20.51099968,16.06100082,0.137999997,0.155000001,0.0,0.0026034524586672583,0.0,0.0,2022-10-25 21:00:00
11.86100006,34.06749344,0.0,930.5426025,0.0,4.104631424,11.96100044,19.46100044,0.133000001,0.149000004,0.0,0.0025212190812453628,0.0,0.0,2021-09-30 12:00:00
1.81099999,95.45013428,0.0,937.4407349,30.29999924,7.145795822,4.761000156,5.410999775,0.381999999,0.360000014,0.0,0.0025482475369547806,0.0,0.0,2020-01-18 03:00:00
12.41100025,34.10375214,0.0,931.3399658,0.0,9.227523804,9.361000061,8.561000824,0.216000006,0.257999986,0.0,0.0025433708215132356,0.0,0.0,2022-02-16 18:00:00
28.21100044,25.59187508,0.0,936.9829712,0.0,11.16580486,29.81100082,22.66100121,0.133000001,0.150999993,0.0,0.005945675928766529,0.0,0.0,2020-09-23 21:00:00
34.63,15.487301,0.0,943.9956,0.0,18.39878,36.33,28.429998,0.137,0.151,1.0,0.9953577121098837,1.0,30.7807136,2020-08-19 21:00:00
10.31100082,50.46234512,0.0,922.5929565,13.5,23.08776283,15.01100063,16.81100082,0.133000001,0.150000006,0.0,0.002521747063534955,0.0,0.0,2020-11-06 21:00:00
22.5355,21.122307,0.0,914.62244,0.9,10.009036,26.1855,30.1355,0.137,0.151,1.0,0.9953616261482239,1.0,31.02797515,2020-08-20 09:00:00
21.71100044,34.83478546,0.0,931.7891846,0.0,2.595996857,16.41100121,21.46100044,0.133000001,0.150000006,0.0,0.0025281485868617892,0.0,0.0,2021-09-04 15:00:00
33.26099777,12.12352753,0.0,930.6115723,0.0,15.07278347,35.06099701,25.96100044,0.133000001,0.153999999,0.0,0.0027759072836488485,0.0,0.0,2021-06-20 21:00:00
6.660999775,56.26265717,0.0,932.7843628,28.20000076,9.957108498,4.410999775,8.611000061,0.245000005,0.241999999,0.0,0.002522790222428739,0.0,0.0,2020-12-25 12:00:00
24.01099968,42.28610992,0.0,939.1069946,14.10000038,0.80498451,19.71100044,13.81100082,0.312000006,0.307999998,0.0,0.0025790787767618895,0.0,0.0,2021-11-12 21:00:00
13.66100025,42.41120529,0.0,940.2149658,0.0,4.693825245,10.21100044,5.861000061,0.352999985,0.368000001,0.0,0.0026716538316880665,0.0,0.0,2023-01-24 21:00:00
35.306,15.636595,0.0,954.9436,0.0,18.39878,37.006,29.105999,0.137,0.151,1.0,0.995360791683197,1.0,30.64615542,2020-08-19 21:00:00
32.05,22.042593,0.0,921.76636,0.0,7.628263,33.7,26.6,0.127,0.152,1.0,0.9953391551971436,1.0,33.85350564,2020-08-21 20:00:00
22.41100121,30.16911888,0.0,924.9018555,0.0,4.104631424,24.26099968,27.66100121,0.133000001,0.153999999,0.0,0.8779770731925964,1.0,0.0,2021-06-19 09:00:00
9.211000443,74.75074005,0.0,929.9640503,0.0,7.559999466,11.01100063,15.16100025,0.136000007,0.147,0.0,0.002528289294180771,0.0,0.0,2021-10-14 09:00:00
7.31099987,87.43106842,0.0,927.2150269,100.0,4.334974289,10.41100025,13.36100006,0.138999999,0.187000006,0.0,0.00252540308671693,0.0,0.0,2021-04-25 15:00:00
21.8595,20.947077,0.0,903.6857,0.9,10.009036,25.5095,29.459501,0.137,0.151,1.0,0.9953615466753641,1.0,31.57137799,2020-08-20 09:00:00
22.487999,58.086758,0.0,913.8478,12.6,4.1046314,23.487999,27.438,0.127,0.152,1.0,0.9953610301017761,1.0,34.8598893,2020-08-24 10:00:00
19.16100121,35.07855988,0.0,932.9393311,0.0,17.69867706,25.76099968,20.41100121,0.134000003,0.166999996,0.0,0.0025225347684075436,0.0,0.0,2021-05-07 00:00:00
22.3035,42.805588,0.0,940.9215,25.800001,3.671294,20.6035,25.5535,0.133,0.151,1.0,0.9953562219937643,1.0,34.04519028,2020-08-22 10:00:00
26.4565,21.597525,0.0,908.40436,0.0,10.990322,28.0565,23.0565,0.133,0.152,1.0,0.9949707190195719,1.0,35.29593529,2020-08-27 20:00:00
13.16100025,75.67979431,0.0,927.9794922,0.0,8.404284477,18.71100044,22.06100082,0.135000005,0.150000006,0.0,0.005530283708746235,0.0,0.0,2022-09-17 06:00:00
19.39,44.507545,0.0,997.3046,0.0,3.9763298,16.64,20.939999,0.175,0.277,1.0,0.9953576326370239,1.0,36.04951582,2020-10-13 10:00:00
2.81099987,100.0,0.699999988,921.492981,100.0,16.80857086,3.960999966,4.56099987,0.43900001,0.433999985,0.0,0.002524195044922332,0.0,0.0,2023-03-01 03:00:00
24.206501,25.66962,0.0,955.67053,0.0,14.182355,28.3065,31.2565,0.136,0.158,1.0,0.9953609506289164,1.0,30.88778911,2020-08-20 09:00:00
2.661000013,99.64577484,0.0,931.8575439,39.90000153,5.315336227,4.761000156,6.361000061,0.367000014,0.375999987,0.0,0.0025286468056341014,0.0,0.0,2021-12-20 03:00:00
19.61100006,52.61541748,0.0,928.1046753,0.899999976,13.00492096,20.11100006,19.21100044,0.112999998,0.147,0.0,0.002523887398031851,0.0,0.0,2023-09-29 18:00:00
8.711000443,60.37849808,0.0,932.1976929,0.899999976,11.87454414,11.06100082,9.311000824,0.312000006,0.307000011,0.0,0.0025268964236602187,0.0,0.0,2022-11-13 00:00:00
2.260999918,97.88442993,0.200000003,922.1490479,100.0,25.3256855,3.661000013,5.960999966,0.270000011,0.221000001,0.0,0.0025226158322766423,0.0,0.0,2021-01-25 06:00:00
37.383,19.12481,0.0,924.3497,26.400002,10.799999,40.383,31.133,0.123,0.149,1.0,0.9953534603118896,1.0,29.79557316,2020-08-18 21:00:00
19.01099968,37.85301208,0.0,928.7688599,3.0,8.557102203,21.61100006,25.71100044,0.133000001,0.150999993,0.0,0.002540052131128808,0.0,0.0,2022-07-28 12:00:00
12.81100082,27.63794518,0.0,934.8428345,0.900000036,2.41495347,15.41100025,11.21100044,0.136999995,0.150000006,0.0,0.002552282608424624,0.0,0.0,2020-11-11 00:00:00
3.161000013,100.0,2.599999905,913.2872314,100.0,21.59999847,4.81099987,6.861000061,0.43599999,0.43900001,0.0,0.003899470902979374,0.0,0.0,2023-01-16 06:00:00
14.01100063,60.8115387,0.0,931.7919312,60.29999924,12.96499825,16.06100082,13.06100082,0.284000009,0.308999985,0.0,0.0025234130832056203,0.0,0.0,2023-04-12 00:00:00
20.11100006,41.18408966,0.0,940.907959,11.70000076,11.25251865,15.61100006,11.06100082,0.228,0.26699999,0.0,0.002685079312262436,0.0,0.0,2023-04-21 18:00:00
9.6135,86.45775,0.0,1001.7437,3.6,8.942214,13.563499,18.5635,0.175,0.274,1.0,0.9953589836756388,1.0,36.61613179,2021-06-11 10:00:00
29.7465,17.441797,0.0,937.7708,0.0,11.246759,29.6965,23.4465,0.134,0.153,1.0,0.9949715336163839,1.0,35.6892245,2020-08-31 20:00:00
26.11100006,34.8955574,0.0,930.2789917,0.0,10.79999924,31.11100006,26.71100044,0.133000001,0.152999997,0.0,0.0033089022617787123,0.0,0.0,2022-07-12 03:00:00
15.91100025,35.00835037,0.0,940.2996216,0.0,6.608721733,7.660999775,7.06099987,0.279000014,0.246000007,0.0,0.0026656961611782513,0.0,0.0,2020-12-20 18:00:00
29.658,9.747764,0.0,934.43243,0.0,16.363178,30.358,32.558,0.132,0.15,1.0,0.9952474236488342,1.0,29.98800329,2020-08-19 10:00:00
4.111000061,69.91622162,0.0,933.1187744,0.0,8.373386383,5.460999966,9.311000824,0.247999996,0.263000011,0.0,0.002524017356336117,0.0,0.0,2022-11-24 12:00:00
20.21100044,66.88452148,0.0,928.0822144,0.600000024,5.351784706,22.21100044,26.66100121,0.133000001,0.151999995,0.0,0.02397813554853201,0.0,0.0,2020-08-24 12:00:00
14.76100063,41.08511353,0.0,929.6188965,0.0,12.78380203,17.91100121,12.96100044,0.193000004,0.239999995,0.0,0.0025285301186765232,0.0,0.0,2021-04-06 00:00:00
3.56099987,89.91493988,0.0,932.4961548,7.199999809,7.568566322,6.56099987,8.361000061,0.404000014,0.411000013,0.0,0.002531235571950674,0.0,0.0,2021-12-17 03:00:00
34.614002,16.144503,0.0,967.68933,0.0,6.12,37.914,30.914001,0.097,0.143,1.0,0.9953619440396627,1.0,33.39951061,2020-08-21 20:00:00
9.861000061,94.13014984,0.0,928.5047607,0.600000024,7.636752605,14.91100025,16.91100121,0.151999995,0.196999997,0.0,0.0025235257732371488,0.0,0.0,2023-05-27 06:00:00
0.460999995,97.85336304,0.0,927.2592163,100.0,9.983105659,3.861000061,4.410999775,0.425000012,0.423000008,0.0,0.00252322208446761,0.0,0.0,2023-02-28 03:00:00
26.369,18.298212,0.0,941.9988,0.0,14.512064,29.469,33.419,0.125,0.148,1.0,0.9953613877296448,1.0,31.14438537,2020-08-20 09:00:00
11.06100082,46.63622284,0.0,927.6589966,90.00000763,12.97998428,10.41100025,10.21100044,0.365999997,0.379999995,0.0,0.0025237860390916467,0.0,0.0,2023-03-19 06:00:00
21.833,27.074202,0.0,1003.052,30.000002,2.9024127,19.533,15.233,0.175,0.27,1.0,0.9953480362892151,1.0,37.08585099,2022-10-28 21:00:00
14.36100006,83.00054932,0.800000012,925.7496338,86.70000458,14.51206398,17.66100121,18.16100121,0.136000007,0.148000002,0.0,0.002610330741542081,0.0,0.0,2023-10-22 21:00:00
1.661000013,98.2256546,0.0,927.9921265,100.0,5.506940842,6.06099987,10.06100082,0.181999996,0.231999993,0.0,0.002524368193310996,0.0,0.0,2020-03-01 15:00:00
25.7255,10.620334,0.0,895.1915,0.3,14.88242,26.4755,28.9755,0.127,0.152,1.0,0.9953610698382059,1.0,29.91750245,2020-08-19 10:00:00
24.81100082,34.41104507,0.0,930.493042,0.0,10.70356941,29.01099968,23.16100121,0.133000001,0.150999993,0.0,0.002525304638159772,0.0,0.0,2021-06-22 21:00:00
31.33,10.5874405,0.0,968.512,0.6,14.386494,32.48,35.18,0.116,0.146,1.0,0.9953619837760925,1.0,30.20337105,2020-08-19 10:00:00
39.613,17.622719,0.0,944.8162,25.500002,5.771239,42.863,32.762997,0.125,0.148,1.0,0.9953619837760925,1.0,29.84143077,2020-08-18 21:00:00
15.61100006,65.03216553,0.0,934.3477173,7.500000477,8.209262848,18.76099968,16.71100044,0.192000002,0.207000002,0.0,0.0025367733711997667,0.0,0.0,2022-03-24 03:00:00
19.263,63.696083,0.0,954.021,25.800001,13.363711,23.963001,28.213001,0.136,0.157,1.0,0.9953619043032328,1.0,33.97639543,2020-08-22 10:00:00
25.3785,48.32042,0.0,997.8621,0.0,4.0249224,21.428501,20.3785,0.255,0.285,1.0,0.9953517913818359,1.0,38.84634765,2023-09-12 19:00:00
31.626501,9.3718605,0.0,966.4627,0.0,18.171976,32.676502,35.2765,0.115,0.145,1.0,0.9953620235125223,1.0,30.44003385,2020-08-19 10:00:00
13.81100082,38.23490143,0.0,932.2856445,0.0,12.90488243,15.66100025,16.36100006,0.160999998,0.197999999,0.0,0.0025238386588171124,0.0,0.0,2021-04-18 06:00:00
6.910999775,80.07146454,0.100000001,932.9495239,100.0,5.351784706,8.211000443,8.761000633,0.338999987,0.328000009,0.0,0.002534301757502059,0.0,0.0,2021-02-15 03:00:00
28.828,28.138329,0.0,954.501,0.0,13.513193,29.778,23.028,0.134,0.159,1.0,0.9953612685203552,1.0,35.46546843,2020-08-29 21:00:00
35.475,11.655824,0.0,967.1674,0.0,5.3999996,39.675,32.375,0.097,0.143,1.0,0.9953619837760925,1.0,31.88113121,2020-08-20 20:00:00
30.41100121,27.81530952,0.0,931.375061,0.0,8.121970177,29.36100006,20.76099968,0.199000001,0.229000002,0.0,0.0026026288590704403,0.0,0.0,2020-05-26 00:00:00
18.622,62.51112,0.0,961.4839,0.0,4.0249224,20.372,24.772001,0.134,0.154,1.0,0.9953601956367493,1.0,35.64488462,2020-08-31 09:00:00
26.661001,16.595222,0.0,937.51886,0.0,10.8955765,29.461,33.311,0.111,0.138,1.0,0.9952913125356039,1.0,31.54293482,2020-08-20 09:00:00
29.56100082,29.30570602,0.0,932.817749,29.40000153,6.479999542,29.01099968,30.41100121,0.133000001,0.152999997,0.0,0.00440479062187175,0.0,0.0,2020-08-17 09:00:00
17.51099968,21.87203598,0.0,936.9838867,12.0,3.758510351,17.51099968,12.76100063,0.214000002,0.238000005,0.0,0.0025383998872712255,0.0,0.0,2021-12-06 00:00:00
28.106,45.862545,0.0,944.81824,0.0,11.988594,30.056,24.306,0.134,0.159,1.0,0.9953583478927612,1.0,35.13633693,2020-08-25 21:00:00
27.012,35.740032,0.0,936.00635,0.0,13.479583,27.512,22.811998,0.134,0.159,1.0,0.9925661087036133,1.0,35.23097862,2020-08-26 20:00:00
11.01100063,59.6644783,0.0,928.6517944,12.30000019,10.23945332,12.51100063,14.81100082,0.270999998,0.247999996,0.0,0.0025243425431350866,0.0,0.0,2020-05-22 15:00:00
41.355,16.159143,0.0,965.3255,27.300001,7.42159,43.755,33.655,0.116,0.146,1.0,0.9953621029853821,1.0,29.60788055,2020-08-18 21:00:00
7.9240003,62.389805,0.0,1003.00916,72.9,6.9527545,6.374,8.274,0.456,0.466,1.0,0.9953158100446066,1.0,36.6856245,2021-12-21 10:00:00
28.91100121,35.56425858,0.0,931.2722168,48.0,8.404285431,28.86100006,25.71100044,0.133000001,0.150999993,0.0,0.002586519423251351,0.0,0.0,2022-07-29 18:00:00
4.31099987,96.89295197,0.600000024,924.4996948,93.0,6.193674088,7.910999775,8.611000061,0.256999999,0.217999995,0.0,0.002526604492838184,0.0,0.0,2021-01-23 00:00:00
20.86100006,37.59848785,0.0,938.4488525,0.0,6.409617424,18.31100082,12.61100006,0.167999998,0.202000007,0.0,0.0025549234123900533,0.0,0.0,2022-05-13 18:00:00
29.76099968,14.84515476,0.0,934.7095947,0.0,16.5951786,33.26099777,25.76099968,0.112999998,0.153999999,0.0,0.0026437558699399233,0.0,0.0,2023-07-27 21:00:00
22.678501,47.59151,0.0,996.2381,9.0,10.483357,21.5285,18.4785,0.185,0.319,1.0,0.9953542749087015,1.0,38.00727276,2023-05-22 19:00:00
26.81100082,20.71216393,0.0,931.0112305,0.0,12.49671841,32.21099854,24.66100121,0.133000001,0.150999993,0.0,0.0025358550483360887,0.0,0.0,2021-07-17 00:00:00
11.91100025,72.93854523,0.899999976,932.8463745,44.10000229,7.342587948,11.61100006,8.461000443,0.409999996,0.375,0.0,0.0025535343447700143,0.0,0.0,2020-03-22 21:00:00
18.86,63.606434,0.0,947.1306,25.800001,13.363711,23.560001,27.810001,0.136,0.157,1.0,0.9953620235125223,1.0,33.98937325,2020-08-22 10:00:00
25.06100082,41.46589661,0.0,932.4888306,0.0,5.001279831,28.11100006,21.36100006,0.147,0.169,0.0,0.002526207477785647,0.0,0.0,2022-10-05 00:00:00
8.661000252,91.54361725,0.0,937.3064575,25.19999886,14.3729744,11.16100025,12.31100082,0.196999997,0.231000006,0.0,0.00258774368558079,0.0,0.0,2022-03-16 06:00:00
25.61100006,10.63962173,0.0,939.3444214,7.200000286,6.379216194,18.16100121,16.11100006,0.133000001,0.150000006,0.0,0.002667368777717153,0.0,0.0,2020-11-01 18:00:00
14.16100025,39.89222717,0.0,931.5591431,21.0,10.46479702,13.81100082,17.06100082,0.247999996,0.284999996,0.0,0.002529811424513658,0.0,0.0,2020-04-26 12:00:00
33.176,22.939064,0.0,946.2244,0.0,7.42159,32.176,26.175999,0.136,0.157,1.0,0.9953366915384928,1.0,33.51173373,2020-08-21 20:00:00
4.960999966,84.46901703,0.0,927.2519531,0.899999976,10.9489727,7.611000061,10.76100063,0.201000005,0.234999999,0.0,0.0025344547272349396,0.0,0.0,2022-03-10 09:00:00
2.911000013,99.646492,1.899999976,927.5501099,100.0,15.07708168,4.06099987,5.56099987,0.433999985,0.42899999,0.0,0.0025246989680454135,0.0,0.0,2021-12-27 09:00:00
26.252,10.720354,0.0,903.5108,0.3,14.88242,27.002,29.502,0.127,0.152,1.0,0.9953611095746359,1.0,30.47741742,2020-08-19 10:00:00
5.910999775,64.67272949,0.0,932.0133057,24.59999847,12.72282982,9.511000633,13.26100063,0.167999998,0.217999995,0.0,0.002524393688266476,0.0,0.0,2021-04-10 09:00:00
3.710999966,98.254776,0.0,929.0701904,90.0,13.00492096,8.111000061,10.86100006,0.246999994,0.282999992,0.0,0.002522021842499574,0.0,0.0,2023-04-18 06:00:00
3.010999918,69.17796326,0.0,938.447876,0.0,5.411986351,4.910999775,8.061000824,0.323000014,0.344000012,0.0,0.002534145566945275,0.0,0.0,2023-01-27 09:00:00
28.987,15.4404745,0.0,991.6342,0.6,10.966713,31.637,35.336998,0.104,0.144,1.0,0.9953619837760925,1.0,30.38731175,2020-08-19 10:00:00
7.261000156,37.5509491,0.0,926.5601196,28.80000114,5.241678715,3.911000013,8.961000443,0.323000014,0.330000013,0.0,0.002526535109306375,0.0,0.0,2021-02-08 12:00:00
34.4915,17.755432,0.0,956.0439,25.2,11.212135,33.2915,26.8415,0.136,0.157,1.0,0.9953598976135254,1.0,34.28601732,2020-08-22 20:00:00
19.272001,56.7306,0.0,955.03174,0.9,12.303366,25.772001,31.722,0.127,0.15,1.0,0.9953619440396627,1.0,33.23502345,2020-08-21 09:00:00
29.76099968,19.73831367,0.0,935.2619019,0.0,5.014219284,22.56100082,19.21100044,0.119999997,0.149000004,0.0,0.0025375564970696964,0.0,0.0,2023-10-19 18:00:00
10.276501,83.345245,0.0,999.1797,2.7,1.835647,13.8765,17.8265,0.176,0.301,1.0,0.995358407497406,1.0,36.76283861,2022-05-18 10:00:00
5.410999775,62.69792175,0.0,930.2191162,1.799999952,20.34557343,6.761000156,8.461000443,0.319999993,0.326000005,0.0,0.00252146083706369,0.0,0.0,2021-03-23 15:00:00
8.361000061,45.85692978,0.0,934.3825684,0.0,1.484318018,7.910999775,4.960999966,0.384000003,0.397000015,0.0,0.0025893100537359715,0.0,0.0,2022-01-01 21:00:00
5.261000156,62.43281174,0.0,942.7862549,0.0,15.32856083,5.81099987,7.960999966,0.342000008,0.352999985,0.0,0.00260355071319888,0.0,0.0,2020-01-06 09:00:00
7.460999966,97.97052002,0.0,922.5031128,27.89999962,3.319036007,8.761000633,9.761000633,0.412,0.423999995,0.0,0.0025557005622734628,0.0,0.0,2023-01-10 03:00:00
12.06100082,69.54924774,0.0,929.1341553,34.5,12.97998428,16.26099968,13.46100044,0.303000003,0.330000013,0.0,0.0025248167803511024,0.0,0.0,2020-04-18 00:00:00
42.2435,15.458178,0.0,982.49695,26.1,13.281023,43.7435,33.693497,0.104,0.144,1.0,0.9953618248303732,1.0,29.52333709,2020-08-18 21:00:00
11.46100044,54.53234482,0.0,932.9924316,0.0,7.091177464,7.361000061,7.361000061,0.215000004,0.201000005,0.0,0.0025368305311227837,0.0,0.0,2023-12-13 18:00:00
15.21100044,37.82138443,0.0,931.3026123,20.10000038,10.04135418,19.46100044,16.01099968,0.136999995,0.155000001,0.0,0.0025781415946160755,0.0,0.0,2022-10-27 00:00:00
20.06100082,57.87646103,0.0,929.8781738,0.0,5.759999752,26.31100082,24.56100082,0.112999998,0.147,0.0,0.002526407091257473,0.0,0.0,2023-09-15 03:00:00
6.361000061,71.64341736,0.0,928.0326538,0.899999976,13.74615574,10.16100025,15.36100006,0.133000001,0.162,0.0,0.0025241688514749208,0.0,0.0,2021-05-21 09:00:00
34.01099777,12.67536068,0.0,932.362793,12.30000114,8.654986382,34.36100006,24.46100044,0.134000003,0.158000007,0.0,0.00450474761116008,0.0,0.0,2022-06-22 21:00:00
21.51099968,15.22527027,0.0,932.8378906,0.0,12.72792149,17.41100121,13.21100044,0.160999998,0.200000003,0.0,0.002523619836817185,0.0,0.0,2021-04-17 18:00:00
10.34,69.443504,0.0,1002.1532,0.3,9.686609,9.59,11.14,0.302,0.325,1.0,0.9953477183977762,1.0,36.38812488,2021-01-16 10:00:00
5.460999966,59.56980515,0.0,931.5134888,0.0,4.379589081,6.511000156,10.06100082,0.228,0.25,0.0,0.002533491972523431,0.0,0.0,2022-11-27 09:00:00
21.26099968,20.71541405,0.0,932.4956055,0.0,5.315336227,26.61100006,24.76099968,0.112999998,0.148000002,0.0,0.0025380540173500776,0.0,0.0,2023-09-11 03:00:00
2.56099987,81.18801117,0.0,924.9788818,100.0,18.44802284,5.960999966,5.960999966,0.419999987,0.426999986,0.0,0.0025230894486109414,0.0,0.0,2021-12-28 00:00:00
13.61100006,74.99397278,4.099999905,930.6715698,34.20000076,7.65370512,15.71100044,11.71100044,0.277999997,0.224999994,0.0,0.002531092109469076,0.0,0.0,2020-03-12 00:00:00
20.71100044,44.87794876,0.0,930.8788452,0.0,10.00255966,25.41100121,26.96100044,0.133000001,0.151999995,0.0,0.002604416493947307,0.0,0.0,2022-07-28 06:00:00
28.008501,46.279488,0.0,950.6635,0.0,15.646544,29.4585,23.9585,0.135,0.154,1.0,0.9953533808390299,1.0,35.13659958,2020-08-25 21:00:00
6.460999966,98.29271698,0.0,926.8736572,100.0,6.915374279,13.06100082,17.36100006,0.134000003,0.162,0.0,0.0025380415997157493,0.0,0.0,2021-05-16 12:00:00
14.71100044,56.15273666,0.0,931.163208,28.20000076,10.49571323,18.66100121,22.21100044,0.153999999,0.201000005,0.0,0.002524092599439124,0.0,0.0,2020-06-12 09:00:00
14.76100063,74.93764496,0.0,931.3604126,8.099999428,2.620839357,14.86100006,16.16100121,0.157000005,0.177000001,0.0,0.002658372395671904,0.0,0.0,2023-06-08 15:00:00
11.01100063,23.95282173,0.0,934.7860718,0.0,15.85635376,12.21100044,9.111000061,0.31400001,0.319000006,0.0,0.002529821591451764,0.0,0.0,2021-02-18 00:00:00
7.960999966,99.66055298,0.200000003,932.3442993,100.0,9.387651443,8.561000824,8.711000443,0.423000008,0.428000003,0.0,0.002545452017026643,0.0,0.0,2023-03-12 09:00:00
13.56100082,75.7460556,0.0,932.4901733,42.29999924,8.350137711,18.26099968,23.06100082,0.112999998,0.152999997,0.0,0.00255573606894662,0.0,0.0,2023-08-04 09:00:00
18.56100082,23.25067329,0.0,929.56427,0.0,3.319036007,13.96100044,19.11100006,0.136000007,0.170000002,0.0,0.0025515311087171235,0.0,0.0,2022-06-01 12:00:00
17.2825,87.756134,0.0,951.83765,4.5,5.904439,22.0325,26.1325,0.133,0.159,1.0,0.9953616658846537,1.0,35.03165884,2020-08-25 09:00:00
32.71099854,12.32430553,0.0,935.0819092,0.0,11.50311279,36.6609993,27.61100006,0.112999998,0.153999999,0.0,0.0029937201179564,0.0,0.0,2023-07-26 00:00:00
17.51099968,50.13961792,0.0,928.4524536,0.0,4.452953815,22.81100082,27.46100044,0.112999998,0.156000003,0.0,0.002904480400805672,0.0,0.0,2023-07-18 12:00:00
10.91100025,53.99998093,0.0,933.1092529,0.0,7.091177464,11.06100082,8.011000633,0.333000004,0.345999986,0.0,0.002539811461853484,0.0,0.0,2020-01-08 00:00:00
8.361000061,70.02319336,0.0,923.770752,100.0,20.52315521,12.96100044,13.26100063,0.162,0.216999993,0.0,0.0025238124265645943,0.0,0.0,2023-05-02 00:00:00
8.061000824,73.76714325,0.699999988,929.9036865,31.20000076,11.6208086,8.961000443,5.460999966,0.411000013,0.414999992,0.0,0.002548066161883374,0.0,0.0,2023-03-30 21:00:00
17.800499,63.369358,0.0,929.20825,25.800001,13.363711,22.5005,26.7505,0.136,0.157,1.0,0.993435283501943,1.0,34.01642071,2020-08-22 10:00:00
20.61100006,51.3140564,0.0,930.6685181,0.0,4.213691711,13.76100063,14.31100082,0.223000005,0.234999999,0.0,0.0025691712896029153,0.0,0.0,2023-05-13 15:00:00
27.36100006,15.58147717,0.0,934.7402344,0.0,11.59289455,28.06100082,24.81100082,0.135000005,0.156000003,0.0,0.7220010459423065,1.0,0.0,2022-06-29 18:00:00
17.96100044,36.89122391,0.0,939.9518433,0.0,2.811689854,17.51099968,13.41100025,0.333000004,0.31099999,0.0,0.0026636580005288124,0.0,0.0,2021-11-11 00:00:00
5.861000061,72.32136536,0.0,927.9762573,0.0,9.673220634,10.86100006,11.41100025,0.314999998,0.338999987,0.0,0.002523002059509357,0.0,0.0,2020-04-02 03:00:00
19.91100121,44.65394211,0.0,928.0936279,0.0,2.30512476,18.81100082,23.81100082,0.133000001,0.150000006,0.0,0.0025487235204006233,0.0,0.0,2021-08-20 15:00:00
27.51099968,26.02490997,0.0,927.1432495,0.0,4.693825245,31.61100006,27.86100006,0.133000001,0.150000006,0.0,0.0025769085235272846,0.0,0.0,2021-08-29 03:00:00
21.31100082,14.44215107,0.0,930.9476929,7.200000286,2.099142551,19.76099968,25.66100121,0.133000001,0.150999993,0.0,0.0028197080828249454,0.0,0.0,2021-07-23 12:00:00
17.11100006,17.16706467,0.0,932.3790283,0.0,2.276839733,11.31100082,18.01099968,0.133000001,0.150000006,0.0,0.0025212543550878763,0.0,0.0,2020-11-03 12:00:00
7.361000061,88.65677643,0.0,937.6549683,0.0,4.072935104,8.311000824,9.911000252,0.351999998,0.365999997,0.0,0.0025677395363648734,0.0,0.0,2020-03-31 06:00:00
23.088,21.265553,0.0,923.64044,0.9,10.009036,26.737999,30.688,0.137,0.151,1.0,0.9953492482503256,1.0,31.23684724,2020-08-20 09:00:00
12.41100025,50.68071747,0.0,930.6987915,0.0,5.959060192,9.361000061,12.31100082,0.221000001,0.263999999,0.0,0.0025273329423119626,0.0,0.0,2021-04-01 15:00:00
4.660999775,98.95761108,0.0,934.9291382,66.59999847,9.38765049,7.261000156,10.36100006,0.216999993,0.254000008,0.0,0.0025350489110375443,0.0,0.0,2020-02-23 12:00:00
23.5275,49.259773,0.0,967.6697,1.5,14.039999,26.627499,30.977499,0.084,0.13,1.0,0.9953616658846537,1.0,34.52023347,2020-08-23 10:00:00
32.11100006,15.58411694,0.0,929.958252,0.0,14.05844975,35.6609993,26.86100006,0.133000001,0.153999999,0.0,0.03962695753822724,0.0,0.0,2021-06-21 00:00:00
4.511000156,65.78275299,0.0,928.6710815,0.0,3.70642662,0.31099999,6.410999775,0.214000002,0.238000005,0.0,0.0025322194366405406,0.0,0.0,2022-11-30 15:00:00
27.202,10.777631,0.0,925.62573,0.3,13.896187,28.602,31.302,0.132,0.149,1.0,0.9953512152036031,1.0,30.60765716,2020-08-19 10:00:00
32.1609993,29.52760696,0.0,930.7998047,0.0,10.04135418,35.56099701,25.36100006,0.133000001,0.152999997,0.0,0.009249664066980282,0.0,0.0,2021-06-27 00:00:00
18.107,58.95466,0.0,935.63,0.0,2.4149535,20.357,24.807001,0.134,0.153,1.0,0.9950056672096252,1.0,35.60579731,2020-08-31 09:00:00
1.411000013,98.22206116,0.100000001,927.3678589,92.40000153,16.19999886,4.011000156,8.161000252,0.230000004,0.257999986,0.0,0.0025211413158103824,0.0,0.0,2022-02-22 12:00:00
14.794,71.0375,0.0,997.00824,0.0,7.9932966,19.194,22.994,0.252,0.293,1.0,0.9953559637069702,1.0,38.45390247,2023-07-28 10:00:00
13.46100044,28.35474014,0.0,931.4537354,0.0,17.31745911,20.56100082,19.01099968,0.127000004,0.163000003,0.0,0.002532667752044896,0.0,0.0,2021-05-19 03:00:00
11.16100025,69.60875702,0.0,931.7162476,71.40000916,7.729526997,10.96100044,10.36100006,0.216000006,0.254000008,0.0,0.002523179088408748,0.0,0.0,2020-02-22 18:00:00
10.71100044,36.48989868,0.0,937.7205811,12.60000038,6.287129879,4.660999775,4.361000061,0.314999998,0.328999996,0.0,0.002534020304058989,0.0,0.0,2020-02-05 18:00:00
33.56099701,22.42656136,0.0,933.7263794,22.5,10.80599785,35.6609993,25.51099968,0.109999999,0.150000006,0.0,0.0026389698420340815,0.0,0.0,2023-08-13 21:00:00
7.210999966,72.06276703,0.0,929.0144653,0.0,6.608721733,8.711000443,12.66100025,0.237000003,0.238999993,0.0,0.002527092040205995,0.0,0.0,2023-05-12 12:00:00
29.532999,45.663006,0.0,966.0596,0.0,16.299694,33.433002,24.782999,0.114,0.151,1.0,0.9953558842341105,1.0,34.94279886,2020-08-24 21:00:00
34.958,22.181889,0.0,931.3714,21.300001,18.864824,38.008,31.008,0.132,0.149,1.0,0.9953412612279257,1.0,27.97529172,2020-08-17 21:00:00
22.051,19.943563,0.0,902.2313,0.9,5.3517847,23.501001,27.801,0.137,0.152,1.0,0.9953553279240926,1.0,31.53301106,2020-08-20 09:00:00
5.210999966,77.2993927,0.0,935.2773438,30.90000153,5.191993713,4.511000156,5.361000061,0.375,0.388000011,0.0,0.0025782728334888816,0.0,0.0,2022-01-03 03:00:00
30.5085,9.642001,0.0,963.01056,2.1000001,17.917007,31.9585,35.0585,0.111,0.138,1.0,0.995361864566803,1.0,30.50374451,2020-08-19 10:00:00
20.86100006,40.41738129,0.0,929.7255249,0.0,3.259938478,21.96100044,23.76099968,0.111000001,0.143999994,0.0,0.0025389045864964523,0.0,0.0,2023-10-08 06:00:00
8.061000824,63.097332,0.0,932.9223022,0.0,7.65370512,4.710999966,4.861000061,0.368999988,0.377999991,0.0,0.002528982935473323,0.0,0.0,2021-12-19 18:00:00
28.227,9.978126,0.0,926.7295,2.4,14.799459,29.827,32.727,0.125,0.148,1.0,0.9953516523043314,1.0,29.89889677,2020-08-19 10:00:00
20.16100121,60.2362175,0.0,929.7214355,0.0,14.69399929,24.81100082,26.11100006,0.135000005,0.163000003,0.0,0.0026346170343458652,0.0,0.0,2022-06-12 06:00:00
29.46100044,19.87239265,0.0,928.5583496,0.0,6.519876957,33.06099701,28.36100006,0.133000001,0.150999993,0.0,0.002864500624127686,0.0,0.0,2022-08-17 03:00:00
5.410999775,89.42668915,0.0,928.482666,19.5,6.287129879,7.761000156,11.76100063,0.25,0.204999998,0.0,0.0025266955296198526,0.0,0.0,2022-03-31 09:00:00
14.41100025,33.69301605,0.0,937.8613892,0.0,9.085988045,14.16100025,9.061000824,0.239999995,0.268000007,0.0,0.0027814474888145924,0.0,0.0,2021-03-04 21:00:00
19.6805,81.26891,0.0,951.3358,10.200001,4.510787,22.4305,25.9805,0.133,0.159,1.0,0.9953616261482239,1.0,34.81899362,2020-08-24 10:00:00
13.26100063,76.20808411,0.0,928.8320923,0.0,7.993296623,19.06100082,17.06100082,0.151999995,0.196999997,0.0,0.0025305287757267556,0.0,0.0,2023-05-27 03:00:00
34.11100006,9.039418221,0.0,932.2030029,0.0,5.804825306,33.96099854,22.61100006,0.135000005,0.158000007,0.0,0.0031900493583331504,0.0,0.0,2022-06-21 21:00:00
23.1565,25.113749,0.0,945.16724,0.9,5.1544156,23.9565,28.6565,0.131,0.156,1.0,0.9953617056210836,1.0,31.63247396,2020-08-20 09:00:00
29.9235,9.538535,0.0,953.29956,2.1000001,17.917007,31.3735,34.4735,0.111,0.138,1.0,0.995361864566803,1.0,30.62028606,2020-08-19 10:00:00
19.76099968,41.94215393,0.0,934.3870239,0.0,4.693825245,18.76099968,23.01099968,0.133000001,0.150999993,0.0,0.002573966126268109,0.0,0.0,2022-08-11 15:00:00
5.511000156,96.25003052,0.699999988,927.0498047,100.0,6.952754498,6.511000156,7.761000156,0.421000004,0.393000007,0.0,0.0025295730835447707,0.0,0.0,2022-12-29 18:00:00
29.36100006,16.26860428,0.0,938.5657349,25.20000076,13.49399853,25.66100121,16.36100006,0.172000006,0.197999999,0.0,0.0028191672172397375,0.0,0.0,2022-04-07 21:00:00
19.3605,63.717728,0.0,955.694,25.800001,13.363711,24.060501,28.310501,0.136,0.157,1.0,0.9953620235125223,1.0,34.0079564,2020-08-22 10:00:00
38.7215,18.132431,0.0,954.94604,23.7,19.969458,42.0715,33.671497,0.111,0.138,1.0,0.9953617850939432,1.0,27.5,2020-08-17 21:00:00
24.3655,43.095066,0.0,924.8349,12.300001,5.2416787,24.815498,27.915499,0.138,0.155,1.0,0.9951739311218262,1.0,28.34579101,2020-08-18 10:00:00
18.81100082,26.91149902,0.0,935.5974731,0.0,3.671293974,22.76099968,17.01099968,0.138999999,0.149000004,0.0,0.002545158223559459,0.0,0.0,2021-10-10 00:00:00
20.61100006,33.5649147,0.0,933.3312988,0.0,13.83074856,24.61100006,26.51099968,0.133000001,0.155000001,0.0,0.002857567354415854,0.0,0.0,2020-08-03 06:00:00
19.21100044,53.40032196,0.0,936.348938,0.0,7.636752605,19.21100044,21.96100044,0.134000003,0.153999999,0.0,0.018630606743196648,0.0,0.0,2022-07-09 15:00:00
27.1455,21.774942,0.0,919.4378,0.0,10.990322,28.7455,23.7455,0.133,0.152,1.0,0.9952168265978495,1.0,35.29233724,2020-08-27 20:00:00
2.861000061,95.14859009,0.0,931.918396,41.10000229,13.03975391,6.31099987,9.161000252,0.263000011,0.270000011,0.0,0.002522385213524103,0.0,0.0,2021-03-08 12:00:00
18.46100044,77.28365326,0.0,935.5932617,100.0,13.18307972,18.31100082,14.76100063,0.291000009,0.152999997,0.0,0.0025831513727704682,0.0,0.0,2021-10-21 21:00:00
11.31100082,78.25524902,0.0,940.2744751,89.99999237,12.06939983,10.36100006,8.461000443,0.34799999,0.352999985,0.0,0.002599456657965978,0.0,0.0,2020-01-28 21:00:00
39.145,17.515654,0.0,937.4095,25.500002,5.771239,42.395,32.295,0.125,0.148,1.0,0.9953550100326538,1.0,28.79657344,2020-08-18 21:00:00
9.111000061,53.13026047,0.0,936.5231934,9.0,9.693296432,9.961000443,8.211000443,0.245000005,0.27700001,0.0,0.002542168484069407,0.0,0.0,2023-04-19 18:00:00
13.41100025,43.10676193,0.0,933.3639526,3.900000095,1.138419867,7.111000061,6.960999966,0.224000007,0.200000003,0.0,0.0025568277730296054,0.0,0.0,2023-12-11 18:00:00
16.6,87.69559,0.0,940.14026,4.5,5.904439,21.35,25.45,0.133,0.159,1.0,0.9953581492106119,1.0,35.09183936,2020-08-25 09:00:00
27.794,45.778164,0.0,939.6868,0.0,11.988594,29.744,23.994,0.134,0.159,1.0,0.9953422745068868,1.0,35.12159196,2020-08-25 21:00:00
16.21100044,47.92150879,0.0,930.663269,0.0,21.62698364,22.71100044,17.76099968,0.136000007,0.172999993,0.0,0.002520859008654952,0.0,0.0,2021-05-02 00:00:00
20.91100121,15.79609871,0.0,929.5550537,1.5,15.3792057,25.81100082,28.11100006,0.133000001,0.151999995,0.0,0.005399329122155905,0.0,0.0,2022-07-23 06:00:00
35.849503,13.611038,0.0,926.6777,0.0,16.485485,38.7495,31.4495,0.123,0.149,1.0,0.9953411420186361,1.0,30.77883765,2020-08-19 21:00:00
14.4045,81.644356,0.0,948.89026,1.8,6.763786,18.654501,23.5545,0.134,0.159,1.0,0.9953610301017761,1.0,35.42148516,2020-08-29 10:00:00
20.76099968,16.62383842,0.0,930.3416138,0.0,10.23312283,22.61100006,26.86100006,0.133000001,0.151999995,0.0,0.0026729388628154993,0.0,0.0,2022-07-22 12:00:00
27.9165,27.41763,0.0,1008.9363,0.0,14.480773,28.7165,22.0665,0.179,0.257,1.0,0.9953604737917582,1.0,36.78986355,2022-06-20 19:00:00
33.551,15.684521,0.0,935.424,0.0,4.8433046,35.251,28.801,0.132,0.15,1.0,0.9948702057202657,1.0,33.8578466,2020-08-21 20:00:00
27.91100121,33.34498978,0.0,933.4095459,0.0,13.18307972,33.11100006,25.61100006,0.133000001,0.158000007,0.0,0.002812336819867293,0.0,0.0,2020-07-20 00:00:00
12.51100063,60.45112228,0.0,937.1390991,19.20000076,3.82685256,14.71100044,10.66100025,0.175999999,0.185000002,0.0,0.0026005334608877697,0.0,0.0,2020-12-07 00:00:00
23.296,21.31949,0.0,927.0541,0.9,10.009036,26.946,30.896,0.137,0.151,1.0,0.9953100879987081,1.0,31.0149748,2020-08-20 09:00:00
19.11100006,17.99761009,0.0,937.2392578,13.80000019,14.97357559,18.06100082,15.26100063,0.179000005,0.208000004,0.0,0.002529496792703867,0.0,0.0,2020-06-08 18:00:00
13.71100044,50.67906952,0.0,929.7833862,36.90000153,4.843304634,15.91100025,11.61100006,0.238999993,0.186000004,0.0,0.002527301859421035,0.0,0.0,2020-11-23 00:00:00
33.889,14.179915,0.0,930.4739,0.0,6.638072,36.189003,29.289,0.125,0.148,1.0,0.9953033129374186,1.0,33.75629015,2020-08-21 20:00:00
10.86100006,49.1772995,0.0,937.7641602,0.0,15.6837759,12.51100063,8.861000061,0.328000009,0.307000011,0.0,0.002530054460900525,0.0,0.0,2021-03-14 00:00:00
25.457,18.07673,0.0,928.5429,0.0,13.397612,28.157,32.057,0.123,0.149,1.0,0.9953369696935018,1.0,31.64287798,2020-08-20 09:00:00
30.11100006,30.86060905,0.0,934.3379517,33.60000229,14.82570648,35.01099777,27.31100082,0.133000001,0.150999993,0.0,0.005895860493183136,0.0,0.0,2022-08-03 00:00:00
9.461000443,49.86118698,0.0,936.71698,0.0,11.17740536,3.960999966,3.010999918,0.377000004,0.391000003,0.0,0.0025340118057404957,0.0,0.0,2022-01-02 21:00:00
31.484999,28.293392,0.0,931.049,0.0,8.427383,33.035,26.685,0.133,0.153,1.0,0.993492861588796,1.0,33.86535041,2020-08-21 20:00:00
8.361000061,63.39373398,0.0,932.09552,0.0,5.05284071,8.511000633,9.261000633,0.165999994,0.175999999,0.0,0.0025413859790811935,0.0,0.0,2023-11-29 03:00:00
8.511000633,95.0351944,0.0,934.6094971,34.20000076,5.399999619,9.111000061,9.511000633,0.354999989,0.370999992,0.0,0.0025595446738104024,0.0,0.0,2022-01-06 06:00:00
7.06099987,81.79718018,0.0,934.1828003,12.59999943,10.18233681,7.761000156,10.01100063,0.254999995,0.289999992,0.0,0.002547270773599545,0.0,0.0,2023-04-16 15:00:00
30.7285,32.494293,0.0,998.0505,0.0,4.198285,28.1285,23.3785,0.174,0.278,1.0,0.995354175567627,1.0,36.81431469,2022-07-14 19:00:00
3.161000013,79.23550415,0.0,932.2835693,0.0,5.351784706,5.111000061,8.761000633,0.289999992,0.294,0.0,0.002535974606871605,0.0,0.0,2022-11-15 09:00:00
26.991999,20.248114,0.0,971.71643,0.0,8.473393,31.491999,35.242,0.116,0.146,1.0,0.9953618248303732,1.0,30.99942318,2020-08-20 09:00:00
7.960999966,40.88364792,0.0,930.6063843,0.0,7.091177464,9.111000061,10.46100044,0.264999986,0.27700001,0.0,0.002523914988463124,0.0,0.0,2022-11-19 03:00:00
18.21100044,58.7829628,0.0,930.9373169,37.80000305,9.36000061,20.66100121,17.06100082,0.119999997,0.158000007,0.0,0.0025235556919748583,0.0,0.0,2023-11-06 00:00:00
27.85,9.909618,0.0,920.65295,2.4,14.799459,29.45,32.35,0.125,0.148,1.0,0.9953604737917582,1.0,29.86039851,2020-08-19 10:00:00
10.36100006,100.0,1.600000024,924.3462524,100.0,24.43761063,10.41100025,10.06100082,0.43900001,0.435000002,0.0,0.002526088540131847,0.0,0.0,2022-12-31 15:00:00
28.955,10.110872,0.0,938.5556,2.4,14.799459,30.555,33.455,0.125,0.148,1.0,0.9953593611717224,1.0,30.18125359,2020-08-19 10:00:00
9.911000252,47.67887878,0.0,934.4683228,0.0,7.92817688,10.21100044,12.91100025,0.335999995,0.356000006,0.0,0.002523538850558301,0.0,0.0,2020-04-15 09:00:00
12.56100082,70.1271286,0.0,932.7566528,29.70000076,2.41495347,12.21100044,16.31100082,0.122000001,0.143000007,0.0,0.0025335493264719844,0.0,0.0,2023-11-04 12:00:00
24.06100082,22.4667511,0.0,931.3079834,0.0,9.0,28.21100044,22.76099968,0.135000005,0.158999994,0.0,0.0833776934693257,0.0,0.0,2022-06-21 03:00:00
3.611000061,86.45445251,0.0,928.1265259,0.0,3.319036007,4.660999775,8.761000633,0.215000004,0.201000005,0.0,0.002533943625167012,0.0,0.0,2023-12-13 09:00:00
15.7225,87.61707,0.0,925.2722,4.5,5.904439,20.4725,24.5725,0.133,0.159,1.0,0.9823282162348429,1.0,35.06717062,2020-08-25 09:00:00
28.751,32.26711,0.0,930.252,0.0,13.627795,29.301,23.751,0.138,0.154,1.0,0.9952329595883688,1.0,33.48025903,2020-08-21 20:00:00
29.4335,17.36803,0.0,935.0821,0.0,14.759999,30.8335,25.9835,0.135,0.151,1.0,0.9949312011400858,1.0,32.59889992,2020-08-20 20:00:00
15.86100006,74.13491821,0.0,929.0993042,0.0,5.588702679,20.16100121,24.61100006,0.133000001,0.158000007,0.0,0.008589144563302398,0.0,0.0,2020-07-19 12:00:00
28.6365,10.052721,0.0,933.3668,2.4,14.799459,30.2365,33.1365,0.125,0.148,1.0,0.9953360358874003,1.0,30.46103662,2020-08-19 10:00:00
5.710999966,68.73634338,0.0,930.3997803,29.10000229,5.634891033,6.361000061,8.711000443,0.280000001,0.296999991,0.0,0.002530479726071159,0.0,0.0,2022-02-01 06:00:00
22.96100044,33.65250397,0.0,931.2023315,1.200000048,5.506940842,21.31100082,19.01099968,0.112999998,0.147,0.0,0.0025331954626987376,0.0,0.0,2023-09-28 18:00:00
10.71100044,69.76000977,0.0,935.5233765,30.60000229,4.104631424,11.41100025,8.911000252,0.330000013,0.335999995,0.0,0.002637711470015347,0.0,0.0,2023-12-25 00:00:00
13.91100025,44.98402023,0.0,936.1622925,0.0,2.741678238,13.31100082,8.161000252,0.279000014,0.296000004,0.0,0.004311238182708621,0.0,0.0,2022-01-31 00:00:00
12.41100025,41.28958893,0.0,938.7592163,0.0,3.893995285,14.56100082,13.46100044,0.193000004,0.239999995,0.0,0.0025697738553086915,0.0,0.0,2020-02-26 03:00:00
7.56099987,50.6166687,0.0,927.4708862,9.0,4.735060215,8.111000061,11.41100025,0.224000007,0.181999996,0.0,0.002529881002071003,0.0,0.0,2023-11-23 12:00:00
8.611000061,43.28212738,0.0,933.5408325,2.700000048,2.620839357,8.961000443,14.76100063,0.111000001,0.129999995,0.0,0.0025226472644135356,0.0,0.0,2023-10-31 09:00:00
14.56100082,75.6578064,0.0,930.663147,0.0,4.320000172,15.81100082,20.51099968,0.150999993,0.170000002,0.0,0.0025934191265453896,0.0,0.0,2022-10-03 09:00:00
1.161000013,87.46759796,0.0,926.2875977,0.899999976,6.034699917,4.511000156,8.661000252,0.210999995,0.254000008,0.0,0.0025447195318217077,0.0,0.0,2022-02-21 15:00:00
23.1465,21.280724,0.0,924.59937,0.9,10.009036,26.7965,30.7465,0.137,0.151,1.0,0.9953493277231852,1.0,31.14990443,2020-08-20 09:00:00
31.4135,28.274021,0.0,929.90125,0.0,8.427383,32.963497,26.6135,0.133,0.153,1.0,0.9943795601526896,1.0,33.86661479,2020-08-21 20:00:00
11.31100082,27.30934525,0.0,933.1324463,0.0,5.692099571,9.361000061,15.51100063,0.133000001,0.150000006,0.0,0.002520751402092477,0.0,0.0,2020-10-31 15:00:00
30.3285,27.51458,0.0,997.8322,29.400002,3.2599385,25.0785,18.178501,0.179,0.33,1.0,0.9953421354293823,1.0,37.79879465,2023-04-28 19:00:00
30.8515,42.117115,0.0,941.05444,0.6,13.53236,34.4515,26.1515,0.132,0.151,1.0,0.995348850886027,1.0,35.03011312,2020-08-24 22:00:00
13.048,60.580643,0.0,1011.9737,0.0,6.763786,8.598,7.098,0.466,0.48,1.0,0.9953027963638306,1.0,37.28789459,2023-02-08 19:00:00
0.011,59.29537582,0.0,936.0615845,26.40000153,6.725354195,1.210999966,6.160999775,0.238999993,0.252999991,0.0,0.0025860604752476015,0.0,0.0,2022-02-26 12:00:00
17.71100044,47.18661118,0.0,931.0759888,0.0,8.891343117,20.21100044,24.31100082,0.112999998,0.152999997,0.0,0.002539873317194482,0.0,0.0,2023-08-05 09:00:00
21.3915,53.786045,0.0,941.9792,3.9,10.661107,24.0415,27.2915,0.136,0.157,1.0,0.9953324198722839,1.0,34.48806092,2020-08-23 10:00:00
0.811000049,92.34855652,0.0,933.6636353,100.0,6.763785839,2.161000013,4.160999775,0.405999988,0.409999996,0.0,0.0025339617083470025,0.0,0.0,2023-03-07 09:00:00
13.76100063,42.13650513,0.0,929.06427,86.70000458,13.55150032,13.11100006,9.611000061,0.217999995,0.259000003,0.0,0.002594456270647546,0.0,0.0,2022-02-20 21:00:00
29.322498,26.966915,0.0,940.7831,0.0,14.186923,31.2225,23.9725,0.134,0.153,1.0,0.9953244725863138,1.0,35.81427542,2020-09-01 22:00:00
28.56100082,16.49689293,0.0,930.5391846,22.5,11.29849529,31.16100121,22.01099968,0.141000003,0.182999998,0.0,0.0025887848266089955,0.0,0.0,2020-06-19 00:00:00
16.41100121,52.30367279,0.0,926.5001831,0.899999976,10.14408207,20.71100044,24.41100121,0.134000003,0.158000007,0.0,0.029492508620023727,0.0,0.0,2021-06-03 09:00:00
10.36100006,55.81406021,0.0,931.2115479,7.500000477,4.394360065,10.86100006,10.61100006,0.324999988,0.331,0.0,0.0025339428490648666,0.0,0.0,2021-02-07 03:00:00
16.6905,80.613976,0.0,957.24713,1.8,16.981165,24.040499,29.540499,0.136,0.157,1.0,0.9953613877296448,1.0,33.32122719,2020-08-21 09:00:00
21.32,60.115017,0.0,960.00757,3.3000002,3.219938,23.27,26.970001,0.133,0.16,1.0,0.995361864566803,1.0,34.41374701,2020-08-23 10:00:00
15.06100082,83.63264465,0.0,927.9609985,0.0,6.119999886,19.81100082,22.56100082,0.112999998,0.147,0.0,0.0025339963613078,0.0,0.0,2023-09-20 06:00:00
1.710999966,52.66544724,0.0,929.2851563,11.40000057,3.259938478,3.56099987,6.511000156,0.296000004,0.310000002,0.0,0.0025344747894754014,0.0,0.0,2023-02-19 09:00:00
5.06099987,71.90843964,0.0,926.1852417,5.399999619,10.68539143,7.611000061,11.26100063,0.148000002,0.191,0.0,0.0025270978609720864,0.0,0.0,2021-04-27 09:00:00
21.892,20.955503,0.0,904.20917,0.9,10.009036,25.542,29.492,0.137,0.151,1.0,0.9953615466753641,1.0,31.69695038,2020-08-20 09:00:00
17.51099968,37.81782913,0.0,937.0755615,30.00000191,6.119999886,12.51100063,8.361000061,0.301999986,0.32100001,0.0,0.0025989669375121593,0.0,0.0,2022-01-15 21:00:00
6.611000061,94.96116638,0.0,935.1467285,19.80000114,4.553679466,7.910999775,9.661000252,0.319000006,0.333999991,0.0,0.0025628998798007765,0.0,0.0,2022-01-14 06:00:00
28.519,15.335407,0.0,983.588,0.6,10.966713,31.168999,34.869,0.104,0.144,1.0,0.9953619043032328,1.0,30.4508502,2020-08-19 10:00:00
21.2055,19.728304,0.0,883.5024,0.0,14.291592,24.0055,27.5555,0.133,0.153,1.0,0.9953194657961527,1.0,30.81524235,2020-08-20 09:00:00
5.960999966,95.92983246,0.0,931.6625366,70.19999695,7.695919991,8.611000061,11.41100025,0.296999991,0.246000007,0.0,0.002522994725344082,0.0,0.0,2023-05-08 09:00:00
11.06100082,44.48435974,0.0,936.4484863,44.09999847,13.91016865,14.16100025,9.861000061,0.230000004,0.197999999,0.0,0.0025458124776681266,0.0,0.0,2022-04-13 21:00:00
11.31100082,93.2569809,0.200000003,930.1108398,100.0,11.440979,12.81100082,12.46100044,0.331999987,0.172000006,0.0,0.002528473036363721,0.0,0.0,2023-11-19 00:00:00
25.8375,14.627029,0.0,937.63605,0.6,10.931203,26.137499,28.5375,0.138,0.151,1.0,0.9953466057777405,1.0,30.10519505,2020-08-19 10:00:00
21.86100006,52.15858841,0.0,930.1759644,34.20000076,8.089993477,30.41100121,28.61100006,0.133000001,0.150999993,0.0,0.0029844286230703196,0.0,0.0,2022-08-05 03:00:00
9.061000824,49.74885178,0.0,936.4171143,28.50000191,8.209262848,6.011000156,9.811000824,0.186000004,0.187000006,0.0,0.0025291534063095846,0.0,0.0,2020-12-03 15:00:00
22.204,53.99438,0.0,955.7165,3.9,10.661107,24.854,28.104,0.136,0.157,1.0,0.9953611493110657,1.0,34.41695492,2020-08-23 10:00:00
12.56100082,80.58679199,0.0,931.8406982,55.79999924,4.394360065,17.91100121,23.71100044,0.112999998,0.152999997,0.0,0.0025755230647822223,0.0,0.0,2023-08-02 15:00:00
18.96100044,45.15548325,0.0,926.6444092,0.0,5.014219284,26.51099968,25.41100121,0.133000001,0.150000006,0.0,0.002521223893078665,0.0,0.0,2022-08-29 03:00:00
11.16100025,49.61713409,0.0,926.7720337,0.0,8.28782177,14.06100082,18.56100082,0.136999995,0.172000006,0.0,0.002527747342052559,0.0,0.0,2022-05-31 09:00:00
36.728,25.208237,0.0,973.4943,28.2,8.707238,34.578003,26.727999,0.114,0.151,1.0,0.995358924070994,1.0,27.5,2020-08-16 20:00:00
19.068,63.652737,0.0,950.68176,25.800001,13.363711,23.768002,28.018002,0.136,0.157,1.0,0.9953620235125223,1.0,33.90186392,2020-08-22 10:00:00
12.01100063,68.82559204,0.0,938.6447144,5.699999809,9.028754234,8.261000633,7.210999966,0.287,0.256999999,0.0,0.0025462588916222253,0.0,0.0,2021-01-08 18:00:00
21.71100044,25.53443146,0.0,932.0646973,0.0,4.334974289,23.31100082,27.66100121,0.133000001,0.151999995,0.0,0.005067326904584964,0.0,0.0,2022-07-20 09:00:00
11.01100063,40.13126373,0.0,928.3771362,0.0,1.799999952,9.211000443,13.86100006,0.210999995,0.257999986,0.0,0.0025303425112118325,0.0,0.0,2021-04-02 12:00:00
12.26100063,42.46294403,0.0,933.1293945,47.40000153,4.334974289,8.461000443,5.910999775,0.372999996,0.361999989,0.0,0.0026004700921475887,0.0,0.0,2020-01-19 21:00:00
15.56100082,50.3020401,0.0,935.2508545,5.700000286,3.70642662,16.71100044,11.86100006,0.233999997,0.256000012,0.0,0.002660168722892801,0.0,0.0,2021-11-27 00:00:00
7.111000061,68.29138184,0.0,933.4658203,12.30000019,6.287129879,8.811000824,6.861000061,0.342000008,0.34799999,0.0,0.002537617188257476,0.0,0.0,2020-01-13 00:00:00
18.36100006,29.44326782,0.0,931.895813,0.0,8.905907631,17.36100006,20.06100082,0.144999996,0.162,0.0,0.0025237204196552434,0.0,0.0,2022-06-14 15:00:00
11.46100044,64.77962494,0.0,929.2380981,30.00000191,6.638072014,13.91100025,16.66100121,0.178000003,0.222000003,0.0,0.0025316153187304735,0.0,0.0,2022-05-05 12:00:00
11.498,31.499874,0.0,998.6063,0.0,15.94601,13.998,17.948,0.176,0.265,1.0,0.9953535000483195,1.0,36.66760787,2021-10-12 10:00:00
7.06099987,44.465168,0.0,934.0,0.0,4.735060215,5.910999775,6.81099987,0.330000013,0.342000008,0.0,0.0025397978412608304,0.0,0.0,2023-02-01 03:00:00
34.0525,14.725555,0.0,913.1592,0.0,17.10284,36.9025,29.5525,0.127,0.152,1.0,0.9953605930010477,1.0,30.71835326,2020-08-19 21:00:00
38.390003,18.055502,0.0,949.62317,23.7,19.969458,41.74,33.34,0.111,0.138,1.0,0.9953617850939432,1.0,28.05101612,2020-08-17 21:00:00
18.36100006,30.19772148,0.0,930.2442017,0.0,13.97987175,23.26099968,25.46100044,0.134000003,0.163000003,0.0,0.002577698789536953,0.0,0.0,2020-07-06 06:00:00
15.974,78.947815,0.0,1000.222,0.9,3.7064266,21.974,26.274,0.174,0.271,1.0,0.9953615466753641,1.0,36.62514011,2021-07-20 10:00:00
6.06099987,67.82405853,0.0,933.2462158,20.40000153,6.638072014,6.06099987,8.061000824,0.363999993,0.372000009,0.0,0.0025317179582392177,0.0,0.0,2020-01-01 07:00:00
2.010999918,67.4434433,0.0,937.5935059,0.0,10.18869972,2.260999918,5.210999966,0.356999993,0.370000005,0.0,0.0025317268446087837,0.0,0.0,2023-01-24 15:00:00
31.985,22.026072,0.0,920.73517,0.0,7.628263,33.635,26.535,0.127,0.152,1.0,0.9953524867693583,1.0,33.55031826,2020-08-21 20:00:00
21.66100121,40.23165131,0.0,930.673645,1.799999952,16.51690102,25.86100006,19.01099968,0.144999996,0.160999998,0.0,0.0025209265295416117,0.0,0.0,2023-06-27 00:00:00
8.461000443,35.13911057,0.0,933.4968262,6.600000381,9.885261536,4.111000061,4.06099987,0.31099999,0.328999996,0.0,0.002525756989295284,0.0,0.0,2023-02-17 18:00:00
29.46100044,13.34345341,0.0,934.8174438,0.300000012,7.89541626,24.26099968,21.31100082,0.137999997,0.165000007,0.0,0.0025488417207573852,0.0,0.0,2022-10-10 18:00:00
10.66100025,100.0,0.400000006,928.5515747,100.0,18.84420204,10.31100082,9.811000824,0.432999998,0.42899999,0.0,0.002524115494452417,0.0,0.0,2022-12-31 06:00:00
8.961000443,95.05249023,0.0,928.4274902,29.40000153,4.693825722,8.961000443,12.16100025,0.261999995,0.162,0.0,0.00252403881556044,0.0,0.0,2023-11-17 12:00:00
1.161000013,95.42641449,0.0,925.1010742,1.799999952,6.109402657,3.911000013,5.910999775,0.412,0.425000012,0.0,0.002536812797188759,0.0,0.0,2023-01-17 12:00:00
10.36100006,53.85293579,0.0,930.5708008,0.0,6.151682854,14.76100063,16.31100082,0.136999995,0.155000001,0.0,0.002600800090779861,0.0,0.0,2022-10-27 03:00:00
31.21100044,22.35905647,0.0,933.5100098,22.79999924,18.94024086,35.86100006,28.51099968,0.133000001,0.150999993,0.0,0.002809097175486386,0.0,0.0,2021-08-13 00:00:00
10.51100063,89.52419281,0.100000001,920.9107666,100.0,28.22041702,9.711000443,7.761000156,0.426999986,0.418000013,0.0,0.002561750433718165,0.0,0.0,2023-01-05 00:00:00
39.5415,17.606354,0.0,943.6819,25.500002,5.771239,42.7915,32.691498,0.125,0.148,1.0,0.9953619440396627,1.0,29.84401771,2020-08-18 21:00:00
25.2965,36.3418,0.0,926.95337,14.1,3.7585104,25.6465,29.196499,0.132,0.149,1.0,0.9952137668927511,1.0,34.36674322,2020-08-23 10:00:00
24.81100082,22.82601929,0.0,932.5154419,0.0,12.7380991,27.31100082,21.66100121,0.133000001,0.150000006,0.0,0.002524472385024031,0.0,0.0,2021-09-17 21:00:00
35.843502,8.6067915,0.0,959.8818,0.0,3.8773184,38.1435,31.3935,0.127,0.15,1.0,0.9953620235125223,1.0,31.95555393,2020-08-20 20:00:00
20.76099968,31.21338081,0.0,933.8308716,0.0,12.81923485,20.61100006,13.91100025,0.252999991,0.256000012,0.0,0.0025337878614664078,0.0,0.0,2022-04-25 21:00:00
21.636501,74.16132,0.0,956.0132,0.9,5.991594,24.2365,27.4865,0.137,0.154,1.0,0.995361347993215,1.0,35.09912557,2020-08-25 09:00:00
13.0295,93.652145,0.0,988.2975,25.5,4.829907,17.879501,22.879501,0.174,0.272,1.0,0.9953596393267313,1.0,36.6225663,2021-07-08 10:00:00
12.01100063,84.68315887,0.0,925.5481567,7.199999809,2.18979454,16.16100121,19.96100044,0.143000007,0.172000006,0.0,0.0025645396284138164,0.0,0.0,2023-06-15 09:00:00
26.86100006,27.03640175,0.0,932.4959717,0.0,9.686609268,28.76099968,20.71100044,0.115000002,0.149000004,0.0,0.002525321401966115,0.0,0.0,2023-10-05 00:00:00
16.5685,67.45565,0.0,992.3973,0.0,12.031756,20.7185,24.8685,0.174,0.273,1.0,0.9953606724739075,1.0,36.92112755,2022-09-03 10:00:00
21.01099968,37.64154434,0.0,930.0408936,2.699999809,6.034699917,20.46100044,23.01099968,0.134000003,0.158000007,0.0,0.0382659398795416,0.0,0.0,2021-06-02 15:00:00
20.098,42.472736,0.0,916.4667,8.099999,5.3999996,22.748,28.348,0.127,0.152,1.0,0.9953612685203552,1.0,33.08696598,2020-08-21 09:00:00
16.16100121,68.04960632,0.0,932.3918457,0.0,9.957107544,22.41100121,22.26099968,0.134000003,0.149000004,0.0,0.002854384326686462,0.0,0.0,2021-09-20 03:00:00
12.06100082,88.16116333,0.0,925.9287109,19.79999924,3.239999771,16.76099968,22.31100082,0.133000001,0.157000005,0.0,0.003008005286877354,0.0,0.0,2020-07-23 12:00:00
6.160999775,96.2692337,0.0,931.6304321,86.99999237,16.16796684,8.511000633,9.211000443,0.34799999,0.330000013,0.0,0.0025245428550988436,0.0,0.0,2021-02-16 03:00:00
35.01099777,10.5277195,0.0,931.9627686,9.600000381,15.97848606,37.1609993,29.36100006,0.133000001,0.151999995,0.0,0.002969746089850863,0.0,0.0,2021-07-12 21:00:00
18.41100121,27.39302063,0.0,935.8552246,28.80000114,5.154415131,15.21100044,10.51100063,0.25999999,0.189999998,0.0,0.0025689039224137864,0.0,0.0,2020-11-21 21:00:00
22.91100121,19.36523819,0.0,935.1398315,17.40000153,11.29849529,23.86100006,17.46100044,0.115000002,0.143000007,0.0,0.002528277924284339,0.0,0.0,2023-10-14 21:00:00
21.16100121,40.0892067,0.0,933.4790039,0.0,10.85386562,26.46100044,23.11100006,0.134000003,0.165000007,0.0,0.002536119078285992,0.0,0.0,2020-07-04 03:00:00
12.36100006,61.68939972,0.0,930.40979,74.40000153,7.89541626,15.81100082,14.41100025,0.328999996,0.338,0.0,0.002522686573987206,0.0,0.0,2021-11-01 00:00:00
24.16100121,41.48971558,0.0,932.9887085,3.900000095,8.669948578,28.51099968,22.66100121,0.133000001,0.150999993,0.0,0.0025215621183936796,0.0,0.0,2020-09-26 00:00:00
22.36100006,31.89075089,0.0,932.4214478,0.0,2.160000086,18.56100082,23.71100044,0.134000003,0.150000006,0.0,0.003727685504903396,0.0,0.0,2021-09-12 15:00:00
15.36100006,31.46203613,0.0,928.4107666,0.0,10.63676643,19.01099968,23.91100121,0.134000003,0.163000003,0.0,0.0025512805053343377,0.0,0.0,2020-07-06 12:00:00
11.91100025,65.33143616,0.0,933.5791016,2.699999809,1.60996902,12.51100063,11.11100006,0.330000013,0.326999992,0.0,0.0025387878995388746,0.0,0.0,2023-04-09 03:00:00
20.01099968,45.75957489,0.0,924.9992676,15.29999924,13.53236008,23.61100006,26.91100121,0.133000001,0.152999997,0.0,0.9854799310366312,1.0,0.0,2021-06-28 09:00:00
12.16100025,97.39940643,0.0,932.6429443,9.0,8.913181305,15.76100063,17.71100044,0.120999999,0.153999999,0.0,0.0027591445250436664,0.0,0.0,2023-11-05 06:00:00
15.303499,64.52706,0.0,994.26215,3.0,7.145796,13.9535,16.7035,0.249,0.36,1.0,0.9953510165214539,1.0,25.0,2020-04-25 11:00:00
13.1305,44.440067,0.0,931.4973,5.1000004,7.5942073,11.330501,6.7805004,0.232,0.268,1.0,0.0026295025988171497,0.0,36.70364112,2022-02-04 21:00:00
32.811,22.311373,0.0,966.8921,41.100002,19.969458,34.261,28.061,0.136,0.157,1.0,0.9953598578770956,1.0,34.79403971,2020-08-23 21:00:00
5.210999966,81.5502243,0.0,926.8695679,0.0,7.100309849,8.861000061,11.36100006,0.201000005,0.234999999,0.0,0.0025329698886101446,0.0,0.0,2022-03-10 06:00:00
10.11100006,60.29161072,0.0,936.9059448,42.90000153,9.983105659,10.66100025,9.111000061,0.291000009,0.239999995,0.0,0.0025510589281717935,0.0,0.0,2020-12-26 21:00:00
27.0525,10.74921,0.0,923.2069,0.3,13.896187,28.4525,31.1525,0.132,0.149,1.0,0.9953484535217285,1.0,30.62157296,2020-08-19 10:00:00
4.160999775,66.1885376,0.0,935.4179077,0.899999976,11.88545322,4.410999775,7.261000156,0.345999986,0.338999987,0.0,0.0025576711244260273,0.0,0.0,2021-03-21 12:00:00
11.46100044,60.40784454,0.100000001,933.9080811,67.80000305,9.565437317,13.76100063,10.66100025,0.335999995,0.261999995,0.0,0.0025465100770816207,0.0,0.0,2022-04-23 00:00:00
18.76099968,51.86342621,0.0,931.0870361,3.600000143,6.21456337,21.86100006,25.91100121,0.137999997,0.150000006,0.0,0.2899269610643387,0.0,0.0,2022-09-12 12:00:00
8.361000061,30.80599976,0.0,924.045166,0.0,26.98799706,11.26100063,13.11100006,0.200000003,0.228,0.0,0.002523726550862193,0.0,0.0,2021-01-19 09:00:00
18.26099968,70.52515411,0.0,930.1251831,4.5,14.29159164,24.56100082,22.46100044,0.134000003,0.153999999,0.0,0.09835362162751456,0.0,0.0,2022-07-06 03:00:00
3.960999966,99.64949036,0.100000001,929.2367554,100.0,11.113451,7.210999966,10.21100044,0.247999996,0.282999992,0.0,0.002524751704186201,0.0,0.0,2023-04-18 09:00:00
11.66100025,53.05710602,0.0,929.2033081,4.5,6.989935398,6.410999775,12.01100063,0.126000002,0.165000007,0.0,0.0025433229748159647,0.0,0.0,2023-11-13 15:00:00
35.6275,22.649374,0.0,917.8065,26.7,14.264361,38.1275,29.6775,0.137,0.151,1.0,0.9953595002492269,1.0,29.58859653,2020-08-18 21:00:00
24.91100121,28.71417809,0.0,930.611084,0.0,4.349896431,24.86100006,28.16100121,0.133000001,0.150999993,0.0,0.0028775897032270827,0.0,0.0,2022-08-18 09:00:00
22.51099968,46.60604858,0.0,928.9702759,30.00000191,13.45070839,23.66100121,20.06100082,0.135000005,0.167999998,0.0,0.002537243727905055,0.0,0.0,2022-06-03 18:00:00
14.11100006,32.99197388,0.0,931.3618774,0.0,4.693825722,14.31100082,10.16100025,0.264999986,0.277999997,0.0,0.0025582742722084126,0.0,0.0,2022-11-19 00:00:00
39.8355,17.037687,0.0,950.3448,24.300001,12.224107,43.0355,33.2855,0.111,0.138,1.0,0.9953617850939432,1.0,29.52647368,2020-08-18 21:00:00
23.06100082,44.92782211,0.0,931.6881714,0.0,10.2962513,26.26099968,21.01099968,0.151999995,0.170000002,0.0,0.0025242797564715147,0.0,0.0,2022-10-03 00:00:00
8.011000633,55.39580917,0.0,934.8286743,11.69999981,11.98318768,8.011000633,5.960999966,0.412999988,0.421999991,0.0,0.0025326370960101485,0.0,0.0,2023-01-19 21:00:00
37.8705,19.240788,0.0,932.0021,26.400002,10.799999,40.8705,31.6205,0.123,0.149,1.0,0.9953493277231852,1.0,29.73589542,2020-08-18 21:00:00
15.06100082,49.29723358,0.0,929.8860474,10.80000019,13.20272636,22.21100044,21.26099968,0.134000003,0.153999999,0.0,0.002800744492560625,0.0,0.0,2022-07-04 03:00:00
12.3875,91.7788,0.0,996.9306,31.5,7.968939,15.8375,18.4375,0.213,0.352,1.0,0.995355467001597,1.0,25.0,2020-04-29 10:00:00
22.36100006,26.83667946,0.0,937.5657959,29.10000038,9.007196426,17.41100121,11.06100082,0.226999998,0.264999986,0.0,0.00253334982941548,0.0,0.0,2022-02-12 21:00:00
19.71100044,34.86798096,0.0,929.8757324,0.0,4.334974289,18.96100044,24.16100121,0.133000001,0.152999997,0.0,0.0035081810783594847,0.0,0.0,2022-07-14 12:00:00
26.66100121,20.2369175,0.0,933.9158936,23.40000153,14.48972034,28.11100006,20.36100006,0.134000003,0.163000003,0.0,0.002742895817694565,0.0,0.0,2021-05-13 21:00:00
7.709,73.70355,0.0,1006.49677,5.1,3.096837,5.7590003,9.408999,0.35,0.329,1.0,0.9953457713127136,1.0,36.35244055,2021-01-10 10:00:00
21.86100006,50.46073914,0.0,934.8603516,33.0,4.024922371,25.26099968,19.66100121,0.112999998,0.143000007,0.0,0.0025285990753521523,0.0,0.0,2023-10-17 00:00:00
11.91100025,74.7032547,0.100000001,937.7002563,78.30000305,11.16580486,11.76100063,9.011000633,0.234999999,0.184,0.0,0.002576366338568429,0.0,0.0,2023-12-02 21:00:00
7.861000061,45.03527832,0.0,933.0466309,14.10000038,3.075841427,7.660999775,14.11100006,0.111000001,0.129999995,0.0,0.00252326224775364,0.0,0.0,2023-10-31 12:00:00
12.06100082,99.6713562,0.200000003,923.2727051,99.0,12.32441425,14.16100025,17.91100121,0.338,0.155000001,0.0,0.0025503719225525856,0.0,0.0,2022-09-19 06:00:00
4.660999775,52.49171066,0.0,930.8173828,0.0,2.968636036,5.611000061,9.461000443,0.264999986,0.27700001,0.0,0.0025278807152062654,0.0,0.0,2022-11-19 09:00:00
5.111000061,56.68766785,0.0,934.5160522,0.0,11.18320084,5.660999775,7.910999775,0.275999993,0.257999986,0.0,0.0025311949041982493,0.0,0.0,2021-01-09 15:00:00
10.41100025,96.06884766,3.400000095,928.5714722,100.0,14.51206398,9.661000252,9.711000443,0.437000006,0.405000001,0.0,0.0025334802145759263,0.0,0.0,2022-12-27 18:00:00
11.11100006,98.02785492,0.0,928.5887451,52.19999695,3.563817978,17.16100121,21.36100006,0.112999998,0.147,0.0,0.0025269133038818836,0.0,0.0,2023-09-22 06:00:00
19.56100082,45.01503372,0.0,929.8352051,0.0,7.89541626,27.96100044,25.51099968,0.112999998,0.160999998,0.0,0.002528099032739798,0.0,0.0,2023-07-06 03:00:00
5.409,89.11269,0.0,1005.6621,0.0,1.1384199,2.909,7.159,0.466,0.466,1.0,0.9953105052312216,1.0,37.1617782,2022-12-14 10:00:00
1.31099999,93.04958344,0.0,931.7185669,0.0,2.18979454,2.510999918,6.261000156,0.38499999,0.368999988,0.0,0.0025854597333818674,0.0,0.0,2022-12-07 12:00:00
3.710999966,55.06071091,0.0,921.6712646,28.20000076,23.97989082,6.660999775,5.511000156,0.287,0.305999994,0.0,0.0025322316214442253,0.0,0.0,2023-02-22 21:00:00
31.6405,21.938532,0.0,915.2847,0.0,7.628263,33.2905,26.1905,0.127,0.152,1.0,0.9953505794207255,1.0,33.67479882,2020-08-21 20:00:00
14.06100082,61.87652588,0.0,929.4232178,18.89999962,6.489992142,16.01099968,19.41100121,0.134000003,0.162,0.0,0.002586563777488967,0.0,0.0,2021-05-14 15:00:00
35.4645,9.37208,0.0,969.5158,0.0,3.6,39.7145,31.5645,0.084,0.13,1.0,0.9953618248303732,1.0,31.8206243,2020-08-20 20:00:00
33.563,16.822947,0.0,930.29034,48.600002,15.990646,35.462997,28.663,0.132,0.15,1.0,0.9946435491243998,1.0,34.60660975,2020-08-23 21:00:00
20.81100082,52.57830429,0.0,929.069397,0.0,10.23945332,26.86100006,23.96100044,0.133000001,0.157000005,0.0,0.0025415371637791395,0.0,0.0,2020-07-24 03:00:00
27.26099968,20.38804245,0.0,928.9193115,0.0,12.49671841,30.56100082,24.11100006,0.133000001,0.150000006,0.0,0.0025309011495361724,0.0,0.0,2022-08-28 21:00:00
22.96100044,37.81104279,0.0,928.1703491,0.0,10.79999924,26.31100082,26.31100082,0.133000001,0.152999997,0.0,0.0027409448909262815,0.0,0.0,2021-06-27 06:00:00
34.289,8.417036,0.0,930.6946,0.0,3.8773184,36.839,30.339,0.132,0.15,1.0,0.9951624472935995,1.0,32.03043436,2020-08-20 20:00:00
-1.639000058,95.6749115,0.0,927.0641479,63.89999771,5.154415131,2.210999966,5.761000156,0.360000014,0.298999995,0.0,0.002530262339860201,0.0,0.0,2021-03-11 12:00:00
18.26099968,55.91085052,0.0,926.7302246,4.5,9.957108498,21.96100044,27.46100044,0.133000001,0.150000006,0.0,0.002966688363812864,0.0,0.0,2021-08-17 15:00:00
14.26100063,42.73786545,0.0,928.8379517,0.0,7.49111414,16.76099968,20.96100044,0.134000003,0.162,0.0,0.002539820154197514,0.0,0.0,2021-05-14 09:00:00
41.067,16.203592,0.0,961.83264,26.7,7.9036193,43.617,33.817,0.115,0.145,1.0,0.9953621029853821,1.0,29.58185662,2020-08-18 21:00:00
0.911000013,93.02753448,0.0,925.298645,100.0,10.10568142,4.361000061,5.960999966,0.400999993,0.409000009,0.0,0.0025235310507317386,0.0,0.0,2023-03-04 15:00:00
38.611,18.106785,0.0,953.1691,23.7,19.969458,41.961,33.560997,0.111,0.138,1.0,0.9953617850939432,1.0,27.5,2020-08-17 21:00:00
7.511000156,31.39656258,0.0,934.4071045,0.0,14.03999996,7.710999966,9.911000252,0.257999986,0.244000003,0.0,0.00252970940588663,0.0,0.0,2020-12-23 06:00:00
22.46100044,52.31517029,0.0,932.1723022,19.79999924,3.096837044,22.46100044,25.36100006,0.133000001,0.150999993,0.0,0.0034122809302061796,0.0,0.0,2022-07-31 15:00:00
15.7155,93.77933,0.0,998.4588,34.2,5.1544156,20.2655,24.5655,0.175,0.284,1.0,0.9953613877296448,1.0,27.5,2020-08-04 10:00:00
12.61100006,72.81758881,0.0,933.7782593,100.0,6.287129879,12.21100044,13.16100025,0.171000004,0.147,0.0,0.0025220901782934866,0.0,0.0,2021-10-20 18:00:00
14.31100082,60.88310623,0.0,929.6766968,0.0,7.386581898,18.36100006,23.51099968,0.112999998,0.152999997,0.0,0.0025311361144607267,0.0,0.0,2023-08-05 12:00:00
31.2165,35.39497,0.0,936.0766,0.0,13.746156,32.7165,24.866499,0.133,0.159,1.0,0.9941993753115336,1.0,34.92816269,2020-08-24 21:00:00
5.861000061,88.83824921,0.0,937.9396973,8.699999809,5.506940842,5.761000156,7.31099987,0.363999993,0.379999995,0.0,0.0025428642984479666,0.0,0.0,2022-01-05 15:00:00
30.51099968,25.08100128,0.0,935.175293,0.0,11.80887794,32.4109993,24.61100006,0.133000001,0.151999995,0.0,0.008649353248377642,0.0,0.0,2020-09-02 22:00:00
21.03,44.36238,0.0,899.68353,18.0,2.0364676,21.78,25.73,0.133,0.153,1.0,0.99533083041509,1.0,34.52403043,2020-08-23 10:00:00
7.460999966,98.64293671,0.0,926.2527466,90.0,5.959060192,12.31100082,16.11100006,0.150000006,0.196999997,0.0,0.002523274665387968,0.0,0.0,2023-05-26 09:00:00
17.71100044,66.58170319,0.0,929.2411499,0.0,7.754636765,23.56100082,25.36100006,0.133000001,0.158999994,0.0,0.0027466068665186563,0.0,0.0,2020-07-17 06:00:00
18.56100082,43.51606369,0.0,930.206604,1.200000048,5.959060192,20.66100121,26.51099968,0.133000001,0.151999995,0.0,0.004586882268389066,0.0,0.0,2020-09-10 09:00:00
26.984,17.859068,0.0,943.04596,0.0,15.629971,29.633999,33.084,0.132,0.15,1.0,0.9953611095746359,1.0,30.9998809,2020-08-20 09:00:00
19.66100121,19.40838051,0.0,937.9398193,0.0,4.843304634,12.11100006,11.06100082,0.170000002,0.184,0.0,0.002589721892339488,0.0,0.0,2020-12-08 18:00:00
29.442,25.311132,0.0,938.1375,6.0,12.594856,30.492,33.191998,0.111,0.138,1.0,0.9952512979507446,1.0,28.14214901,2020-08-18 10:00:00
15.26100063,74.52500916,0.0,929.6663818,87.6000061,7.199999809,18.66100121,17.76099968,0.273000002,0.221000001,0.0,0.0025284491324176392,0.0,0.0,2020-06-01 03:00:00
24.61100006,30.78898811,0.0,925.4771118,0.0,4.394360065,27.81100082,28.36100006,0.133000001,0.153999999,0.0,0.27876941363016766,0.0,0.0,2021-06-19 06:00:00
35.453503,8.54313,0.0,953.5314,0.0,3.8773184,37.7535,31.0035,0.127,0.15,1.0,0.9953620235125223,1.0,31.81185611,2020-08-20 20:00:00
5.111000061,72.17829132,0.0,940.3648071,0.0,8.854828835,8.061000824,8.761000633,0.308999985,0.317000002,0.0,0.002543185604736209,0.0,0.0,2021-02-21 03:00:00
28.412,28.024698,0.0,947.6103,0.0,13.513193,29.362001,22.612001,0.134,0.159,1.0,0.9953612287839254,1.0,35.45450941,2020-08-29 21:00:00
10.51100063,73.69338226,0.0,932.1703491,0.0,7.145795822,11.26100063,13.51100063,0.298000008,0.303000003,0.0,0.002528431941755116,0.0,0.0,2021-11-16 15:00:00
24.16100121,27.23869896,0.0,928.0255127,0.0,13.6847353,27.66100121,23.66100121,0.133000001,0.150000006,0.0,0.00252819301870962,0.0,0.0,2021-09-01 21:00:00
24.917501,17.945862,0.0,919.7593,0.0,13.397612,27.6175,31.5175,0.123,0.149,1.0,0.9953598181406657,1.0,31.65177749,2020-08-20 09:00:00
11.91100025,64.65558624,0.0,938.8907471,0.0,6.696386814,14.36100006,12.21100044,0.229000002,0.268999994,0.0,0.0025618538881341615,0.0,0.0,2023-04-21 03:00:00
15.71100044,51.40070343,0.0,930.6165771,0.0,7.993297577,21.46100044,19.86100006,0.137999997,0.186000004,0.0,0.0025293053283045688,0.0,0.0,2020-06-17 03:00:00
10.71100044,52.23586273,0.0,941.2908325,4.800000191,2.18979454,5.861000061,5.06099987,0.365999997,0.375999987,0.0,0.002558671209650735,0.0,0.0,2023-02-07 18:00:00
8.911000252,40.86049652,0.0,931.432373,0.0,15.85635567,9.161000252,11.56100082,0.263000011,0.275000006,0.0,0.0025205095298588276,0.0,0.0,2021-11-24 09:00:00
17.096,39.75313,0.0,953.0458,0.0,6.2145634,18.096,22.196,0.138,0.176,1.0,0.995350201924642,1.0,26.76845908,2020-07-05 10:00:00
9.611000061,41.99368286,0.0,930.079895,0.0,6.409617424,8.411000252,11.01100063,0.202999994,0.229000002,0.0,0.0025257192319259048,0.0,0.0,2022-03-09 09:00:00
3.510999918,55.00649643,0.0,939.4227905,0.0,5.959060192,3.510999918,6.861000061,0.245000005,0.261000007,0.0,0.0025391620583832264,0.0,0.0,2022-02-27 12:00:00
29.4735,19.054367,0.0,974.916,0.0,4.379589,30.373499,34.2735,0.104,0.138,1.0,0.9953619837760925,1.0,31.21577656,2020-08-20 09:00:00
29.550001,11.91717,0.0,891.4408,0.0,11.609651,31.550001,26.05,0.133,0.153,1.0,0.9953363140424093,1.0,32.28365315,2020-08-20 20:00:00
7.56099987,47.88464355,0.0,933.7814941,57.0,4.198285103,10.36100006,11.61100006,0.136999995,0.150000006,0.0,0.0025251918705180287,0.0,0.0,2020-11-11 03:00:00
2.361000061,97.88615417,0.5,918.9833374,100.0,17.57744026,5.910999775,7.660999775,0.432999998,0.425000012,0.0,0.002547723241150379,0.0,0.0,2022-12-11 12:00:00
20.11100006,19.66961098,0.0,928.5143433,0.0,22.46180725,24.46100044,20.31100082,0.133000001,0.157000005,0.0,0.002523574628867209,0.0,0.0,2021-06-07 21:00:00
6.710999966,83.19874573,0.200000003,936.5477295,100.0,7.754636765,6.56099987,6.410999775,0.386999995,0.368999988,0.0,0.0025364526081830263,0.0,0.0,2020-03-28 18:00:00
6.06099987,92.97947693,0.0,930.5951538,12.90000057,6.849466801,7.31099987,11.11100006,0.246999994,0.244000003,0.0,0.0025312151216591396,0.0,0.0,2021-12-08 12:00:00
37.6725,12.690094,0.0,939.137,0.0,14.689588,40.5225,32.7225,0.125,0.148,1.0,0.9953585664431254,1.0,30.68149082,2020-08-19 21:00:00
9.261000633,77.13422394,0.0,929.887085,0.0,7.412853241,12.31100082,13.96100044,0.238000005,0.238999993,0.0,0.0025270006929834685,0.0,0.0,2023-05-12 06:00:00
6.960999966,37.31694412,0.0,932.3242798,34.79999924,20.1246109,9.511000633,6.861000061,0.354999989,0.370000005,0.0,0.0025413641706109047,0.0,0.0,2023-04-03 21:00:00
26.8265,10.871314,0.0,918.8289,2.4,14.336861,28.1265,30.5765,0.137,0.151,1.0,0.9953617453575134,1.0,30.49436474,2020-08-19 10:00:00
8.361000061,87.83114624,0.0,932.5529175,86.40000153,10.39022636,13.21100044,18.11100006,0.147,0.191,0.0,0.002528396318666637,0.0,0.0,2020-06-13 12:00:00
17.66100121,49.49768066,0.0,930.97052,19.80000114,8.404284477,24.41100121,21.91100121,0.134000003,0.162,0.0,0.0025283039237062135,0.0,0.0,2021-05-14 03:00:00
27.973501,10.801076,0.0,935.4085,0.6,14.386494,29.723501,32.823498,0.123,0.149,1.0,0.9953539768854777,1.0,30.47261873,2020-08-19 10:00:00
25.61100006,24.54635048,0.0,927.2991943,0.0,2.545584202,19.96100044,26.36100006,0.133000001,0.150000006,0.0,0.002610637495915095,0.0,0.0,2021-08-29 12:00:00
31.655,10.647871,0.0,973.9576,0.6,14.386494,32.805,35.505,0.116,0.146,1.0,0.9953620632489523,1.0,30.37924142,2020-08-19 10:00:00
6.910999775,69.48157501,0.0,930.1149292,88.20000458,12.95999908,9.661000252,11.96100044,0.181999996,0.214000002,0.0,0.00252161438887318,0.0,0.0,2022-03-19 15:00:00
35.1995,13.4764595,0.0,916.47833,0.0,16.485485,38.0995,30.7995,0.123,0.149,1.0,0.9953603148460388,1.0,30.72864847,2020-08-19 21:00:00
21.667,44.540386,0.0,909.96985,18.0,2.0364676,22.417,26.366999,0.133,0.153,1.0,0.9953457117080688,1.0,34.49968809,2020-08-23 10:00:00
24.921001,32.616116,0.0,912.5698,25.500002,1.609969,21.721,27.071001,0.127,0.152,1.0,0.9953516523043314,1.0,34.10218542,2020-08-22 10:00:00
13.16100025,89.13751221,0.0,932.0105591,28.20000076,1.835646987,15.91100025,21.41100121,0.167999998,0.172999993,0.0,0.0026544765569269657,0.0,0.0,2022-09-29 12:00:00
29.279999,33.064896,0.0,957.8218,0.0,16.645864,29.73,24.88,0.134,0.155,1.0,0.9953598181406657,1.0,33.38945552,2020-08-21 20:00:00
26.66100121,30.52304077,0.0,929.9608765,0.0,14.33234024,31.21100044,25.21100044,0.133000001,0.150000006,0.0,0.002529502264223993,0.0,0.0,2021-09-16 00:00:00
24.56100082,56.37598038,0.0,934.2885742,0.0,9.693295479,25.46100044,18.66100121,0.221000001,0.270000011,0.0,0.002526005497202277,0.0,0.0,2020-04-29 00:00:00
7.011000156,97.96327972,0.0,932.0648193,90.0,7.89541626,10.51100063,11.51100063,0.367000014,0.372999996,0.0,0.0025277541717514396,0.0,0.0,2020-04-13 12:00:00
31.16100121,14.83183765,0.0,933.4050903,1.5,8.707237244,28.71100044,23.56100082,0.134000003,0.158000007,0.0,0.2044215016067028,0.0,0.0,2022-06-22 18:00:00
0.261000007,43.10068512,0.0,933.4019165,0.0,17.16335487,1.460999966,6.111000061,0.317999989,0.331999987,0.0,0.002521975121150414,0.0,0.0,2020-02-04 12:00:00
12.41100025,64.32126617,0.0,931.0651855,30.00000191,4.553679466,15.26100063,13.51100063,0.184,0.221000001,0.0,0.0025305754970759153,0.0,0.0,2022-03-19 03:00:00
18.71100044,24.16918755,0.0,930.9816284,23.70000076,20.97289658,21.96100044,17.26099968,0.151999995,0.218999997,0.0,0.002522266275870303,0.0,0.0,2020-05-11 21:00:00
3.260999918,98.2484436,0.0,935.053772,71.40000153,5.81597805,2.710999966,5.111000061,0.375,0.388000011,0.0,0.002541574688317875,0.0,0.0,2022-01-03 06:00:00
23.96100044,35.35636139,0.0,932.5685425,0.0,8.587338448,27.16100121,27.96100044,0.112999998,0.155000001,0.0,0.0025461172529806695,0.0,0.0,2023-07-21 06:00:00
12.9285,59.303493,0.0,1004.3305,30.000002,6.5693827,10.328501,9.578501,0.417,0.409,1.0,0.9953316251436869,1.0,37.12059734,2022-11-11 19:00:00
17.96100044,45.02942276,0.0,941.5114746,0.0,3.259938478,13.21100044,8.011000633,0.331,0.347000003,0.0,0.0030195253590742746,0.0,0.0,2022-01-11 21:00:00
6.960999966,99.65782928,0.400000006,919.8884277,100.0,6.369049549,8.361000061,8.661000252,0.43599999,0.421999991,0.0,0.0026081580047806105,0.0,0.0,2021-12-24 12:00:00
11.11100006,77.95823669,0.0,929.321228,44.69999695,1.297998428,14.81100082,12.36100006,0.246999994,0.243000001,0.0,0.0025341545697301626,0.0,0.0,2021-12-08 00:00:00
16.349,87.6732,0.0,944.56915,0.0,6.924738,20.699,24.799,0.134,0.159,1.0,0.9953604340553284,1.0,35.18475511,2020-08-26 09:00:00
4.660999775,95.55202484,0.0,929.1726685,2.700000048,5.60028553,6.960999966,10.56100082,0.246999994,0.244000003,0.0,0.0025338423050319157,0.0,0.0,2021-12-08 15:00:00
17.376999,59.573193,0.0,934.4902,5.3999996,9.007196,22.776999,28.227,0.134,0.154,1.0,0.9942809343338013,1.0,32.77570826,2020-08-21 09:00:00
7.210999966,69.0483551,0.0,931.4834595,0.0,5.001279831,7.460999966,9.761000633,0.291999996,0.312999994,0.0,0.0025327164912596345,0.0,0.0,2020-02-08 06:00:00
15.06100082,51.0470314,0.0,929.4277344,0.0,10.00903606,18.21100044,20.01099968,0.163000003,0.211999997,0.0,0.00252732813047866,0.0,0.0,2023-05-19 06:00:00
17.11100006,37.70148087,0.0,935.314209,0.0,5.154415607,14.31100082,8.511000633,0.331999987,0.338999987,0.0,0.002740617531041304,0.0,0.0,2021-02-06 00:00:00
21.663,40.923454,0.0,929.31726,10.200001,5.1165614,22.963001,27.663,0.133,0.153,1.0,0.9945839246114095,1.0,34.13191549,2020-08-22 10:00:00
2.460999966,99.64519501,0.800000012,917.9177856,100.0,14.41798782,4.111000061,6.160999775,0.437000006,0.43599999,0.0,0.002559441995496551,0.0,0.0,2023-03-22 09:00:00
18.11100006,48.77946472,0.0,932.7450562,1.799999952,13.27614403,24.46100044,17.96100044,0.134000003,0.156000003,0.0,0.0025255624980976186,0.0,0.0,2023-06-24 00:00:00
13.41100025,80.97272491,0.0,931.2565918,34.79999924,5.241678715,14.81100082,16.71100044,0.151999995,0.172999993,0.0,0.002538039154993991,0.0,0.0,2023-06-09 15:00:00
16.11100006,29.01193237,0.0,935.8623657,90.00000763,10.43999958,18.11100006,14.91100025,0.136000007,0.155000001,0.0,0.002531328510182599,0.0,0.0,2022-10-29 00:00:00
25.21100044,34.17513657,0.0,924.8970947,0.0,14.8431797,32.4109993,26.76099968,0.133000001,0.150000006,0.0,0.003577416529878974,0.0,0.0,2021-09-01 00:00:00
18.0785,74.757355,0.0,995.0938,0.0,2.6208394,19.6285,23.428501,0.175,0.278,1.0,0.9953589836756388,1.0,35.92856957,2020-09-21 10:00:00
7.460999966,71.60067749,0.0,930.2767944,38.70000076,9.720000267,13.26100063,18.36100006,0.130999997,0.166999996,0.0,0.0025268965400755405,0.0,0.0,2021-05-07 12:00:00
14.86100006,68.93386841,0.0,933.5882568,0.0,3.4152596,15.66100025,13.51100063,0.184,0.218999997,0.0,0.0025839542116348944,0.0,0.0,2020-03-05 03:00:00
9.061000824,100.0,0.600000024,934.312561,100.0,18.67147446,9.761000633,9.961000443,0.388999999,0.196999997,0.0,0.002525614147695402,0.0,0.0,2020-12-13 21:00:00
7.31099987,73.6313858,0.0,929.5012817,63.0,23.03999901,11.31100082,10.21100044,0.216999993,0.240999997,0.0,0.002521191335593661,0.0,0.0,2022-03-05 00:00:00
1.110999942,51.49148941,0.0,934.3950806,0.900000036,16.21599197,3.911000013,5.81099987,0.398999989,0.414000005,0.0,0.002523202837134401,0.0,0.0,2023-01-20 12:00:00
14.01100063,52.02217484,0.0,932.0668335,31.5,9.199390411,15.56100082,21.21100044,0.133000001,0.149000004,0.0,0.0025214088382199407,0.0,0.0,2021-09-27 15:00:00
5.31099987,95.90892792,0.0,925.9851074,69.30000305,11.87454414,8.311000824,12.16100025,0.145999998,0.191,0.0,0.0025236379199971757,0.0,0.0,2021-04-26 06:00:00
12.9835005,82.28096,0.0,928.83,9.0,10.495713,16.383501,20.883501,0.135,0.153,1.0,0.9943103194236755,1.0,35.36279045,2020-08-28 10:00:00
11.823,52.1654,0.0,995.6827,12.3,15.273505,12.473,12.373,0.242,0.222,1.0,0.9953461090723673,1.0,37.10359728,2022-11-03 19:00:00
31.36100006,12.36854935,0.0,935.2050781,6.0,8.161764145,29.76099968,25.16100121,0.112999998,0.153999999,0.0,0.0027365210310866437,0.0,0.0,2023-07-30 18:00:00
3.260999918,76.42300415,0.0,934.5057983,0.0,3.4152596,3.81099987,7.960999966,0.268000007,0.256999999,0.0,0.002542770739334325,0.0,0.0,2021-01-10 12:00:00
30.8605,9.963575,0.0,954.10126,0.0,16.363178,31.5605,33.7605,0.132,0.15,1.0,0.9953620632489523,1.0,30.56178642,2020-08-19 10:00:00
12.31100082,72.76277924,0.0,932.1358643,0.0,8.427383423,17.26099968,19.26099968,0.158000007,0.208000004,0.0,0.0025285301186765232,0.0,0.0,2023-05-21 06:00:00
14.41100025,89.82351685,0.0,931.9041138,100.0,5.351784706,17.46100044,21.21100044,0.114,0.149000004,0.0,0.002545622487862905,0.0,0.0,2023-09-03 12:00:00
12.51100063,46.21377945,0.0,931.7348633,0.0,12.28755474,14.66100025,10.41100025,0.305999994,0.333999991,0.0,0.0025259158185993633,0.0,0.0,2020-04-03 00:00:00
15.36100006,59.89600372,0.0,938.9535522,20.10000038,3.82685256,14.56100082,9.561000824,0.284999996,0.305000007,0.0,0.0028249441335598626,0.0,0.0,2022-01-21 00:00:00
22.06100082,38.86130524,0.0,933.6276245,0.0,9.931041718,23.21100044,19.11100006,0.136000007,0.162,0.0,0.002526689786463976,0.0,0.0,2022-10-16 21:00:00
6.410999775,96.60990906,0.100000001,927.6817627,100.0,14.51206398,8.861000061,11.21100044,0.248999998,0.244000003,0.0,0.0025245638098567724,0.0,0.0,2021-12-09 09:00:00
12.26100063,39.04607773,0.0,936.8846436,0.0,0.509116888,6.31099987,5.910999775,0.291000009,0.301999986,0.0,0.0025578382968281708,0.0,0.0,2022-01-30 18:00:00
29.56100082,19.68893051,0.0,935.7632446,24.0,7.568566322,29.66100121,26.76099968,0.112999998,0.155000001,0.0,0.002601458807475865,0.0,0.0,2023-07-24 18:00:00
31.59,10.635775,0.0,972.86664,0.6,14.386494,32.739998,35.44,0.116,0.146,1.0,0.9953620632489523,1.0,30.06447192,2020-08-19 10:00:00
41.485,16.187702,0.0,967.4242,27.300001,7.42159,43.885002,33.785,0.116,0.146,1.0,0.9953621029853821,1.0,29.48981197,2020-08-18 21:00:00
11.61100006,58.35912323,0.0,933.859314,4.200000286,3.82685256,13.61100006,13.76100063,0.130999997,0.159999996,0.0,0.00283386476803571,0.0,0.0,2023-11-12 03:00:00
9.411000252,44.98778915,0.0,934.8721313,0.0,7.199999809,6.111000061,10.76100063,0.279000014,0.284000009,0.0,0.00252802479856958,0.0,0.0,2021-11-22 15:00:00
3.861000061,98.60332489,1.0,926.9231567,100.0,7.235910416,5.56099987,7.660999775,0.430999994,0.400000006,0.0,0.0025242609747995934,0.0,0.0,2020-03-16 09:00:00
28.46100044,16.95535278,0.0,934.47052,0.0,15.22676373,33.11100006,25.31100082,0.133000001,0.150999993,0.0,0.002558334070878724,0.0,0.0,2022-08-14 00:00:00
18.64,67.88073,0.0,957.8097,19.2,4.6800003,22.039999,26.89,0.133,0.16,1.0,0.9953619440396627,1.0,33.93111374,2020-08-22 10:00:00
26.583,20.001835,0.0,957.0006,0.0,13.698934,29.983002,33.333,0.127,0.15,1.0,0.9953619043032328,1.0,30.89289905,2020-08-20 09:00:00
16.41100121,54.12858582,0.0,937.3214111,0.0,7.072877884,17.16100121,13.21100044,0.272000015,0.280000001,0.0,0.0025894000039746365,0.0,0.0,2021-11-22 00:00:00
17.66100121,15.10006046,0.0,932.713623,7.800000191,18.0,14.91100025,10.26100063,0.236000001,0.270000011,0.0,0.0025240068401520452,0.0,0.0,2020-02-17 21:00:00
31.393,10.918812,0.0,911.79395,0.0,10.805999,33.543,27.943,0.137,0.15,1.0,0.9953609903653463,1.0,32.32461343,2020-08-20 20:00:00
11.56100082,76.18844604,0.0,937.9658203,0.0,7.091177464,11.26100063,13.31100082,0.328999996,0.31099999,0.0,0.0025482920464128256,0.0,0.0,2021-11-11 09:00:00
3.911000013,87.10477448,0.0,933.8805542,0.0,8.707237244,5.06099987,8.611000061,0.30399999,0.324000001,0.0,0.002541458234190941,0.0,0.0,2022-01-14 12:00:00
2.260999918,86.31508636,0.0,931.918335,34.5,17.4479332,6.56099987,7.611000061,0.354000002,0.368000001,0.0,0.002548453824905058,0.0,0.0,2023-04-04 03:00:00
31.3145,9.317685,0.0,961.2739,0.0,18.171976,32.364502,34.9645,0.115,0.145,1.0,0.9953619837760925,1.0,30.57816722,2020-08-19 10:00:00
13.1005,63.59473,0.0,996.4289,29.1,10.464797,16.6505,20.7505,0.176,0.286,1.0,0.995359480381012,1.0,36.77313383,2022-06-08 10:00:00
22.4805,24.929882,0.0,933.88916,0.9,5.1544156,23.280499,27.9805,0.131,0.156,1.0,0.9952878355979919,1.0,31.7414029,2020-08-20 09:00:00
27.879002,33.114166,0.0,920.64166,16.2,10.495713,28.529001,30.629002,0.127,0.152,1.0,0.9953570365905762,1.0,28.48005921,2020-08-18 10:00:00
6.861000061,87.99933624,0.0,934.0322266,32.40000153,6.43987608,6.910999775,8.561000824,0.268000007,0.244000003,0.0,0.002538019403194388,0.0,0.0,2021-01-04 12:00:00
18.3785,72.41382,0.0,998.6513,11.700001,5.1165614,19.3785,24.0785,0.174,0.277,1.0,0.9953599572181702,1.0,36.01610142,2020-10-06 10:00:00
8.361000061,82.82469177,0.0,933.6506348,45.89999771,9.255571365,8.011000633,7.910999775,0.319000006,0.308999985,0.0,0.002534223060744504,0.0,0.0,2022-11-12 18:00:00
23.446,43.559666,0.0,952.50385,26.400002,3.096837,21.095999,25.995998,0.138,0.154,1.0,0.9953615069389343,1.0,34.16583266,2020-08-22 10:00:00
10.787499,66.45978,0.0,1002.7135,0.0,8.587338,10.3875,13.9375,0.406,0.442,1.0,0.9953410426775614,1.0,25.0,2020-04-14 10:00:00
5.111000061,98.96137238,0.100000001,926.1999512,100.0,9.832679749,7.31099987,8.311000824,0.416999996,0.419,0.0,0.002526747800099353,0.0,0.0,2023-03-20 12:00:00
4.160999775,79.10028076,0.0,921.2573242,12.30000019,19.55963326,7.210999966,12.71100044,0.135000005,0.150000006,0.0,0.0025493678792069354,0.0,0.0,2020-11-08 12:00:00
9.911000252,74.09786224,0.0,934.2852783,0.0,0.80498451,7.160999775,7.011000156,0.360000014,0.363999993,0.0,0.002558470043974618,0.0,0.0,2022-01-08 18:00:00
24.61100006,34.47143555,0.0,933.6582642,0.0,10.96671295,24.96100044,21.51099968,0.136999995,0.180000007,0.0,0.0025428925873711705,0.0,0.0,2020-06-20 18:00:00
13.11100006,22.02896881,0.0,926.9577637,0.0,25.9649601,18.06100082,17.11100006,0.137999997,0.149000004,0.0,0.0025457225274294615,0.0,0.0,2021-10-12 00:00:00
11.46100044,32.57545853,0.0,938.578064,0.0,8.049844742,12.71100044,11.61100006,0.201000005,0.244000003,0.0,0.002543583861552179,0.0,0.0,2020-02-25 03:00:00
13.01100063,62.70330811,0.0,924.2727051,30.00000191,8.396570206,17.86100006,16.56100082,0.167999998,0.199000001,0.0,0.0025280912329132357,0.0,0.0,2022-03-27 03:00:00
11.26100063,57.45407867,0.0,933.1181641,0.0,7.091177464,12.91100025,16.66100121,0.142000005,0.162,0.0,0.002529310528188944,0.0,0.0,2021-05-24 09:00:00
36.553,20.71906,0.0,934.4557,26.7,15.778516,38.953,31.003,0.132,0.149,1.0,0.9953455726305643,1.0,29.3566495,2020-08-18 21:00:00
8.361000061,67.34896088,0.100000001,927.0640869,57.0,10.18869972,9.661000252,11.06100082,0.352999985,0.185000002,0.0,0.0025237175868824124,0.0,0.0,2022-11-07 18:00:00
37.46099854,12.08248711,0.0,931.6342163,0.0,8.854828835,39.26099777,29.21100044,0.133000001,0.150000006,0.0,0.002695658632243673,0.0,0.0,2022-09-05 00:00:00
26.7005,10.805801,0.0,910.64716,0.3,14.88242,27.4505,29.9505,0.127,0.152,1.0,0.9953610301017761,1.0,30.30318288,2020-08-19 10:00:00
15.76100063,71.45832062,0.0,927.6047974,0.0,5.091168404,20.41100121,25.11100006,0.133000001,0.151999995,0.0,0.002903726107130448,0.0,0.0,2021-07-02 09:00:00
15.81100082,29.57306671,0.0,930.9194946,25.80000114,8.654986382,15.26100063,9.611000061,0.303000003,0.317999989,0.0,0.002557221023986737,0.0,0.0,2021-03-24 21:00:00
11.36100006,72.33916473,0.0,930.3084717,14.10000038,8.905907631,14.91100025,12.06100082,0.232999995,0.187999994,0.0,0.0025252231862396,0.0,0.0,2020-11-24 00:00:00
6.660999775,55.23880768,0.0,930.4071655,9.0,6.638072014,3.210999966,7.511000156,0.26699999,0.293000013,0.0,0.002548268142466744,0.0,0.0,2020-02-12 15:00:00
32.3685,26.089573,0.0,981.26056,30.300001,11.709688,34.018497,27.0685,0.241,0.276,1.0,0.9953615069389343,1.0,34.63740913,2020-08-23 21:00:00
3.710999966,92.84976196,0.100000001,927.2432861,100.0,7.952659607,5.160999775,6.460999966,0.354999989,0.358999997,0.0,0.0025225495531534157,0.0,0.0,2023-02-11 18:00:00
27.567,27.793634,0.0,933.7379,0.0,13.513193,28.517,21.767,0.134,0.159,1.0,0.9951668381690979,1.0,35.47440199,2020-08-29 21:00:00
24.11100006,15.58899212,0.0,926.0824585,0.0,6.638072014,20.66100121,26.91100121,0.133000001,0.150999993,0.0,0.007438642904162407,0.0,0.0,2022-08-20 12:00:00
29.81100082,20.4531498,0.0,931.131897,0.0,5.014219284,35.01099777,32.26099777,0.133000001,0.150000006,0.0,0.0026877342412869134,0.0,0.0,2022-09-07 03:00:00
5.81099987,89.14597321,0.699999988,927.5043335,100.0,9.164103508,7.81099987,6.710999966,0.38499999,0.282999992,0.0,0.002523541683331132,0.0,0.0,2021-03-10 21:00:00
10.608999,72.44895,0.0,999.50604,0.0,3.8268526,10.809,16.259,0.175,0.27,1.0,0.9953564008076986,1.0,37.07426887,2022-10-27 10:00:00
21.91100121,50.97813416,0.0,926.7907104,0.0,6.119999886,25.51099968,27.36100006,0.133000001,0.150999993,0.0,0.0025572183076292276,0.0,0.0,2022-08-24 06:00:00
20.8675,19.6423,0.0,878.18335,0.0,14.291592,23.667501,27.2175,0.133,0.153,1.0,0.9952922264734904,1.0,30.81781616,2020-08-20 09:00:00
23.86100006,48.86581421,0.0,931.2554321,1.200000048,9.290511131,30.31100082,23.91100121,0.112999998,0.147,0.0,0.002522000422080358,0.0,0.0,2023-09-17 00:00:00
14.26100063,77.91460419,0.0,938.3692017,8.699999809,13.70839024,17.16100121,15.21100044,0.287999988,0.312000006,0.0,0.0026765293441712856,0.0,0.0,2020-04-23 03:00:00
27.06100082,19.14091682,0.0,931.6274414,0.0,11.72075081,30.56100082,22.81100082,0.133000001,0.150000006,0.0,0.002527226616318027,0.0,0.0,2021-09-04 00:00:00
20.61100006,26.16204453,0.0,928.6485596,0.0,3.976329803,23.31100082,23.16100121,0.133000001,0.150999993,0.0,0.002535557451968392,0.0,0.0,2020-10-21 03:00:00
7.5985003,93.70435,0.0,1003.437,36.899998,5.6233797,10.698501,15.0985,0.177,0.305,1.0,0.9953532814979553,1.0,36.58910685,2021-04-04 10:00:00
19.31100082,36.89271927,0.0,933.347229,0.0,3.319036007,15.56100082,20.66100121,0.114,0.148000002,0.0,0.002527896702910463,0.0,0.0,2023-10-06 15:00:00
22.4405,44.755726,0.0,922.58795,18.0,2.0364676,23.1905,27.1405,0.133,0.153,1.0,0.9953085978825887,1.0,34.50830243,2020-08-23 10:00:00
39.067,17.497814,0.0,936.17957,25.500002,5.771239,42.317,32.217,0.125,0.148,1.0,0.995340089003245,1.0,29.77802102,2020-08-18 21:00:00
32.5965,22.256813,0.0,963.33466,41.100002,19.969458,34.0465,27.8465,0.136,0.157,1.0,0.9953601360321045,1.0,34.62975146,2020-08-23 21:00:00
12.06100082,84.97338867,0.0,931.0574341,0.300000012,4.680000305,16.76099968,20.36100006,0.112999998,0.147,0.0,0.002527719169544677,0.0,0.0,2023-09-25 06:00:00
16.86100006,53.87691116,0.0,930.3840332,0.899999976,4.104631424,20.26099968,24.66100121,0.133000001,0.158000007,0.0,0.0031733392970636487,0.0,0.0,2020-07-18 09:00:00
15.81100082,37.86117172,0.0,935.8707275,17.10000038,6.130578995,14.81100082,9.411000252,0.244000003,0.275000006,0.0,0.003008592097709576,0.0,0.0,2020-02-16 00:00:00
26.3785,20.602468,0.0,959.73694,0.0,8.049845,30.2285,34.128498,0.097,0.143,1.0,0.9953617850939432,1.0,31.1937679,2020-08-20 09:00:00
17.579,86.386116,0.0,969.72314,0.0,2.8116899,22.579,26.179,0.241,0.276,1.0,0.9953614274660746,1.0,35.18947136,2020-08-26 09:00:00
26.26099968,23.04500389,0.0,933.62854,0.0,4.024922371,29.06100082,27.26099968,0.133000001,0.150999993,0.0,0.0025321225790927806,0.0,0.0,2020-10-02 03:00:00
22.812,25.020058,0.0,939.40594,0.9,5.1544156,23.612,28.312,0.131,0.156,1.0,0.9953603148460388,1.0,30.95342111,2020-08-20 09:00:00
34.9715,8.528071,0.0,941.60504,0.0,3.8773184,37.5215,31.021502,0.132,0.15,1.0,0.9953597982724508,1.0,32.09713566,2020-08-20 20:00:00
15.41100025,63.25419998,0.0,928.3329468,0.0,4.213691711,15.31100082,17.61100006,0.180000007,0.237000003,0.0,0.002545504287506143,0.0,0.0,2023-04-28 09:00:00
15.31100082,39.09338379,0.0,932.6139526,29.10000038,11.27552986,21.81100082,19.36100006,0.136000007,0.177000001,0.0,0.0025242176294947662,0.0,0.0,2021-05-01 03:00:00
31.883501,12.383157,0.0,928.15656,0.0,11.609651,33.883503,28.3835,0.133,0.153,1.0,0.99162757396698,1.0,32.13866545,2020-08-20 20:00:00
6.56099987,93.65351868,2.200000048,928.0917358,100.0,17.56637764,7.011000156,8.061000824,0.437999994,0.437000006,0.0,0.002523210054884354,0.0,0.0,2023-01-08 06:00:00
6.361000061,39.63888931,0.0,930.8667603,0.0,1.527350664,6.111000061,11.31100082,0.287,0.224000007,0.0,0.0025283818443616233,0.0,0.0,2022-04-18 12:00:00
39.2815,17.546867,0.0,939.565,25.500002,5.771239,42.5315,32.4315,0.125,0.148,1.0,0.9953608314196268,1.0,28.75278701,2020-08-18 21:00:00
23.306501,49.20061,0.0,963.887,1.5,14.039999,26.4065,30.7565,0.084,0.13,1.0,0.9953616658846537,1.0,34.44293308,2020-08-23 10:00:00
16.71100044,49.2378006,0.0,930.3428345,1.799999952,6.287129879,17.66100121,22.16100121,0.112000003,0.148000002,0.0,0.002525680659649273,0.0,0.0,2023-09-12 15:00:00
19.81100082,37.29634857,0.0,934.1253052,27.60000038,11.50311279,25.41100121,20.06100082,0.112999998,0.147,0.0,0.0025228298424432674,0.0,0.0,2023-09-26 00:00:00
3.161000013,100.0,0.0,936.758667,90.0,15.11142445,5.960999966,7.460999966,0.389999986,0.38499999,0.0,0.0025353553937748075,0.0,0.0,2023-02-06 03:00:00
35.904,11.738485,0.0,974.2543,0.0,5.3999996,40.104,32.804,0.097,0.143,1.0,0.9953619837760925,1.0,31.8923644,2020-08-20 20:00:00
14.41100025,82.1873703,0.200000003,929.0629272,84.6000061,11.91812038,18.76099968,18.26099968,0.300000012,0.216000006,0.0,0.0025507551229869327,0.0,0.0,2020-05-31 00:00:00
29.11100006,26.00993347,0.0,934.2683716,0.0,9.686609268,29.16100121,25.76099968,0.112999998,0.153999999,0.0,0.0029031337859729924,0.0,0.0,2023-07-26 18:00:00
7.861000061,36.59988403,0.0,934.7844849,0.0,5.904438972,4.361000061,9.861000061,0.180000007,0.186000004,0.0,0.0025277483509853482,0.0,0.0,2020-12-05 12:00:00
8.661000252,80.32003021,0.0,934.6531982,32.39999771,15.27774906,11.81100082,14.36100006,0.187000006,0.199000001,0.0,0.002524800210570296,0.0,0.0,2022-04-05 09:00:00
15.06100082,47.10189438,0.0,930.3444214,0.600000024,13.83074856,16.51099968,11.16100025,0.273999989,0.231999993,0.0,0.002538626043436428,0.0,0.0,2022-04-20 21:00:00
32.0875,19.156197,0.0,930.12225,33.600002,15.141414,33.6875,26.7875,0.133,0.152,1.0,0.9945614735285441,1.0,34.61226014,2020-08-23 21:00:00
29.71100044,17.12597275,0.0,934.3285522,3.0,8.913181305,29.01099968,25.26099968,0.112999998,0.152999997,0.0,0.002688904603322347,0.0,0.0,2023-07-31 18:00:00
28.06100082,18.31346512,0.0,934.6442261,19.80000114,9.832679749,30.56100082,23.66100121,0.114,0.148000002,0.0,0.002534559811465442,0.0,0.0,2023-09-10 00:00:00
8.561000824,87.54800415,0.0,933.3433228,100.0,9.957107544,10.61100006,8.561000824,0.245000005,0.238999993,0.0,0.002532136432516078,0.0,0.0,2020-12-26 00:00:00
8.211000443,68.76513672,0.0,936.8082275,46.79999924,13.85415459,8.661000252,6.81099987,0.351999998,0.351999998,0.0,0.0025566224940121174,0.0,0.0,2020-01-11 21:00:00
7.511000156,97.63677216,0.0,934.6814575,100.0,8.435069084,7.910999775,7.710999966,0.365999997,0.358999997,0.0,0.002539430046454072,0.0,0.0,2020-01-22 03:00:00
11.41100025,51.31480789,0.0,936.8239136,0.0,4.104631424,9.161000252,12.01100063,0.216999993,0.257999986,0.0,0.002546524667801956,0.0,0.0,2022-02-13 09:00:00
35.8045,8.600416,0.0,959.2452,0.0,3.8773184,38.1045,31.3545,0.127,0.15,1.0,0.9953620235125223,1.0,31.84400613,2020-08-20 20:00:00
19.66100121,27.64520645,0.0,931.5143433,0.0,11.21213531,24.26099968,26.71100044,0.112999998,0.149000004,0.0,0.0025393290367598334,0.0,0.0,2023-08-29 06:00:00
30.321001,9.866546,0.0,945.2359,0.0,16.363178,31.021,33.221,0.132,0.15,1.0,0.9953616261482239,1.0,29.98878857,2020-08-19 10:00:00
17.91100121,66.18491364,0.0,926.5432129,0.0,8.279999733,20.16100121,24.16100121,0.135000005,0.172000006,0.0,0.002598688006401062,0.0,0.0,2020-06-26 12:00:00
35.727497,22.599648,0.0,953.9805,24.300001,16.263872,36.5275,28.5275,0.138,0.155,1.0,0.9953599572181702,1.0,29.54662364,2020-08-18 21:00:00
4.611000061,48.29581451,0.0,925.7771606,0.0,13.6989336,7.06099987,11.21100044,0.208000004,0.180999994,0.0,0.0025242126624410353,0.0,0.0,2023-11-24 12:00:00
20.5595,20.61028,0.0,882.95154,0.9,10.009036,24.2095,28.1595,0.137,0.151,1.0,0.9953613877296448,1.0,30.82167686,2020-08-20 09:00:00
30.91100121,19.13674545,0.0,932.5137329,0.0,16.07552147,34.61100006,26.26099968,0.140000001,0.157000005,0.0,0.0027371978697677455,0.0,0.0,2022-06-26 00:00:00
12.66100025,45.10886765,0.0,942.1282959,0.0,4.51078701,12.31100082,8.311000824,0.333999991,0.34799999,0.0,0.0025784814497455955,0.0,0.0,2020-01-07 00:00:00
11.96100044,96.11559296,0.100000001,924.5266724,100.0,9.107358932,14.96100044,18.06100082,0.140000001,0.147,0.0,0.0025291339649508395,0.0,0.0,2023-10-23 03:00:00
22.622,42.894997,0.0,946.2648,25.800001,3.671294,20.922,25.872,0.133,0.151,1.0,0.9953612685203552,1.0,34.08639367,2020-08-22 10:00:00
12.31100082,51.56106567,0.0,933.2349854,0.0,4.104631424,14.51100063,15.11100006,0.123000003,0.143000007,0.0,0.002530403008374075,0.0,0.0,2023-11-01 03:00:00
22.01099968,17.24302292,0.0,932.2363892,0.0,11.01976395,21.86100006,14.01100063,0.180000007,0.224000007,0.0,0.0025277512225632868,0.0,0.0,2022-05-03 21:00:00
15.31100082,55.5369072,0.0,930.6887817,0.0,5.001279831,13.01100063,18.76099968,0.119000003,0.147,0.0,0.0025352376978844404,0.0,0.0,2023-10-18 15:00:00
22.7325,42.925983,0.0,948.1242,25.800001,3.671294,21.032501,25.9825,0.133,0.151,1.0,0.9953614672025045,1.0,34.08680634,2020-08-22 10:00:00
30.66100121,18.54892159,0.0,936.6862793,0.0,14.16864109,30.86100006,23.36100006,0.133000001,0.150999993,0.0,0.04265048370386163,0.0,0.0,2020-09-15 21:00:00
14.86100006,39.52573013,0.0,926.4385376,0.0,5.623379707,18.71100044,23.16100121,0.134000003,0.162,0.0,0.002617158965828518,0.0,0.0,2020-07-09 12:00:00
30.802,13.477973,0.0,1004.1264,26.400002,8.534353,23.401999,19.052,0.175,0.27,1.0,0.9953524867693583,1.0,37.04834677,2022-10-19 19:00:00
31.675999,20.847813,0.0,930.84753,0.0,13.392774,31.675999,23.376,0.134,0.153,1.0,0.9946781595547994,1.0,35.36501533,2020-08-28 21:00:00
11.76100063,51.96323776,0.0,943.8843994,1.200000048,6.924738407,7.511000156,6.81099987,0.338999987,0.352999985,0.0,0.0027748407252753773,0.0,0.0,2023-01-26 18:00:00
27.463,27.765173,0.0,932.04193,0.0,13.513193,28.413,21.663,0.134,0.159,1.0,0.9951074719429016,1.0,35.51100177,2020-08-29 21:00:00
15.91100025,52.53134155,0.0,934.5230713,21.60000038,11.01388168,17.91100121,14.46100044,0.170000002,0.213,0.0,0.002538176680294176,0.0,0.0,2020-05-15 00:00:00
3.760999918,76.50686646,0.0,932.3737793,5.399999619,10.88367558,6.761000156,9.861000061,0.261999995,0.266000003,0.0,0.0025309323876475296,0.0,0.0,2021-03-07 09:00:00
27.76099968,23.35762978,0.0,932.7271118,0.0,3.82685256,29.01099968,26.31100082,0.133000001,0.150999993,0.0,0.002531333244405687,0.0,0.0,2020-09-29 03:00:00
28.3505,10.000603,0.0,928.7273,2.4,14.799459,29.9505,32.8505,0.125,0.148,1.0,0.9953406453132629,1.0,30.14310426,2020-08-19 10:00:00
4.261000156,92.88043213,0.300000012,925.6726685,96.59999847,3.599999905,5.460999966,6.81099987,0.402999997,0.386999995,0.0,0.0025274715153500438,0.0,0.0,2020-03-19 06:00:00
21.36100006,49.33107376,0.0,935.09375,4.5,9.366919518,25.91100121,20.06100082,0.112999998,0.147,0.0,0.0025236370662848153,0.0,0.0,2023-09-27 00:00:00
4.210999966,34.93524551,0.0,935.4331665,0.0,6.830519199,4.06099987,10.01100063,0.207000002,0.243000001,0.0,0.002547270075107614,0.0,0.0,2022-03-11 12:00:00
8.011000633,59.13000107,0.0,934.4627686,33.29999924,9.339207649,8.611000061,11.86100006,0.175999999,0.224999994,0.0,0.002529281501968702,0.0,0.0,2021-04-08 15:00:00
6.313,68.368416,0.0,1002.7614,0.0,7.386582,6.1130004,10.863,0.33,0.279,1.0,0.9953510165214539,1.0,36.19626769,2020-11-22 10:00:00
8.661000252,99.32587433,0.400000006,933.5554199,100.0,8.396570206,9.161000252,8.361000061,0.393999994,0.351999998,0.0,0.00253369410832723,0.0,0.0,2021-02-02 21:00:00
16.002,87.64214,0.0,929.98706,4.5,5.904439,20.752,24.852001,0.133,0.159,1.0,0.8947247664133707,1.0,35.07292981,2020-08-25 09:00:00
8.261000633,85.13737488,0.0,933.0725708,28.5,9.387651443,8.461000443,10.36100006,0.324999988,0.337000012,0.0,0.00253090118834128,0.0,0.0,2020-02-02 09:00:00
33.86100006,14.52942848,0.0,930.2064819,0.0,4.693825245,29.96100044,25.41100121,0.133000001,0.150000006,0.0,0.0025288763378436365,0.0,0.0,2021-08-29 18:00:00
31.9855,22.101383,0.0,953.2598,41.100002,19.969458,33.4355,27.2355,0.136,0.157,1.0,0.9953611890474955,1.0,34.61293546,2020-08-23 21:00:00
8.011000633,87.19519806,0.0,933.6395264,0.0,2.41495347,7.761000156,10.21100044,0.328999996,0.326999992,0.0,0.002721112648335596,0.0,0.0,2023-04-09 09:00:00
19.925,56.516975,0.0,964.0909,0.0,16.394829,26.875,33.425,0.097,0.143,1.0,0.9953617850939432,1.0,33.31889351,2020-08-21 09:00:00
23.0825,21.341524,0.0,920.9863,0.9,5.937272,25.7325,30.3325,0.127,0.152,1.0,0.9953588445981344,1.0,30.91095335,2020-08-20 09:00:00
31.328999,28.251148,0.0,928.546,0.0,8.427383,32.878998,26.529,0.133,0.153,1.0,0.9939143459002177,1.0,33.81272977,2020-08-21 20:00:00
5.361000061,94.58063507,0.0,933.6771851,62.09999847,11.01388168,8.211000443,10.81100082,0.214000002,0.252000004,0.0,0.002534793495821456,0.0,0.0,2020-02-23 09:00:00
11.36100006,80.42142487,0.0,929.850647,3.599999905,3.960000038,14.46100044,20.51099968,0.135000005,0.150000006,0.0,0.0025853589177131653,0.0,0.0,2022-09-16 12:00:00
25.71100044,31.20405006,0.0,930.083374,0.0,12.48115349,28.16100121,19.26099968,0.144999996,0.186000004,0.0,0.0025687424543624124,0.0,0.0,2023-06-04 00:00:00
28.117,16.935795,0.0,961.6968,0.0,10.8955765,30.917,34.767,0.111,0.138,1.0,0.9953619043032328,1.0,31.71590499,2020-08-20 09:00:00
23.36100006,28.08487892,0.0,934.6159668,0.300000012,9.826087952,30.76099968,28.61100006,0.112999998,0.155000001,0.0,0.0032378964436550937,0.0,0.0,2023-07-25 03:00:00
22.16100121,43.05497742,0.0,934.8485718,0.0,1.484318018,18.66100121,11.36100006,0.232999995,0.268999994,0.0,0.002551791723817587,0.0,0.0,2022-02-11 22:00:00
22.178,21.02963,0.0,908.8253,0.9,10.009036,25.828,29.778,0.137,0.151,1.0,0.9953617056210836,1.0,31.65973903,2020-08-20 09:00:00
26.437,20.617304,0.0,960.72266,0.0,8.049845,30.287,34.187,0.097,0.143,1.0,0.9953617850939432,1.0,30.98245333,2020-08-20 09:00:00
33.61100006,12.45950222,0.0,933.277832,0.0,11.16580486,35.71099854,26.21100044,0.133000001,0.151999995,0.0,0.0027550059215476117,0.0,0.0,2021-09-07 00:00:00
17.5895,65.46224,0.0,929.5496,27.9,1.1384199,20.7895,25.7895,0.138,0.154,1.0,0.9951139887173971,1.0,32.88605543,2020-08-21 09:00:00
8.311000824,89.65698242,0.100000001,934.0933838,100.0,10.44620609,9.561000824,9.211000443,0.365999997,0.337000012,0.0,0.0025323322818924985,0.0,0.0,2021-03-20 00:00:00
21.6565,40.921608,0.0,929.20953,10.200001,5.1165614,22.956501,27.6565,0.133,0.153,1.0,0.9945839246114095,1.0,34.05469753,2020-08-22 10:00:00
38.267,19.335165,0.0,938.2638,26.400002,10.799999,41.267,32.017,0.123,0.149,1.0,0.9953587253888448,1.0,29.68873777,2020-08-18 21:00:00
13.96100044,75.55838776,0.0,930.128479,28.79999924,10.23945332,17.86100006,22.96100044,0.133000001,0.153999999,0.0,0.0025945805246010423,0.0,0.0,2020-08-05 15:00:00
25.96100044,24.04236031,0.0,929.5045166,0.0,14.33686066,26.31100082,20.06100082,0.136000007,0.156000003,0.0,0.0028613447211682796,0.0,0.0,2022-10-21 21:00:00
8.161000252,98.6504364,0.0,927.9205933,77.40000153,6.618519306,12.96100044,16.16100121,0.150000006,0.189999998,0.0,0.002525127880896131,0.0,0.0,2023-06-02 12:00:00
23.21100044,37.49790955,0.0,930.2575073,0.0,11.87454414,27.41100121,21.66100121,0.135000005,0.150000006,0.0,0.006653564943311115,0.0,0.0,2022-09-17 00:00:00
22.71100044,24.19940758,0.0,928.3800659,3.900000095,17.81908989,27.61100006,22.06100082,0.138999999,0.159999996,0.0,0.00252425802561144,0.0,0.0,2022-06-16 21:00:00
24.26099968,57.39797211,0.0,930.0736694,40.80000305,12.31389427,29.51099968,28.01099968,0.133000001,0.151999995,0.0,0.0037649498165895543,0.0,0.0,2020-08-24 03:00:00
27.21100044,28.75775337,0.0,929.3662109,0.0,12.0317564,32.11100006,29.01099968,0.133000001,0.150000006,0.0,0.002590413554571569,0.0,0.0,2021-09-09 03:00:00
28.795,46.048367,0.0,956.2309,0.0,11.988594,30.744999,24.994999,0.134,0.159,1.0,0.995361308256785,1.0,35.16711377,2020-08-25 21:00:00
2.861000061,80.64215851,0.0,935.2971802,0.0,6.489992142,3.510999918,6.861000061,0.34799999,0.35800001,0.0,0.0025429673260077834,0.0,0.0,2022-01-09 15:00:00
15.5585,71.65878,0.0,974.3058,3.6,21.746502,20.7085,27.9585,0.084,0.13,1.0,0.9953606724739075,1.0,35.28262724,2020-08-27 10:00:00
16.5135,88.25596,0.0,961.2665,9.0,4.8433046,21.1135,24.9135,0.138,0.163,1.0,0.9953615466753641,1.0,35.07419418,2020-08-25 09:00:00
22.61100006,31.19166756,0.0,936.6218872,0.0,1.835646987,17.71100044,11.76100063,0.231000006,0.252999991,0.0,0.002557578651855389,0.0,0.0,2021-11-29 21:00:00
5.210999966,58.2029686,0.0,933.2667847,0.0,4.104631424,5.511000156,9.161000252,0.173999995,0.178000003,0.0,0.0025372683691481748,0.0,0.0,2023-11-28 06:00:00
3.56099987,98.59996033,0.699999988,923.9101563,100.0,15.11999893,4.861000061,5.261000156,0.432999998,0.421999991,0.0,0.002525942283682525,0.0,0.0,2023-03-29 18:00:00
7.5285,100.0,0.0,999.6775,90.0,3.7064266,9.6285,15.3785,0.193,0.26,1.0,0.9953497648239136,1.0,36.67146857,2021-10-19 10:00:00
31.661,21.27795,0.0,921.8401,27.6,13.397612,31.911,25.711,0.133,0.153,1.0,0.9953111012776693,1.0,34.19953224,2020-08-22 20:00:00
25.437,32.42885,0.0,996.4281,0.0,6.6087217,19.837,23.087,0.175,0.278,1.0,0.9953523675600687,1.0,35.9595827,2020-09-28 10:00:00
29.135,35.27744,0.0,937.96436,0.0,14.685176,29.984999,24.435,0.134,0.151,1.0,0.9951972365379333,1.0,33.75792597,2020-08-21 20:00:00
23.969501,49.37782,0.0,975.27094,1.5,14.039999,27.0695,31.4195,0.084,0.13,1.0,0.9953616658846537,1.0,34.44725151,2020-08-23 10:00:00
18.66100121,63.98314667,0.0,929.407959,0.0,4.334974289,20.41100121,23.76099968,0.136000007,0.175999999,0.0,0.002684236775773267,0.0,0.0,2020-06-23 09:00:00
18.36100006,29.33686447,0.0,934.6485596,5.400000095,13.52757168,20.26099968,13.96100044,0.169,0.221000001,0.0,0.0025369367795065045,0.0,0.0,2021-04-09 00:00:00
5.261000156,95.23978424,0.0,928.1637573,52.80000305,4.024922371,7.56099987,6.910999775,0.414000005,0.409000009,0.0,0.0025333372953658304,0.0,0.0,2023-03-04 03:00:00
29.342499,32.431534,0.0,939.8711,0.0,13.627795,29.8925,24.342499,0.138,0.154,1.0,0.9953582286834717,1.0,33.56216303,2020-08-21 20:00:00
13.16100025,51.97512054,0.0,932.3770142,0.0,6.151682854,6.910999775,10.51100063,0.217999995,0.186000004,0.0,0.0025295520511766276,0.0,0.0,2023-12-06 12:00:00
21.21100044,41.21494675,0.0,930.1864014,1.200000048,13.04968929,26.41100121,22.81100082,0.133000001,0.150999993,0.0,0.002522243380857011,0.0,0.0,2020-10-09 00:00:00
4.210999966,94.19861603,0.0,936.3467407,66.30000305,7.65370512,4.761000156,7.160999775,0.263999999,0.254999995,0.0,0.0025353138723100224,0.0,0.0,2021-01-11 15:00:00
27.515501,11.003361,0.0,929.9754,2.4,14.336861,28.8155,31.265501,0.137,0.151,1.0,0.9953217307726542,1.0,29.92007625,2020-08-19 10:00:00
23.3025,21.321177,0.0,927.161,0.9,10.009036,26.9525,30.9025,0.137,0.151,1.0,0.9953100879987081,1.0,31.17341759,2020-08-20 09:00:00
16.01099968,65.5585022,0.0,925.5648804,0.0,3.396233082,18.81100082,22.16100121,0.135000005,0.162,0.0,0.0030116691098858914,0.0,0.0,2022-10-15 06:00:00
39.4245,17.57958,0.0,941.8275,25.500002,5.771239,42.6745,32.574497,0.125,0.148,1.0,0.9953612287839254,1.0,28.73437808,2020-08-18 21:00:00
17.41100121,25.36754799,0.0,931.1772461,0.0,7.993296623,19.86100006,24.91100121,0.133000001,0.155000001,0.0,0.0025555133276308575,0.0,0.0,2020-08-02 12:00:00
27.8135,45.783443,0.0,940.0069,0.0,11.988594,29.763498,24.013498,0.134,0.159,1.0,0.9953441818555196,1.0,35.11164567,2020-08-25 21:00:00
27.86100006,21.35107803,0.0,936.6169434,0.0,12.49671841,30.46100044,23.61100006,0.133000001,0.150999993,0.0,0.0062511997142185765,0.0,0.0,2022-08-10 21:00:00
30.710001,9.213048,0.0,951.2852,0.0,18.171976,31.760002,34.36,0.115,0.145,1.0,0.9953620235125223,1.0,30.089305,2020-08-19 10:00:00
9.461000443,84.39640045,0.0,931.5007935,25.20000076,3.599999905,10.71100044,10.61100006,0.298999995,0.317999989,0.0,0.0025413346787293753,0.0,0.0,2022-01-17 03:00:00
10.0015,99.33297,0.0,1012.00684,90.0,2.4149535,10.0515,11.2515,0.461,0.456,1.0,0.9953406651814779,1.0,25.0,2020-03-30 10:00:00
21.6775,20.899912,0.0,900.7594,0.9,10.009036,25.3275,29.2775,0.137,0.151,1.0,0.9953616261482239,1.0,31.49110982,2020-08-20 09:00:00
34.31099701,13.05832958,0.0,930.6854858,0.0,13.70839024,37.1609993,26.71100044,0.133000001,0.151999995,0.0,0.0040838025355090695,0.0,0.0,2021-07-09 00:00:00
31.707,10.65755,0.0,974.8313,0.6,14.386494,32.857,35.557,0.116,0.146,1.0,0.9953620632489523,1.0,30.0528898,2020-08-19 10:00:00
25.06100082,17.65479279,0.0,936.5339355,30.00000191,5.623379707,22.41100121,14.31100082,0.130999997,0.150000006,0.0,0.002548057741175095,0.0,0.0,2023-11-02 21:00:00
19.828,39.70787,0.0,929.2542,2.6999998,9.290511,23.578,28.727999,0.133,0.153,1.0,0.9946989814440409,1.0,33.03361395,2020-08-21 09:00:00
17.01099968,47.977314,0.0,929.2328491,29.70000076,4.582051754,15.81100082,10.41100025,0.312000006,0.324000001,0.0,0.0025483141265188656,0.0,0.0,2021-02-08 00:00:00
38.6435,18.114323,0.0,953.69165,23.7,19.969458,41.9935,33.5935,0.111,0.138,1.0,0.9953617850939432,1.0,28.1091667,2020-08-17 21:00:00
38.3255,19.34909,0.0,939.1905,26.400002,10.799999,41.3255,32.0755,0.123,0.149,1.0,0.9953606724739075,1.0,29.80809325,2020-08-18 21:00:00
29.4685,14.357207,0.0,930.1038,0.0,12.57426,30.368502,25.368502,0.138,0.154,1.0,0.9951647520065308,1.0,32.4828161,2020-08-20 20:00:00
35.921,13.625861,0.0,927.80536,0.0,16.485485,38.821,31.521,0.123,0.149,1.0,0.9953359166781107,1.0,30.78282968,2020-08-19 21:00:00
37.21099854,13.46520329,0.0,929.4528809,0.0,17.55530548,39.26099777,30.91100121,0.133000001,0.151999995,0.0,0.003117605190103253,0.0,0.0,2020-09-08 00:00:00
17.51099968,43.97613525,0.0,935.057373,2.100000143,9.511088371,20.16100121,20.66100121,0.162,0.204999998,0.0,0.0026534348726272583,0.0,0.0,2020-06-10 06:00:00
22.16100121,32.6205101,0.0,928.6939697,6.0,14.83007622,24.06100082,21.56100082,0.138999999,0.160999998,0.0,0.002526187376740078,0.0,0.0,2022-06-16 18:00:00
20.11100006,31.8080864,0.0,933.3799438,4.200000286,7.754636765,21.11100006,13.81100082,0.203999996,0.238000005,0.0,0.0025231421071415148,0.0,0.0,2022-04-30 00:00:00
15.1785,72.550705,0.0,997.0896,5.3999996,3.5455887,17.6285,21.8785,0.167,0.263,1.0,0.9953594009081522,1.0,37.01378448,2022-10-11 10:00:00
24.31100082,13.81197834,0.0,936.520752,0.0,7.594208241,24.21100044,17.06100082,0.135000005,0.147,0.0,0.002555158610145251,0.0,0.0,2021-10-16 00:00:00
31.26099968,26.49734879,0.0,934.9038696,0.0,11.70968819,33.1609993,25.16100121,0.133000001,0.155000001,0.0,0.06418156748016675,0.0,0.0,2020-07-30 21:00:00
26.2195,10.714173,0.0,902.99554,0.3,14.88242,26.9695,29.4695,0.127,0.152,1.0,0.9953611095746359,1.0,30.20956544,2020-08-19 10:00:00
29.31100082,27.79732704,0.0,932.3863525,0.0,1.484318018,27.16100121,20.06100082,0.114,0.165999994,0.0,0.0025261112799247107,0.0,0.0,2023-06-29 18:00:00
4.31099987,86.21840668,0.100000001,925.0478516,95.40000153,16.74677277,6.06099987,5.910999775,0.421999991,0.409999996,0.0,0.002526199289908012,0.0,0.0,2023-03-05 00:00:00
22.435,24.917503,0.0,933.13385,0.9,5.1544156,23.234999,27.935,0.131,0.156,1.0,0.9952704707781473,1.0,31.62451242,2020-08-20 09:00:00
27.26099968,21.88160324,0.0,931.9550171,30.00000191,14.61883736,29.31100082,20.41100121,0.136000007,0.165000007,0.0,0.0027347398766626916,0.0,0.0,2022-06-07 21:00:00
8.0955,61.1,0.0,1009.8718,0.0,4.0249224,7.8955,11.9955,0.218,0.328,1.0,0.99534805615743,1.0,36.72294465,2022-03-12 10:00:00
4.710999966,96.56399536,0.0,930.1015015,100.0,7.993296623,4.361000061,6.06099987,0.331,0.287,0.0,0.0025231982581317425,0.0,0.0,2022-12-03 09:00:00
3.510999918,91.85348511,0.0,921.1549683,39.29999924,19.56294632,6.81099987,12.21100044,0.136000007,0.150000006,0.0,0.0025605719226102033,0.0,0.0,2020-11-08 15:00:00
3.56099987,51.98695755,0.0,935.4190063,0.0,8.640000343,4.111000061,7.960999966,0.239999995,0.194999993,0.0,0.0025360307190567255,0.0,0.0,2023-12-09 09:00:00
5.410999775,94.58274841,0.0,940.3640137,71.69999695,8.225034714,6.460999966,8.911000252,0.349000007,0.352999985,0.0,0.002568141557276249,0.0,0.0,2020-01-28 12:00:00
15.56100082,64.58409119,0.0,934.2423706,100.0,10.30883121,16.01099968,12.71100044,0.307000011,0.310000002,0.0,0.002532841831756135,0.0,0.0,2021-11-06 21:00:00
22.46100044,45.97482681,0.0,929.2325439,0.0,7.903619289,29.51099968,26.91100121,0.133000001,0.151999995,0.0,0.002549732414384683,0.0,0.0,2022-07-26 03:00:00
20.21100044,14.81315231,0.0,931.2954712,0.0,13.97987175,24.71100044,20.91100121,0.133000001,0.149000004,0.0,0.0025249523653959236,0.0,0.0,2021-09-29 00:00:00
27.539,10.966141,0.0,924.11084,0.3,14.88242,28.289,30.789,0.127,0.152,1.0,0.9953294197718302,1.0,30.30926846,2020-08-19 10:00:00
10.11100006,32.91614532,0.0,929.4920044,0.0,8.825508118,8.611000061,11.56100082,0.25,0.282000005,0.0,0.002525898783157269,0.0,0.0,2021-03-30 15:00:00
13.96100044,31.75209427,0.0,942.7745972,10.5,7.993297577,12.41100025,7.910999775,0.298999995,0.31099999,0.0,0.0025788211108495793,0.0,0.0,2021-02-21 21:00:00
10.81100082,77.64572906,0.800000012,928.8690796,100.0,10.85386562,14.31100082,13.16100025,0.194000006,0.151999995,0.0,0.002546065292942027,0.0,0.0,2020-11-18 00:00:00
21.0285,26.08918,0.0,1002.8342,1.5,2.4149535,11.328501,8.9785,0.334,0.34,1.0,0.9953111807505289,1.0,40.62354435,2023-12-16 19:00:00
7.761000156,86.56990814,0.0,935.303833,30.00000191,4.104631424,8.811000824,9.061000824,0.259000003,0.252999991,0.0,0.002610983249420921,0.0,0.0,2021-01-12 03:00:00
15.81100082,62.07349396,0.0,927.4353027,0.0,5.634891033,20.91100121,26.31100082,0.112999998,0.162,0.0,0.0025382261568059525,0.0,0.0,2023-07-04 09:00:00
20.46100044,17.92286873,0.0,935.3108521,27.0,5.860375404,18.01099968,16.76099968,0.115000002,0.143000007,0.0,0.002541743296508988,0.0,0.0,2023-10-14 18:00:00
28.695,10.063395,0.0,934.3183,2.4,14.799459,30.295,33.195,0.125,0.148,1.0,0.9953437844912211,1.0,30.18277612,2020-08-19 10:00:00
2.611000061,44.67379761,0.0,936.1339722,0.0,5.039999962,6.361000061,11.31100082,0.136999995,0.150000006,0.0,0.0025273733384286365,0.0,0.0,2020-11-10 06:00:00
18.91100121,53.14289856,0.0,926.4472656,1.799999952,14.05844975,22.21100044,23.06100082,0.133000001,0.150000006,0.0,0.0025234021401653686,0.0,0.0,2021-08-21 18:00:00
9.411000252,63.4121933,0.0,927.6428223,0.0,3.319036007,10.11100006,15.01100063,0.184,0.224999994,0.0,0.0025260000644872584,0.0,0.0,2022-05-04 12:00:00
31.967001,10.705986,0.0,979.209,0.6,14.386494,33.116997,35.816998,0.116,0.146,1.0,0.9953620235125223,1.0,30.43036857,2020-08-19 10:00:00
19.06100082,50.90116501,0.0,931.5354614,0.0,4.680000305,20.06100082,24.21100044,0.133000001,0.150999993,0.0,0.0025525991416846714,0.0,0.0,2020-09-17 09:00:00
5.111000061,66.88571167,0.0,933.053894,45.90000153,9.693296432,8.561000824,12.51100063,0.175999999,0.224999994,0.0,0.0025222346109027662,0.0,0.0,2021-04-08 12:00:00
19.56100082,60.49263382,0.0,930.9367065,0.0,7.208993912,27.21100044,26.16100121,0.133000001,0.151999995,0.0,0.0025641814960787692,0.0,0.0,2020-09-02 03:00:00
25.039999,37.00927,0.0,925.17755,31.800001,4.8433046,25.689999,30.039999,0.123,0.149,1.0,0.9952537814776102,1.0,34.34218328,2020-08-23 10:00:00
37.0775,19.052158,0.0,919.58026,26.400002,10.799999,40.0775,30.8275,0.123,0.149,1.0,0.9953609506289164,1.0,29.69771345,2020-08-18 21:00:00
12.328501,71.047264,0.0,1003.3116,18.0,12.245293,10.528501,9.778501,0.399,0.402,1.0,0.995333751042684,1.0,37.14633538,2022-11-12 19:00:00
25.66100121,23.54378891,0.0,927.4038696,0.0,3.599999905,23.36100006,27.21100044,0.133000001,0.150000006,0.0,0.0025360086389506855,0.0,0.0,2021-08-29 09:00:00
20.6985,44.2695,0.0,894.368,18.0,2.0364676,21.4485,25.398499,0.133,0.153,1.0,0.99533083041509,1.0,34.56521129,2020-08-23 10:00:00
25.21100044,27.72017479,0.0,934.2747803,14.40000057,12.24529266,26.61100006,17.76099968,0.136999995,0.162,0.0,0.0025371155934408307,0.0,0.0,2021-05-26 21:00:00
3.260999918,99.64749146,1.299999952,929.2086182,100.0,11.26978207,4.261000156,5.011000156,0.43599999,0.395000011,0.0,0.0025252963338668146,0.0,0.0,2023-02-27 06:00:00
30.713,28.084208,0.0,958.79083,27.000002,9.255571,32.813,23.512999,0.114,0.151,1.0,0.9953510959943136,1.0,34.6193925,2020-08-23 21:00:00
27.41100121,23.26577759,0.0,933.8331299,0.0,16.09968948,30.96100044,26.26099968,0.133000001,0.150000006,0.0,0.0025289643478269377,0.0,0.0,2021-09-10 21:00:00
19.9185,56.51534,0.0,963.97845,0.0,16.394829,26.868502,33.4185,0.097,0.143,1.0,0.9953617850939432,1.0,33.34498047,2020-08-21 09:00:00
34.6635,14.857795,0.0,922.7453,0.0,17.10284,37.5135,30.1635,0.127,0.152,1.0,0.9953459699948629,1.0,30.74947903,2020-08-19 21:00:00
2.010999918,99.64389801,0.0,939.0541992,100.0,17.72794342,5.111000061,7.261000156,0.398000002,0.400999993,0.0,0.002534594852477312,0.0,0.0,2023-03-24 09:00:00
17.86100006,33.12589264,0.0,926.8048706,0.0,12.97998428,21.56100082,18.21100044,0.115000002,0.145999998,0.0,0.002522739853399495,0.0,0.0,2023-10-11 21:00:00
7.31099987,92.40771484,0.0,931.0559082,6.299999714,12.84952831,11.71100044,14.76100063,0.175999999,0.216999993,0.0,0.0025244027686615786,0.0,0.0,2020-05-13 06:00:00
22.8345,21.199821,0.0,919.4939,0.9,10.009036,26.484499,30.4345,0.137,0.151,1.0,0.9953615864117941,1.0,31.16966569,2020-08-20 09:00:00
4.06099987,86.50045013,0.0,930.6373291,72.59999847,11.26978207,6.910999775,8.411000252,0.345999986,0.328999996,0.0,0.002547991850102941,0.0,0.0,2021-02-14 12:00:00
4.31099987,75.22731018,0.0,935.1890869,0.0,6.130578518,6.861000061,10.71100044,0.326999992,0.223000005,0.0,0.0025382667469481626,0.0,0.0,2022-04-17 12:00:00
8.861000061,95.37187958,0.400000006,934.1626587,36.0,19.80981255,10.11100006,8.761000633,0.34799999,0.246000007,0.0,0.002539824500369529,0.0,0.0,2021-01-05 00:00:00
22.71100044,41.63950348,0.0,930.7687378,0.0,1.60996902,18.81100082,19.71100044,0.115000002,0.165999994,0.0,0.0025502387046193085,0.0,0.0,2023-06-29 15:00:00
25.7055,19.781784,0.0,942.36676,0.0,13.698934,29.105501,32.455498,0.127,0.15,1.0,0.9953607122103373,1.0,31.19062757,2020-08-20 09:00:00
29.492,17.381815,0.0,936.03265,0.0,14.759999,30.892,26.042,0.135,0.151,1.0,0.9950680732727051,1.0,32.61246679,2020-08-20 20:00:00
24.16100121,43.18133545,0.0,932.0695801,0.0,0.80498451,20.36100006,23.36100006,0.133000001,0.153999999,0.0,0.0026210977230221033,0.0,0.0,2020-08-09 15:00:00
12.39,87.02133,0.0,1002.4976,0.0,4.8433046,10.49,13.99,0.409,0.4,1.0,0.9953453739484152,1.0,36.67918999,2021-11-12 10:00:00
2.31099987,80.27053833,0.0,929.6508789,18.0,25.34614754,8.161000252,10.11100006,0.216999993,0.240999997,0.0,0.0025216452001283565,0.0,0.0,2022-03-05 03:00:00
17.926498,62.352314,0.0,949.49915,0.0,4.0249224,19.676498,24.0765,0.134,0.154,1.0,0.9953593015670776,1.0,35.59454159,2020-08-31 09:00:00
41.069,16.096348,0.0,960.72064,27.300001,7.42159,43.469,33.369,0.116,0.146,1.0,0.9953621029853821,1.0,29.45830013,2020-08-18 21:00:00
3.81099987,53.65451813,0.0,935.1293335,0.0,5.506940842,5.511000156,8.211000443,0.342000008,0.344000012,0.0,0.0025294780110319457,0.0,0.0,2021-02-05 06:00:00
34.6785,22.111443,0.0,926.9394,21.300001,18.864824,37.7285,30.728498,0.132,0.149,1.0,0.9953492085138956,1.0,27.96533091,2020-08-17 21:00:00
32.771,23.538605,0.0,917.3379,16.800001,17.429354,35.920998,28.821,0.137,0.152,1.0,0.9953533609708151,1.0,27.5,2020-08-17 21:00:00
31.182499,26.74389,0.0,936.1378,24.300001,10.966713,30.682499,23.832499,0.138,0.154,1.0,0.9931548436482748,1.0,34.26564449,2020-08-22 20:00:00
30.3905,29.142096,0.0,944.8309,29.1,15.782622,31.4405,33.5405,0.111,0.138,1.0,0.9953605930010477,1.0,27.5,2020-08-17 10:00:00
27.560501,33.025066,0.0,915.5337,16.2,10.495713,28.2105,30.310501,0.127,0.152,1.0,0.9953573942184448,1.0,28.13723597,2020-08-18 10:00:00
30.8815,10.504234,0.0,961.0374,0.6,14.386494,32.031498,34.7315,0.116,0.146,1.0,0.9953620235125223,1.0,30.54797942,2020-08-19 10:00:00
20.71100044,38.87539673,0.0,930.236145,0.0,1.60996902,16.96100044,19.21100044,0.136999995,0.165000007,0.0,0.002567352377809584,0.0,0.0,2022-06-07 15:00:00
22.6535,55.17983,0.0,1009.16675,77.1,10.464798,23.9035,19.203499,0.179,0.309,1.0,0.9953478972117106,1.0,37.81889331,2023-04-29 19:00:00
5.210999966,92.28353882,0.0,929.5197754,29.10000038,6.369049549,9.311000824,12.41100025,0.25,0.204999998,0.0,0.002523834118619561,0.0,0.0,2022-03-31 06:00:00
15.11100006,23.36018562,0.0,926.1414795,80.1000061,15.99064636,12.21100044,11.96100044,0.123000003,0.163000003,0.0,0.0025450008688494563,0.0,0.0,2023-11-15 18:00:00
10.41100025,44.62081528,0.0,935.0707397,0.0,9.585739136,13.11100006,10.91100025,0.221000001,0.188999996,0.0,0.003018200242271026,0.0,0.0,2020-11-26 00:00:00
17.379,58.777695,0.0,923.404,0.0,2.4149535,19.629,24.079,0.134,0.153,1.0,0.9951545596122742,1.0,35.63188428,2020-08-31 09:00:00
12.86100006,40.38243866,0.0,929.4522095,0.0,7.421589851,13.76100063,16.91100121,0.231000006,0.238000005,0.0,0.002536020513313512,0.0,0.0,2020-05-24 09:00:00
19.96100044,41.99907303,0.0,929.0249634,0.0,2.41495347,16.26099968,17.96100044,0.135000005,0.159999996,0.0,0.0026200678354750075,0.0,0.0,2021-05-30 15:00:00
21.16100121,45.30846024,0.0,936.6013794,0.0,14.83007622,19.11100006,21.86100006,0.133000001,0.150999993,0.0,0.03735561451564232,0.0,0.0,2020-10-14 15:00:00
13.26100063,86.81549072,0.0,929.3818359,100.0,6.034699917,17.96100044,22.26099968,0.112999998,0.150000006,0.0,0.002531129245956739,0.0,0.0,2023-09-02 12:00:00
14.91100025,21.34167099,0.0,940.8440552,30.00000191,1.484318018,9.311000824,11.71100044,0.237000003,0.180999994,0.0,0.0028419253261138997,0.0,0.0,2023-11-22 06:00:00
7.410999775,60.05755615,0.0,932.1828003,90.00000763,7.89541626,6.31099987,7.410999775,0.391000003,0.402999997,0.0,0.0025292676485454044,0.0,0.0,2023-01-07 15:00:00
15.93,80.511185,0.0,944.11993,1.8,16.981165,23.279999,28.779999,0.136,0.157,1.0,0.9953605135281881,1.0,33.28613191,2020-08-21 09:00:00
34.9155,18.22494,0.0,953.53955,28.500002,6.4096174,36.0655,29.565498,0.116,0.146,1.0,0.9953617056210836,1.0,34.24900104,2020-08-22 20:00:00
26.498499,19.980642,0.0,955.58344,0.0,13.698934,29.8985,33.2485,0.127,0.15,1.0,0.9953619043032328,1.0,30.96092492,2020-08-20 09:00:00
9.511000633,54.79701996,0.0,931.149353,89.70000458,7.199999809,8.511000633,6.410999775,0.372999996,0.361000001,0.0,0.0025267892439539232,0.0,0.0,2020-01-20 00:00:00
13.96100044,84.33746338,0.0,929.7619019,8.099999428,4.80299902,14.06100082,9.961000443,0.35800001,0.368999988,0.0,0.002708862846096357,0.0,0.0,2022-01-07 00:00:00
25.36100006,21.62240219,0.0,933.854126,28.20000076,10.36525059,29.86100006,26.26099968,0.133000001,0.160999998,0.0,0.006242247686410944,0.0,0.0,2020-07-11 03:00:00
9.911000252,71.31921387,0.0,932.5463257,20.69999886,13.6989336,15.86100006,18.56100082,0.130999997,0.163000003,0.0,0.0025448778178542852,0.0,0.0,2021-05-18 06:00:00
34.731003,8.488879,0.0,937.7486,0.0,3.8773184,37.281002,30.781,0.132,0.15,1.0,0.9953250885009766,1.0,32.04646624,2020-08-20 20:00:00
22.16100121,14.35624504,0.0,937.5124512,0.0,10.99032211,22.91100121,16.21100044,0.177000001,0.207000002,0.0,0.0025825383296857276,0.0,0.0,2020-06-08 21:00:00
9.261000633,87.61278534,0.0,931.0766602,100.0,10.58791828,10.61100006,8.661000252,0.414000005,0.426999986,0.0,0.0025466587394475937,0.0,0.0,2023-01-09 00:00:00
26.31100082,13.42200756,0.0,934.4689941,0.0,3.054701328,20.31100082,25.66100121,0.133000001,0.150999993,0.0,0.002572327076147,0.0,0.0,2020-10-05 09:00:00
9.761000633,68.36222839,0.0,931.8620605,22.5,11.96695328,10.46100044,8.511000633,0.367000014,0.331,0.0,0.0025337430027623973,0.0,0.0,2021-02-12 21:00:00
24.11100006,24.66427231,0.0,930.4022217,2.699999809,2.902412653,21.16100121,24.46100044,0.133000001,0.155000001,0.0,0.002706461896498998,0.0,0.0,2020-07-29 15:00:00
12.11100006,72.23081207,0.0,929.6063232,9.0,2.30512476,13.31100082,15.61100006,0.150000006,0.189999998,0.0,0.0025688465296601257,0.0,0.0,2023-06-02 15:00:00
11.143001,72.04998,0.0,1001.43744,57.0,5.00128,9.843,7.793,0.371,0.38,1.0,0.9953126112620035,1.0,37.38569914,2023-03-03 19:00:00
17.81100082,39.40259171,0.0,928.0756836,0.0,8.217152596,20.16100121,25.11100006,0.143000007,0.157000005,0.0,0.002941483398899436,0.0,0.0,2022-06-25 12:00:00
36.9,20.39306,0.0,936.3874,22.2,17.673029,39.95,32.05,0.123,0.149,1.0,0.9953231414159139,1.0,27.94435461,2020-08-17 21:00:00
10.56100082,32.43074036,0.0,930.262207,0.0,18.79255104,16.16100121,18.76099968,0.127000004,0.163000003,0.0,0.0025288242225845656,0.0,0.0,2021-05-19 06:00:00
7.210999966,94.98473358,0.0,920.692688,36.0,5.81597805,7.81099987,11.76100063,0.266000003,0.232999995,0.0,0.00255585842144986,0.0,0.0,2020-03-13 12:00:00
6.7835,87.07711,0.0,997.26434,0.0,3.4152596,6.1335,9.1335,0.361,0.407,1.0,0.9953428109486898,1.0,25.0,2020-02-08 10:00:00
13.51100063,62.17403412,0.0,937.0571899,6.299999714,8.311244965,12.96100044,12.66100025,0.298000008,0.294999987,0.0,0.002579095346542696,0.0,0.0,2021-11-20 18:00:00
17.26099968,24.22013855,0.0,932.7871094,0.0,7.421589851,14.86100006,9.561000824,0.263999999,0.294,0.0,0.002543713703441123,0.0,0.0,2020-02-12 00:00:00
21.01099968,57.34986496,0.0,931.418335,54.60000229,13.13876534,24.61100006,24.96100044,0.112000003,0.149000004,0.0,0.002528779790736735,0.0,0.0,2023-08-21 18:00:00
13.71100044,35.90846252,0.0,937.9385376,29.40000153,7.235910416,15.11100006,10.66100025,0.177000001,0.185000002,0.0,0.0025602788276349506,0.0,0.0,2020-12-06 00:00:00
33.9285,18.242102,0.0,995.4611,0.0,11.252519,28.1285,23.2285,0.174,0.273,1.0,0.9953593214352926,1.0,36.91083233,2022-09-01 19:00:00
17.01099968,84.94884491,0.0,932.6265259,30.60000038,6.489992142,22.11100006,25.36100006,0.129999995,0.147,0.0,0.32649310398846865,0.0,0.0,2023-08-22 06:00:00
23.66100121,26.16132355,0.0,928.9055176,36.30000305,18.17554474,28.36100006,22.01099968,0.135000005,0.167999998,0.0,0.002527794917114079,0.0,0.0,2022-06-03 00:00:00
8.211000443,43.65006256,0.0,929.8560791,0.0,5.588702679,9.711000443,15.41100025,0.136999995,0.155000001,0.0,0.002575626519198219,0.0,0.0,2022-10-27 09:00:00
20.56100082,35.73083878,0.0,930.9306641,0.0,3.545588732,22.41100121,24.61100006,0.133000001,0.150000006,0.0,0.0025272552156820893,0.0,0.0,2021-09-05 06:00:00
32.420498,20.962162,0.0,925.36096,0.0,6.28713,34.0705,27.1205,0.137,0.15,1.0,0.995053211847941,1.0,33.72387747,2020-08-21 20:00:00
28.776001,29.88416,0.0,934.8753,8.1,11.753876,29.976,32.475998,0.123,0.149,1.0,0.9953381617863973,1.0,28.44606207,2020-08-18 10:00:00
13.163,81.48268,0.0,927.5556,1.8,6.763786,17.413,22.313,0.134,0.159,1.0,0.9947233200073242,1.0,35.41236804,2020-08-29 10:00:00
28.953001,35.22664,0.0,935.00006,0.0,14.685176,29.803,24.253,0.134,0.151,1.0,0.9938432574272156,1.0,33.69637228,2020-08-21 20:00:00
4.710999966,74.21818542,0.100000001,932.1116943,51.30000305,3.545588732,6.111000061,6.31099987,0.388999999,0.379999995,0.0,0.0025537133139247694,0.0,0.0,2020-03-25 18:00:00
19.66100121,33.88483047,0.0,935.8286133,2.400000095,16.34336662,23.01099968,17.26099968,0.180999994,0.239999995,0.0,0.0025316645624116063,0.0,0.0,2020-05-06 00:00:00
17.875502,65.52381,0.0,934.36554,27.9,1.1384199,21.0755,26.0755,0.138,0.154,1.0,0.995223879814148,1.0,32.86452702,2020-08-21 09:00:00
20.46100044,43.60489273,0.0,929.802002,8.400000572,11.43531322,22.81100082,17.06100082,0.134000003,0.160999998,0.0,0.0025626684461409845,0.0,0.0,2021-05-16 21:00:00
18.76099968,33.98516464,0.0,932.5553589,0.0,6.618518829,18.11100006,22.66100121,0.136999995,0.165000007,0.0,0.0025491825848196945,0.0,0.0,2022-10-09 09:00:00
25.56100082,40.92326355,0.0,931.2399292,0.0,14.79945946,29.86100006,20.71100044,0.133000001,0.155000001,0.0,0.0025630861443156996,0.0,0.0,2021-06-13 00:00:00
41.217,9.502043,0.0,975.7336,0.0,15.119999,43.867,34.267002,0.097,0.143,1.0,0.9953617453575134,1.0,30.70360828,2020-08-19 21:00:00
9.861000061,96.37571716,0.0,931.7080688,0.600000024,7.70433569,12.86100006,16.36100006,0.172999993,0.217999995,0.0,0.0025295112670088806,0.0,0.0,2022-05-06 12:00:00
21.21100044,16.73128319,0.0,928.2578735,0.0,8.669948578,21.46100044,24.11100006,0.133000001,0.155000001,0.0,0.002555516626064976,0.0,0.0,2021-06-17 09:00:00
5.710999966,87.58641815,0.0,934.6956787,78.0,3.21993804,6.861000061,8.861000061,0.323000014,0.328999996,0.0,0.002556852724713584,0.0,0.0,2023-12-26 06:00:00
19.86,56.500736,0.0,962.96796,0.0,16.394829,26.810001,33.36,0.097,0.143,1.0,0.9953617850939432,1.0,33.31280793,2020-08-21 09:00:00
31.91100121,25.62266159,0.0,932.6717529,4.800000191,17.5331459,36.76099777,28.86100006,0.134000003,0.150999993,0.0,0.003131706345205506,0.0,0.0,2021-07-31 00:00:00
16.76099968,72.83672333,0.0,931.2736206,0.0,6.696386814,22.61100006,25.66100121,0.131999999,0.153999999,0.0,0.018502044957131147,0.0,0.0,2022-08-07 06:00:00
18.6585,63.561497,0.0,943.70074,25.800001,13.363711,23.358501,27.608501,0.136,0.157,1.0,0.9953611095746359,1.0,33.91436148,2020-08-22 10:00:00
2.861000061,98.24279022,0.400000006,929.178833,100.0,9.38765049,4.511000156,5.06099987,0.426999986,0.35800001,0.0,0.0025235398206859827,0.0,0.0,2023-02-27 00:00:00
25.6295,14.580918,0.0,934.21265,0.6,10.931203,25.929499,28.3295,0.138,0.151,1.0,0.9951838652292887,1.0,30.12414966,2020-08-19 10:00:00
26.378,10.785633,0.0,911.63184,2.4,14.336861,27.678,30.128,0.137,0.151,1.0,0.9953617850939432,1.0,30.48899953,2020-08-19 10:00:00
32.198,19.182974,0.0,931.8933,33.600002,15.141414,33.798,26.898,0.133,0.152,1.0,0.9930887818336487,1.0,34.68046594,2020-08-23 21:00:00
4.761000156,93.23548889,0.0,927.375,45.59999847,19.82943344,7.011000156,9.211000443,0.39199999,0.323000014,0.0,0.0025238252322499952,0.0,0.0,2021-02-12 09:00:00
35.3105,8.519834,0.0,951.2113,0.0,3.8773184,37.6105,30.8605,0.127,0.15,1.0,0.9953620235125223,1.0,31.85619982,2020-08-20 20:00:00
7.81099987,93.39378357,0.0,932.026001,100.0,2.968636036,7.511000156,8.261000633,0.342000008,0.328000009,0.0,0.002553470665588975,0.0,0.0,2023-04-08 15:00:00
17.86100006,34.5780983,0.0,927.0801392,0.0,8.707237244,17.46100044,20.31100082,0.135000005,0.170000002,0.0,0.0025300992419943213,0.0,0.0,2020-06-29 15:00:00
15.86100006,64.65039063,0.0,931.4832764,9.0,6.915374279,16.56100082,18.46100044,0.222000003,0.268999994,0.0,0.002591341578712066,0.0,0.0,2020-04-29 09:00:00
13.21100044,75.17926788,0.0,933.1242065,0.0,6.151682854,13.26100063,17.26099968,0.252000004,0.177000001,0.0,0.00256961463795354,0.0,0.0,2022-09-22 15:00:00
7.861000061,97.64328003,0.0,926.1866455,100.0,5.399999619,14.51100063,17.91100121,0.152999997,0.202000007,0.0,0.002524370366397003,0.0,0.0,2023-05-24 06:00:00
3.510999918,78.43167877,0.0,935.5866089,16.79999924,7.172948837,4.910999775,7.611000061,0.319999993,0.328999996,0.0,0.0025544327218085527,0.0,0.0,2021-03-22 15:00:00
32.6205,35.782906,0.0,958.9948,0.0,13.746156,34.1205,26.2705,0.133,0.159,1.0,0.9953600366910299,1.0,35.02910756,2020-08-24 21:00:00
39.903,17.866207,0.0,950.84406,26.7,5.692099,41.953,32.403,0.132,0.15,1.0,0.9953621824582418,1.0,29.67634637,2020-08-18 21:00:00
16.36100006,35.52121735,0.0,939.0498047,0.0,5.039999962,10.86100006,9.961000443,0.243000001,0.261999995,0.0,0.0026833755740274987,0.0,0.0,2021-11-26 18:00:00
16.76099968,22.84891319,0.0,937.5102539,0.0,2.902412653,9.961000443,16.66100121,0.133000001,0.150000006,0.0,0.0025257831439375877,0.0,0.0,2020-11-04 15:00:00
14.46100044,39.83651352,0.0,935.0342407,40.80000305,2.41495347,6.960999966,11.91100025,0.189999998,0.238000005,0.0,0.002567493279154102,0.0,0.0,2020-02-28 12:00:00
14.36100006,83.82720184,0.0,930.6071167,2.699999809,4.334974289,18.41100121,24.56100082,0.133000001,0.151999995,0.0,0.0042827746365219355,0.0,0.0,2020-09-02 12:00:00
6.511000156,99.31425476,0.800000012,927.8026733,100.0,13.75557899,8.711000443,10.01100063,0.225999996,0.219999999,0.0,0.0025261824872965613,0.0,0.0,2020-03-07 21:00:00
12.66100025,83.62909698,0.0,931.5025024,83.69999695,6.725354195,14.96100044,20.71100044,0.136000007,0.150000006,0.0,0.002551474880116681,0.0,0.0,2022-09-15 15:00:00
28.36100006,24.93703842,0.0,935.4571533,0.0,7.594208241,27.31100082,23.81100082,0.114,0.149000004,0.0,0.0025490608143930635,0.0,0.0,2023-08-27 18:00:00
10.06100082,100.0,1.600000024,930.4846191,100.0,15.27774906,9.361000061,8.511000633,0.43900001,0.433999985,0.0,0.0025263510178774595,0.0,0.0,2022-12-30 18:00:00
9.611000061,80.45311737,0.0,926.2362061,28.50000191,7.771330833,18.86100006,18.91100121,0.134000003,0.162,0.0,0.0025321114808321,0.0,0.0,2021-05-16 03:00:00
34.355,17.723553,0.0,953.81665,25.2,11.212135,33.155,26.705,0.136,0.157,1.0,0.9953600168228149,1.0,34.26038808,2020-08-22 20:00:00
32.21099854,11.32066059,0.0,932.6544189,0.0,8.350137711,32.06099701,23.91100121,0.133000001,0.151999995,0.0,0.0027901402208954096,0.0,0.0,2020-09-12 21:00:00
19.504,31.297586,0.0,928.7227,0.9,5.3517847,23.754,28.054,0.135,0.151,1.0,0.995175858338674,1.0,31.16296852,2020-08-20 09:00:00
8.061000824,47.85097122,0.0,928.3487549,0.0,14.69399929,11.61100006,17.06100082,0.137999997,0.149000004,0.0,0.0025252364963913956,0.0,0.0,2021-10-11 15:00:00
13.51100063,63.46981049,0.0,933.1173096,8.400000572,5.191993713,16.66100121,14.81100082,0.26699999,0.256999999,0.0,0.0025511341712748012,0.0,0.0,2022-04-25 03:00:00
7.761000156,66.50450134,0.0,930.5477905,0.0,12.76858616,12.81100082,13.16100025,0.284000009,0.307999998,0.0,0.0025261654518544674,0.0,0.0,2023-04-12 03:00:00
12.01100063,43.79793167,0.0,932.7833252,0.0,2.160000086,10.61100006,14.81100082,0.128999993,0.149000004,0.0,0.002529477778201302,0.0,0.0,2023-11-02 09:00:00
23.36100006,33.30467606,0.0,932.5025024,30.00000191,9.007196426,30.06100082,27.61100006,0.112999998,0.152999997,0.0,0.0026846809002260366,0.0,0.0,2023-08-01 03:00:00
9.861000061,73.5766449,0.100000001,934.4537964,100.0,3.075841427,11.41100025,8.211000443,0.375,0.377000004,0.0,0.002542882847289244,0.0,0.0,2020-03-21 00:00:00
32.4265,11.114427,0.0,928.1746,0.0,10.805999,34.5765,28.976501,0.137,0.15,1.0,0.995304544766744,1.0,32.01499154,2020-08-20 20:00:00
5.660999775,91.34700012,0.0,931.7559814,1.799999952,11.92355728,11.31100082,16.61100006,0.180000007,0.209999993,0.0,0.0025269906036555767,0.0,0.0,2020-06-07 12:00:00
28.835499,32.290615,0.0,931.6213,0.0,13.627795,29.3855,23.835499,0.138,0.154,1.0,0.9951760172843933,1.0,33.62980231,2020-08-21 20:00:00
17.06100082,65.34806061,0.0,928.6047363,0.0,5.154415607,20.76099968,23.41100121,0.112999998,0.145999998,0.0,0.0025277461002891264,0.0,0.0,2023-09-06 06:00:00
19.358,32.159653,0.0,918.72424,0.0,7.2805495,23.058,28.708,0.125,0.148,1.0,0.9953538179397583,1.0,35.27741589,2020-08-27 10:00:00
20.51099968,50.26814651,0.0,931.4678955,0.0,4.213691711,22.81100082,21.41100121,0.219999999,0.175999999,0.0,0.0025327201389397183,0.0,0.0,2022-09-24 03:00:00
28.71100044,15.49050808,0.0,934.6265259,0.0,10.46479702,27.16100121,22.31100082,0.112999998,0.158000007,0.0,0.0025555482134222984,0.0,0.0,2023-07-12 18:00:00
20.96100044,48.08164597,0.0,930.6703491,0.0,8.587338448,24.66100121,25.81100082,0.133000001,0.156000003,0.0,0.0025585030283158026,0.0,0.0,2020-07-27 06:00:00
2.760999918,73.05434418,0.0,932.7099609,31.80000114,7.28944397,3.611000061,8.161000252,0.289999992,0.294,0.0,0.00252680069146057,0.0,0.0,2022-11-15 12:00:00
29.91100121,26.0474987,0.0,933.090271,1.200000048,14.00302887,34.26099777,26.36100006,0.133000001,0.151999995,0.0,0.0029158142084876695,0.0,0.0,2022-07-28 00:00:00
13.46100044,73.96432495,0.0,927.7887573,77.70000458,5.039999962,14.76100063,17.01099968,0.150999993,0.172999993,0.0,0.0025316281632209816,0.0,0.0,2023-06-10 15:00:00
21.242,20.787064,0.0,893.7883,0.9,10.009036,24.892,28.842001,0.137,0.151,1.0,0.9953616261482239,1.0,31.36427306,2020-08-20 09:00:00
20.96100044,54.2110672,0.0,924.7015991,0.0,9.227523804,27.46100044,24.66100121,0.193000004,0.211999997,0.0,0.0026064617559313774,0.0,0.0,2020-06-05 03:00:00
5.710999966,50.47092056,0.0,930.8568115,0.0,5.154415131,5.261000156,8.761000633,0.218999997,0.256999999,0.0,0.002529951239315172,0.0,0.0,2020-02-21 15:00:00
10.86100006,89.25060272,0.0,926.3201294,54.0,1.60996902,14.16100025,20.06100082,0.112999998,0.147,0.0,0.0025271024787798524,0.0,0.0,2023-09-21 15:00:00
24.71100044,37.79642487,0.0,930.6508179,0.0,9.220499039,30.81100082,24.56100082,0.133000001,0.158999994,0.0,0.0025910331945245466,0.0,0.0,2020-07-15 00:00:00
13.66100025,39.03200531,0.0,928.3947144,0.0,7.517020702,15.46100044,20.16100121,0.136999995,0.184,0.0,0.002537677491394182,0.0,0.0,2020-06-18 12:00:00
18.81100082,26.71594238,0.0,928.6229248,0.0,21.16665268,20.16100121,16.41100121,0.134000003,0.147,0.0,0.0025234040416156254,0.0,0.0,2021-10-17 21:00:00
27.21100044,24.88836098,0.0,932.2179565,8.100000381,12.09621429,27.56100082,20.51099968,0.116999999,0.149000004,0.0,0.002631297567859292,0.0,0.0,2023-10-20 21:00:00
21.2225,20.782013,0.0,893.47736,0.9,10.009036,24.8725,28.8225,0.137,0.151,1.0,0.9953616261482239,1.0,31.66464651,2020-08-20 09:00:00
17.56100082,34.12266922,0.0,930.9429321,17.70000076,6.877789497,20.76099968,24.36100006,0.134000003,0.160999998,0.0,0.0026038846311469874,0.0,0.0,2020-07-10 12:00:00
21.6385,20.889805,0.0,900.1334,0.9,10.009036,25.2885,29.2385,0.137,0.151,1.0,0.9953616261482239,1.0,31.0815673,2020-08-20 09:00:00
10.61100006,25.87552834,0.0,927.4388428,0.0,27.85990524,12.11100006,11.46100044,0.194999993,0.225999996,0.0,0.0025215329757581153,0.0,0.0,2021-01-19 21:00:00
2.111000061,94.77916718,0.0,930.867981,0.899999976,10.9489727,3.81099987,6.511000156,0.397000015,0.375999987,0.0,0.0025311902087802687,0.0,0.0,2020-03-27 06:00:00
30.446001,10.423647,0.0,953.82434,0.6,14.386494,31.595999,34.295998,0.116,0.146,1.0,0.9953620632489523,1.0,30.58519078,2020-08-19 10:00:00
19.61100006,33.75101471,0.0,931.9599609,13.50000095,9.107358932,24.96100044,27.36100006,0.112999998,0.152999997,0.0,0.0036251758380482593,0.0,0.0,2023-08-01 06:00:00
24.46100044,14.32247925,0.0,932.9755249,0.0,11.98318768,26.81100082,27.11100006,0.133000001,0.159999996,0.0,0.0034514405221367874,0.0,0.0,2020-07-12 06:00:00
25.8405,18.169825,0.0,934.8276,0.0,13.397612,28.540499,32.4405,0.123,0.149,1.0,0.9953422943751017,1.0,31.2968739,2020-08-20 09:00:00
5.261000156,87.2358017,0.0,937.2114258,0.0,11.09010315,7.31099987,11.61100006,0.298999995,0.171000004,0.0,0.0026015339341635504,0.0,0.0,2023-11-19 12:00:00
29.669498,25.371735,0.0,941.8505,6.0,12.594856,30.7195,33.4195,0.111,0.138,1.0,0.9953567981719971,1.0,28.5393396,2020-08-18 10:00:00
2.411000013,57.25610733,0.0,937.2598267,0.0,0.719999969,3.31099987,7.460999966,0.310000002,0.316000015,0.0,0.002574357087723911,0.0,0.0,2021-02-18 15:00:00
36.1655,20.214119,0.0,924.7871,22.2,17.673029,39.2155,31.3155,0.123,0.149,1.0,0.995344360669454,1.0,28.10095274,2020-08-17 21:00:00
28.3535,28.008715,0.0,946.6445,0.0,13.513193,29.303501,22.553501,0.134,0.159,1.0,0.9953595201174418,1.0,35.47156553,2020-08-29 21:00:00
32.537502,15.241723,0.0,945.87787,0.0,11.91812,35.8875,27.2875,0.125,0.151,1.0,0.9953556855519613,1.0,30.69143711,2020-08-19 21:00:00
23.31100082,27.87423897,0.0,934.1431274,0.0,9.422101021,30.56100082,27.51099968,0.112999998,0.153999999,0.0,0.002658661804161966,0.0,0.0,2023-07-30 03:00:00
28.292,9.989953,0.0,927.78046,2.4,14.799459,29.892,32.792,0.125,0.148,1.0,0.9953407645225525,1.0,30.45974971,2020-08-19 10:00:00
6.910999775,26.76718903,0.0,930.0234985,0.0,23.89326096,6.710999966,7.960999966,0.270000011,0.294,0.0,0.0025226841292654476,0.0,0.0,2022-02-02 06:00:00
-1.289000034,60.58068848,0.0,928.6326294,0.0,16.34336662,1.010999918,5.361000061,0.231999993,0.250999987,0.0,0.0025217973549539843,0.0,0.0,2022-02-23 15:00:00
26.437,20.617304,0.0,960.72266,0.0,8.049845,30.287,34.187,0.097,0.143,1.0,0.9953617850939432,1.0,31.18628661,2020-08-20 09:00:00
6.06099987,81.95329285,0.0,930.8693848,39.90000153,6.915374279,5.111000061,8.611000061,0.377999991,0.388000011,0.0,0.00256830050299565,0.0,0.0,2023-03-18 12:00:00
17.36100006,44.39457703,0.0,938.3183594,0.0,6.130578995,19.21100044,18.91100121,0.133000001,0.150000006,0.0,0.0025275260753308735,0.0,0.0,2020-11-05 03:00:00
13.146,82.30144,0.0,931.60565,9.0,10.495713,16.546001,21.046001,0.135,0.153,1.0,0.9939124385515848,1.0,35.31129184,2020-08-28 10:00:00
26.944,20.74591,0.0,969.29846,0.0,8.049845,30.794,34.694,0.097,0.143,1.0,0.9953618248303732,1.0,30.79347382,2020-08-20 09:00:00
13.31100082,57.37021637,0.0,932.3278198,0.0,12.87975216,17.61100006,19.61100006,0.158999994,0.209000006,0.0,0.0025246574465806284,0.0,0.0,2023-05-20 06:00:00
8.661000252,87.55728912,0.0,934.1958008,90.0,7.342587948,10.41100025,12.26100063,0.335000008,0.252000004,0.0,0.002530809802313646,0.0,0.0,2020-05-20 15:00:00
3.31099987,86.73430634,0.0,934.7037354,30.00000191,4.693825722,5.31099987,6.210999966,0.367000014,0.363999993,0.0,0.0025925981268907585,0.0,0.0,2022-12-15 03:00:00
24.21100044,29.42697144,0.0,930.5202026,19.20000076,17.76081085,26.71100044,19.91100121,0.134000003,0.162,0.0,0.002524695203950008,0.0,0.0,2021-05-14 21:00:00
25.56100082,24.88002205,0.0,935.3775635,0.0,4.334974289,26.26099968,19.96100044,0.133000001,0.150999993,0.0,0.002527823167232176,0.0,0.0,2020-10-11 21:00:00
15.86100006,51.08654022,0.0,935.1509399,6.300000191,2.099142551,11.36100006,11.11100006,0.222000003,0.243000001,0.0,0.0027139784457782903,0.0,0.0,2021-12-03 18:00:00
13.76100063,23.07780647,0.0,939.510437,7.500000477,9.957108498,12.86100006,7.611000061,0.217999995,0.238999993,0.0,0.0033834384909520545,0.0,0.0,2022-03-07 21:00:00
5.06099987,99.65257263,0.0,931.8510742,100.0,6.287129879,6.06099987,7.011000156,0.418000013,0.426999986,0.0,0.0025251273376246295,0.0,0.0,2023-03-23 06:00:00
10.31100082,89.2063446,0.0,924.6983032,84.0,4.843304634,15.76100063,18.31100082,0.126000002,0.147,0.0,0.002580760784136752,0.0,0.0,2023-10-01 03:00:00
13.91100025,53.84532166,0.0,931.8554077,5.399999619,12.86464882,17.36100006,12.56100082,0.254000008,0.243000001,0.0,0.00252643134444952,0.0,0.0,2023-05-11 00:00:00
4.81099987,98.27010345,0.0,935.3399658,100.0,4.693825245,5.861000061,6.361000061,0.36500001,0.352999985,0.0,0.002545625437051058,0.0,0.0,2022-12-09 12:00:00
32.46099854,12.27439594,0.0,937.0464478,0.0,9.726663589,30.26099968,24.66100121,0.138999999,0.155000001,0.0,0.18192341520140567,0.0,0.0,2022-06-27 18:00:00
17.81100082,40.66662598,0.0,932.0206909,0.0,4.843304634,17.51099968,18.11100006,0.133000001,0.150999993,0.0,0.002533979364670813,0.0,0.0,2020-10-24 18:00:00
10.46100044,85.37555695,0.0,941.492981,32.10000229,7.517020702,12.11100006,8.711000443,0.345999986,0.35800001,0.0,0.002639502752572298,0.0,0.0,2020-01-05 00:00:00
15.31100082,34.83248138,0.0,930.5970459,0.0,15.6837759,15.61100006,10.16100025,0.202999994,0.237000003,0.0,0.0025426343393822512,0.0,0.0,2022-03-09 21:00:00
30.7855,24.15073,0.0,966.4221,11.7,9.1641035,31.985498,34.235497,0.104,0.137,1.0,0.9953617056210836,1.0,28.50898062,2020-08-18 10:00:00
15.11100006,43.90753174,0.0,933.3834229,38.40000153,12.37164497,14.96100044,10.91100025,0.216999993,0.257999986,0.0,0.0025351124349981546,0.0,0.0,2022-02-14 21:00:00
23.462,25.196804,0.0,950.3002,0.9,5.1544156,24.262,28.962,0.131,0.156,1.0,0.9953621427218119,1.0,30.94617995,2020-08-20 09:00:00
4.31099987,92.88320923,0.0,929.7987061,19.79999924,3.096837044,6.06099987,9.111000061,0.349999994,0.349000007,0.0,0.002537397861791154,0.0,0.0,2023-12-23 15:00:00
30.827,9.233268,0.0,953.212,0.0,18.171976,31.877,34.477,0.115,0.145,1.0,0.9953620235125223,1.0,30.5627244,2020-08-19 10:00:00
4.361000061,94.5378952,0.0,935.112915,0.899999976,10.2962513,6.460999966,9.411000252,0.252999991,0.194000006,0.0,0.0025359565236916146,0.0,0.0,2023-12-08 06:00:00
5.460999966,66.71955872,0.0,932.0618286,0.0,6.638072014,5.460999966,8.161000252,0.26699999,0.244000003,0.0,0.002528841607272625,0.0,0.0,2021-01-01 09:00:00
27.0895,10.633644,0.0,921.0659,0.6,14.386494,28.8395,31.939499,0.123,0.149,1.0,0.9953605532646179,1.0,30.25578511,2020-08-19 10:00:00
31.844501,12.375327,0.0,927.53284,0.0,11.609651,33.8445,28.3445,0.133,0.153,1.0,0.9909460147221884,1.0,32.35796408,2020-08-20 20:00:00
20.91100121,20.47267342,0.0,932.4935303,0.0,12.18162441,21.91100121,24.21100044,0.134000003,0.164000005,0.0,0.0025559215185542903,0.0,0.0,2020-07-05 09:00:00
19.3295,81.22352,0.0,945.3579,10.200001,4.510787,22.0795,25.6295,0.133,0.159,1.0,0.9953596194585165,1.0,34.84451406,2020-08-24 10:00:00
18.36100006,31.64443016,0.0,936.9425659,0.0,3.893995285,12.86100006,6.910999775,0.344999999,0.345999986,0.0,0.002960727627699574,0.0,0.0,2021-02-05 21:00:00
16.164001,80.542885,0.0,948.14325,1.8,16.981165,23.514,29.014,0.136,0.157,1.0,0.9953617453575134,1.0,33.28576046,2020-08-21 09:00:00
12.36100006,43.74113083,0.0,930.2266235,30.00000191,8.557102203,9.511000633,9.061000824,0.218999997,0.259000003,0.0,0.002531304101770123,0.0,0.0,2022-02-20 18:00:00
6.261000156,68.35743713,0.0,931.4772949,0.0,9.511088371,11.81100082,17.36100006,0.134000003,0.156000003,0.0,0.0025366193537289896,0.0,0.0,2021-06-09 12:00:00
28.11100006,13.25609779,0.0,932.9088745,0.0,8.427383423,29.26099968,21.51099968,0.133000001,0.149000004,0.0,0.002523540131126841,0.0,0.0,2021-10-02 00:00:00
8.861000061,70.37030792,0.0,933.7052002,30.00000191,4.024922371,12.41100025,11.56100082,0.193000004,0.232999995,0.0,0.0025365345257644853,0.0,0.0,2022-03-13 03:00:00
9.711000443,80.46704102,0.0,930.2919922,24.30000114,3.096837044,13.06100082,14.51100063,0.328999996,0.337000012,0.0,0.002539493531609575,0.0,0.0,2021-11-01 03:00:00
28.21100044,26.94092941,0.0,933.3023682,0.0,9.028754234,33.01099777,25.61100006,0.114,0.150000006,0.0,0.002547807254207631,0.0,0.0,2023-08-27 00:00:00
7.361000061,98.30487823,0.100000001,928.692688,73.5,13.89152241,8.061000824,8.311000824,0.425000012,0.40200001,0.0,0.0025376899478336177,0.0,0.0,2022-12-04 09:00:00
23.71100044,43.19963455,0.0,930.7565308,0.0,3.239999771,20.01099968,24.06100082,0.133000001,0.152999997,0.0,0.00279801773528258,0.0,0.0,2020-08-12 15:00:00
27.794,46.221645,0.0,947.1102,0.0,15.646544,29.244,23.744,0.135,0.154,1.0,0.9953533808390299,1.0,35.12477734,2020-08-25 21:00:00
31.987,8.882666,0.0,921.9105,0.0,11.177405,33.837,28.186998,0.127,0.152,1.0,0.9953570564587911,1.0,32.46876897,2020-08-20 20:00:00
33.203503,22.335709,0.0,958.5118,27.300001,10.97262,31.9535,25.4535,0.133,0.16,1.0,0.9953597585360209,1.0,34.29280076,2020-08-22 20:00:00
27.81100082,30.94711876,0.0,932.3718872,0.0,15.54266167,31.71100044,22.76099968,0.133000001,0.152999997,0.0,0.002555662222827474,0.0,0.0,2021-06-25 23:00:00
27.632,27.811419,0.0,934.79926,0.0,13.513193,28.582,21.832,0.134,0.159,1.0,0.995190441608429,1.0,35.46955825,2020-08-29 21:00:00
40.281498,16.7433,0.0,976.5223,23.400002,24.48,42.6315,34.1815,0.104,0.137,1.0,0.9953617850939432,1.0,27.5,2020-08-17 21:00:00
4.111000061,55.58417892,0.0,933.3014526,0.0,9.346142769,3.460999966,9.211000443,0.248999998,0.275999993,0.0,0.002523084986023605,0.0,0.0,2021-03-01 12:00:00
10.96100044,80.64001465,0.0,930.6514893,24.59999847,15.71679306,17.26099968,20.26099968,0.142000005,0.185000002,0.0,0.0025219114031642675,0.0,0.0,2020-06-16 06:00:00
7.8485003,99.66024,0.0,999.9249,91.2,2.7416782,10.0985,14.448501,0.484,0.485,1.0,0.9953357974688212,1.0,36.67146857,2021-10-26 10:00:00
42.083,16.319191,0.0,977.1274,27.300001,7.42159,44.483,34.383,0.116,0.146,1.0,0.9953621029853821,1.0,29.52444953,2020-08-18 21:00:00
33.260498,22.960705,0.0,947.5969,0.0,7.42159,32.260498,26.2605,0.136,0.157,1.0,0.9953542153040568,1.0,33.50822195,2020-08-21 20:00:00
9.611000061,60.16906357,0.0,935.1132813,0.0,9.085988045,9.611000061,13.01100063,0.307999998,0.307000011,0.0,0.0025336056326826415,0.0,0.0,2021-11-13 15:00:00
31.182,20.724356,0.0,922.9463,0.0,13.392774,31.182,22.882,0.134,0.153,1.0,0.9953366120656332,1.0,35.37179876,2020-08-28 21:00:00
16.96100044,61.50800323,0.0,935.4562378,30.00000191,3.599999905,15.86100006,11.01100063,0.218999997,0.186000004,0.0,0.002616000478155911,0.0,0.0,2023-12-06 00:00:00
10.21100044,43.27246094,0.0,936.2941895,1.5,12.06939983,10.51100063,8.011000633,0.246000007,0.194999993,0.0,0.002560847089625895,0.0,0.0,2023-12-08 21:00:00
22.86100006,38.43091583,0.0,931.0838623,0.0,4.024922371,27.56100082,24.66100121,0.133000001,0.150000006,0.0,0.0025235628709197044,0.0,0.0,2021-09-05 03:00:00
30.7065,28.08245,0.0,958.6831,27.000002,9.255571,32.8065,23.506498,0.114,0.151,1.0,0.9953510959943136,1.0,34.62063435,2020-08-23 21:00:00
8.461000443,57.76757431,0.0,931.2097778,87.0,7.199999809,7.56099987,6.460999966,0.367000014,0.360000014,0.0,0.0025277770279596248,0.0,0.0,2020-01-20 21:00:00
13.21100044,74.42169189,0.0,936.0559692,22.5,4.896529675,8.861000061,7.710999966,0.360000014,0.363000005,0.0,0.002704259008169174,0.0,0.0,2020-01-24 18:00:00
10.61100006,41.67081451,0.0,921.2138062,84.30000305,9.832679749,12.76100063,13.36100006,0.143999994,0.150000006,0.0,0.002565345843322575,0.0,0.0,2020-11-07 21:00:00
26.8045,10.825647,0.0,912.3084,0.3,14.88242,27.5545,30.0545,0.127,0.152,1.0,0.9953608314196268,1.0,30.3173388,2020-08-19 10:00:00
6.710999966,98.97455597,0.0,925.3928223,90.0,6.638072014,12.81100082,16.11100006,0.145999998,0.188999996,0.0,0.0025260849312568703,0.0,0.0,2023-06-01 12:00:00
3.510999918,95.85015869,0.400000006,923.1644287,100.0,18.47259521,4.011000156,4.56099987,0.437999994,0.435000002,0.0,0.0025239815392221012,0.0,0.0,2023-03-01 00:00:00
27.203001,16.183147,0.0,945.0392,0.0,11.720751,29.653,33.302998,0.114,0.145,1.0,0.9953611890474955,1.0,31.56097398,2020-08-20 09:00:00
4.160999775,58.80109024,0.0,931.1240234,34.5,6.877789497,5.761000156,11.16100025,0.294999987,0.30399999,0.0,0.002534593416688343,0.0,0.0,2021-11-08 12:00:00
32.115498,23.68723,0.0,963.631,35.4,15.856354,33.5655,26.515501,0.133,0.159,1.0,0.9953605930010477,1.0,34.72949954,2020-08-23 21:00:00
10.910999,82.296074,0.0,997.1393,0.0,4.0249224,13.061,17.611,0.236,0.29,1.0,0.9953563809394836,1.0,25.0,2020-05-23 10:00:00
6.111000061,53.8825798,0.0,937.0091553,22.5,7.421589851,8.211000443,11.76100063,0.254000008,0.272000015,0.0,0.002532412724879881,0.0,0.0,2021-11-25 09:00:00
32.6815,21.534786,0.0,938.17694,27.6,13.397612,32.9315,26.731499,0.133,0.153,1.0,0.9953206578890482,1.0,34.22821553,2020-08-22 20:00:00
15.328501,89.30951,0.0,997.3934,0.0,5.0142193,20.2285,24.4785,0.174,0.278,1.0,0.9953613877296448,1.0,36.81045398,2022-07-14 10:00:00
17.11100006,44.7891655,0.0,935.1307373,0.0,6.763785839,12.66100025,6.861000061,0.312999994,0.326999992,0.0,0.0029368283382306495,0.0,0.0,2020-02-06 21:00:00
15.11100006,25.29281235,0.0,933.291748,0.0,5.241678715,13.06100082,19.21100044,0.122000001,0.155000001,0.0,0.0025726729072630405,0.0,0.0,2022-10-19 12:00:00
27.95,46.26372,0.0,949.6934,0.0,15.646544,29.4,23.9,0.135,0.154,1.0,0.9953533808390299,1.0,35.12219969,2020-08-25 21:00:00
4.960999966,83.8710556,0.0,935.0194092,1.799999952,6.725354195,6.56099987,10.86100006,0.204999998,0.150999993,0.0,0.0025443740111465254,0.0,0.0,2020-11-14 12:00:00
34.75,22.12946,0.0,928.0714,21.300001,18.864824,37.8,30.8,0.132,0.149,1.0,0.9953477382659912,1.0,27.98867569,2020-08-17 21:00:00
2.06099987,99.64403534,0.0,931.1268311,90.0,11.52562332,5.06099987,7.761000156,0.34799999,0.360000014,0.0,0.0025260507439573607,0.0,0.0,2023-02-11 09:00:00
21.907,42.694077,0.0,934.3037,25.800001,3.671294,20.207,25.157,0.133,0.151,1.0,0.7073150277137756,1.0,34.08778937,2020-08-22 10:00:00
14.8785,64.87112,0.0,1002.57806,0.0,4.5820518,9.578501,12.7285,0.277,0.35,1.0,0.9953483939170837,1.0,36.68305069,2021-11-30 10:00:00
14.21100044,48.88966751,0.0,935.1472778,15.30000019,8.654987335,13.91100025,12.46100044,0.197999999,0.246999994,0.0,0.0025662105763331056,0.0,0.0,2021-04-03 18:00:00
18.127998,62.39842,0.0,952.9587,0.0,4.0249224,19.877998,24.278,0.134,0.154,1.0,0.9953599373499552,1.0,35.59443279,2020-08-31 09:00:00
27.06100082,24.08200645,0.0,927.0281982,6.600000381,12.81923485,31.86100006,25.26099968,0.112999998,0.149000004,0.0,0.0025782824959605932,0.0,0.0,2023-08-31 21:00:00
21.86100006,32.76278305,0.0,932.8395996,0.0,1.799999952,21.81100082,27.31100082,0.133000001,0.150999993,0.0,0.0026231330897038183,0.0,0.0,2021-08-01 10:00:00
22.7395,44.838722,0.0,927.50323,18.0,2.0364676,23.4895,27.439499,0.133,0.153,1.0,0.9947895010312399,1.0,34.50036342,2020-08-23 10:00:00
-0.339000016,93.98540497,0.0,929.3842773,14.39999962,5.959060192,1.860999942,5.460999966,0.407999992,0.418000013,0.0,0.0025323789256314435,0.0,0.0,2021-12-26 15:00:00
35.6665,22.659245,0.0,918.416,26.7,14.264361,38.1665,29.716501,0.137,0.151,1.0,0.9953595002492269,1.0,29.56680849,2020-08-18 21:00:00
30.51099968,15.84013367,0.0,935.0831909,26.10000038,14.00302887,33.96099854,25.66100121,0.133000001,0.160999998,0.0,0.004192680469714105,0.0,0.0,2020-07-11 00:00:00
25.8785,43.37225,0.0,997.88904,30.6,2.9024127,23.6285,19.5285,0.179,0.312,1.0,0.9953540166219076,1.0,38.11408562,2023-06-16 19:00:00
10.76100063,73.48435974,0.0,928.4887085,28.79999924,9.779816628,17.01099968,22.31100082,0.134000003,0.155000001,0.0,0.004775653205191095,0.0,0.0,2022-07-02 12:00:00
12.11100006,57.6697464,0.0,932.9034424,30.00000191,10.07999992,9.261000633,7.111000061,0.386999995,0.395999998,0.0,0.002701105821567277,0.0,0.0,2023-03-17 18:00:00
23.96100044,35.71930313,0.0,930.5466309,0.0,10.23312283,26.86100006,27.01099968,0.112999998,0.157000005,0.0,0.002525919505084554,0.0,0.0,2023-07-15 06:00:00
30.96100044,23.38762856,0.0,933.7232056,0.0,15.59676743,32.81099701,24.26099968,0.133000001,0.152999997,0.0,0.00856894557364285,0.0,0.0,2022-07-14 21:00:00
12.16100025,99.6716156,0.100000001,928.9793701,96.59999847,9.107358932,13.76100063,16.56100082,0.149000004,0.158999994,0.0,0.0025408033203954497,0.0,0.0,2023-11-06 12:00:00
31.56100082,21.17994881,0.0,935.6237793,0.0,13.36371136,33.4109993,25.61100006,0.133000001,0.150999993,0.0,0.003231533414994677,0.0,0.0,2022-08-22 21:00:00
19.26099968,52.52349091,0.0,933.7006836,0.0,5.241678715,21.51099968,24.01099968,0.114,0.148000002,0.0,0.002525447169318795,0.0,0.0,2023-09-10 06:00:00
40.7615,16.136366,0.0,956.928,26.7,7.9036193,43.3115,33.5115,0.115,0.145,1.0,0.9953621029853821,1.0,28.75563203,2020-08-18 21:00:00
40.995502,16.187853,0.0,960.68286,26.7,7.9036193,43.5455,33.745502,0.115,0.145,1.0,0.9953621029853821,1.0,29.57557256,2020-08-18 21:00:00
36.4245,28.691265,0.0,983.1773,1.2,10.464797,41.7245,30.5245,0.084,0.13,1.0,0.9953616261482239,1.0,35.01254654,2020-08-24 21:00:00
10.61100006,87.73635864,0.0,934.8540039,37.50000381,12.41347694,14.66100025,16.71100044,0.182999998,0.244000003,0.0,0.0025353918705756464,0.0,0.0,2020-05-03 06:00:00
15.56100082,34.65371323,0.0,930.3917236,0.0,4.610249519,19.76099968,25.31100082,0.112999998,0.153999999,0.0,0.0025818125189592442,0.0,0.0,2023-07-28 12:00:00
20.21100044,44.13261414,0.0,926.796875,0.0,1.138419867,23.31100082,23.06100082,0.133000001,0.150999993,0.0,0.0025760859716683626,0.0,0.0,2020-10-22 03:00:00
2.661000013,98.5897522,0.0,931.9488525,97.80000305,3.82685256,4.410999775,7.31099987,0.40200001,0.379999995,0.0,0.002528927793415884,0.0,0.0,2020-03-25 09:00:00
30.598999,25.61918,0.0,957.1446,6.0,12.594856,31.649,34.349,0.111,0.138,1.0,0.9953616658846537,1.0,28.34362355,2020-08-18 10:00:00
25.21100044,33.48619461,0.0,935.2860718,0.0,9.531504631,28.16100121,22.36100006,0.136000007,0.163000003,0.0,0.0025666962610557675,0.0,0.0,2022-10-13 00:00:00
19.21100044,52.15803146,0.0,932.3105469,0.0,9.422101021,25.76099968,23.21100044,0.134000003,0.153999999,0.0,0.0034211474315573773,0.0,0.0,2022-07-08 03:00:00
29.51099968,11.77728844,0.0,931.9765015,0.0,12.68201828,33.36100006,25.66100121,0.133000001,0.150000006,0.0,0.002524509017045299,0.0,0.0,2022-08-27 00:00:00
13.76100063,26.57544327,0.0,936.3032227,40.80000305,9.422101021,9.761000633,6.56099987,0.303000003,0.256000012,0.0,0.0025842299995323024,0.0,0.0,2021-01-06 21:00:00
9.261000633,42.99307632,0.0,938.946167,0.0,6.489992142,6.910999775,7.660999775,0.308999985,0.244000003,0.0,0.00254462449811399,0.0,0.0,2020-12-18 18:00:00
10.46100044,49.24274826,0.0,925.1987915,74.40000153,5.014219284,8.311000824,12.01100063,0.123000003,0.163000003,0.0,0.0025292885644982257,0.0,0.0,2023-11-15 15:00:00
7.261000156,75.46788025,0.0,932.8700562,59.40000153,2.968636036,7.31099987,9.261000633,0.307000011,0.317000002,0.0,0.002530916089502474,0.0,0.0,2022-01-16 12:00:00
4.210999966,76.03049469,0.0,936.7122192,21.30000114,8.891343117,7.111000061,9.161000252,0.317999989,0.224000007,0.0,0.0025441262017314634,0.0,0.0,2020-12-15 03:00:00
5.710999966,86.36264038,0.0,927.8403931,51.29999924,18.89914322,11.96100044,14.91100025,0.196999997,0.233999997,0.0,0.0025219959982981286,0.0,0.0,2022-05-01 06:00:00
32.252,22.16918,0.0,957.64355,41.100002,19.969458,33.702,27.502,0.136,0.157,1.0,0.9953610698382059,1.0,34.75711353,2020-08-23 21:00:00
22.9605,44.899982,0.0,931.15015,18.0,2.0364676,23.7105,27.6605,0.133,0.153,1.0,0.9949039022127787,1.0,34.56100166,2020-08-23 10:00:00
21.76099968,27.05419159,0.0,930.2410889,0.0,8.913181305,24.66100121,26.26099968,0.133000001,0.150999993,0.0,0.0025245449893797436,0.0,0.0,2022-08-15 06:00:00
32.3885,31.48654,0.0,934.6987,0.0,12.261157,33.8885,26.1385,0.134,0.154,1.0,0.9898229440053304,1.0,34.97106565,2020-08-24 21:00:00
19.56100082,33.61756516,0.0,927.0814819,26.40000153,10.39022636,22.11100006,16.11100006,0.167999998,0.199000001,0.0,0.0025262214864293733,0.0,0.0,2022-03-27 00:00:00
8.211000443,29.93613052,0.0,930.3134766,57.6000061,7.636752605,7.56099987,10.51100063,0.230000004,0.26699999,0.0,0.0025221190492932997,0.0,0.0,2020-02-18 09:00:00
13.66100025,32.25691605,0.0,937.4660645,0.0,6.034699917,14.21100044,9.811000824,0.280000001,0.289000005,0.0,0.0027033165097236633,0.0,0.0,2022-11-16 00:00:00
19.997,39.756336,0.0,932.0748,2.6999998,9.290511,23.747,28.897,0.133,0.153,1.0,0.9943927129109701,1.0,33.24327017,2020-08-21 09:00:00
4.710999966,52.70306778,0.100000001,932.4772339,16.5,15.40867138,6.660999775,6.410999775,0.35800001,0.370999992,0.0,0.0025227552202219763,0.0,0.0,2023-04-03 18:00:00
7.960999966,67.26311493,0.0,934.2651978,77.40000153,9.659813881,8.211000443,6.160999775,0.412999988,0.411000013,0.0,0.0025403867087637386,0.0,0.0,2023-01-19 00:00:00
27.779,35.95539,0.0,948.64545,0.0,13.479583,28.279,23.578999,0.134,0.159,1.0,0.9953615864117941,1.0,35.22354239,2020-08-26 20:00:00
6.81099987,98.63591003,0.300000012,928.5311279,100.0,15.31587315,6.861000061,7.660999775,0.432000011,0.439999998,0.0,0.002523329652224978,0.0,0.0,2023-01-08 12:00:00
9.411000252,44.82230377,0.0,934.2316284,8.399999619,5.241678715,5.56099987,5.011000156,0.358999997,0.365999997,0.0,0.0025434893711159625,0.0,0.0,2021-12-21 18:00:00
6.210999966,98.62937927,0.800000012,922.77771,100.0,23.77363205,7.210999966,8.261000633,0.432999998,0.433999985,0.0,0.002524876811852058,0.0,0.0,2023-01-05 15:00:00
16.36100006,53.74607849,0.0,927.586792,2.699999809,1.527350664,18.61100006,23.21100044,0.133000001,0.156000003,0.0,0.002571486596328517,0.0,0.0,2020-07-25 12:00:00
12.01100063,50.57052231,0.0,934.5234375,9.0,5.804825306,9.611000061,6.611000061,0.324999988,0.340000004,0.0,0.0029309724535172186,0.0,0.0,2023-04-06 18:00:00
13.11100006,75.1623764,0.0,929.7978516,0.0,3.758510351,13.71100044,19.31100082,0.118000001,0.150999993,0.0,0.002570845225515465,0.0,0.0,2023-10-04 12:00:00
30.918001,9.249005,0.0,954.71265,0.0,18.171976,31.968002,34.568,0.115,0.145,1.0,0.9953619837760925,1.0,30.59385017,2020-08-19 10:00:00
16.8085,70.24664,0.0,936.2826,22.5,3.8773184,21.3085,26.508501,0.134,0.151,1.0,0.9952505032221476,1.0,33.2444708,2020-08-21 09:00:00
5.31099987,89.10456848,0.0,924.7056274,90.0,20.16321182,9.711000443,14.01100063,0.153999999,0.215000004,0.0,0.0025214303362493715,0.0,0.0,2023-05-01 15:00:00
4.660999775,81.47587585,0.0,938.4926758,0.300000012,7.342587948,5.410999775,9.011000633,0.214000002,0.252000004,0.0,0.0025757947781433663,0.0,0.0,2020-02-24 15:00:00
21.11100006,23.68124199,0.0,935.4859619,0.0,13.32486343,20.31100082,17.31100082,0.136000007,0.160999998,0.0,0.002547169763905307,0.0,0.0,2021-05-27 18:00:00
-0.988999963,93.95400238,0.0,927.3577881,57.30000305,2.545584202,2.760999918,6.361000061,0.36500001,0.296000004,0.0,0.002982166362926364,0.0,0.0,2021-03-11 09:00:00
21.16100121,39.67926025,0.0,933.6627197,1.800000072,9.339207649,26.26099968,27.81100082,0.133000001,0.150999993,0.0,0.0026620685045296946,0.0,0.0,2021-07-20 06:00:00
30.182,17.544497,0.0,944.8787,0.0,11.246759,30.132,23.882,0.134,0.153,1.0,0.9953580300013224,1.0,35.69389569,2020-08-31 20:00:00
28.46100044,7.702002525,0.0,938.4274292,14.40000057,5.959060192,24.96100044,17.01099968,0.133000001,0.150000006,0.0,0.0025231936015188694,0.0,0.0,2020-11-01 21:00:00
31.7445,20.650858,0.0,938.6037,36.0,15.683774,33.3445,26.4945,0.134,0.154,1.0,0.9940847953160604,1.0,34.70336752,2020-08-23 21:00:00
2.56099987,96.50460052,0.0,931.4619141,6.900000095,6.130578995,4.210999966,7.410999775,0.391000003,0.368000001,0.0,0.0025410941258693733,0.0,0.0,2022-12-07 06:00:00
7.210999966,98.3028717,0.0,935.7815552,51.29999924,8.089992523,8.511000633,11.16100025,0.197999999,0.150999993,0.0,0.0025419556380560002,0.0,0.0,2020-11-14 09:00:00
35.6705,28.489952,0.0,970.6565,1.2,10.464797,40.9705,29.7705,0.084,0.13,1.0,0.9953607519467672,1.0,35.02734041,2020-08-24 21:00:00
8.661000252,71.3276062,0.0,933.4638672,8.400000572,10.51421833,7.511000156,12.06100082,0.193000004,0.151999995,0.0,0.002555939252488315,0.0,0.0,2020-11-16 12:00:00
15.01100063,34.11729813,0.0,933.3554688,2.700000048,6.989935875,15.11100006,9.911000252,0.219999999,0.25999999,0.0,0.0025536991888657212,0.0,0.0,2020-02-20 00:00:00
30.26099968,26.85640907,0.0,934.8359985,23.40000153,13.78381729,32.01099777,25.46100044,0.133000001,0.152999997,0.0,0.3175724819302559,0.0,0.0,2020-08-13 21:00:00
19.7685,34.518467,0.0,991.4558,0.0,3.7064266,16.6185,20.6185,0.181,0.302,1.0,0.9953465263048807,1.0,25.0,2020-06-18 10:00:00
1.06099999,60.47987747,0.0,935.9311523,7.800000191,8.049844742,2.361000061,6.660999775,0.248999998,0.200000003,0.0,0.002539393841288984,0.0,0.0,2023-12-09 15:00:00
12.16100025,51.70349884,0.0,930.1700439,1.799999952,5.351784706,15.71100044,22.06100082,0.133000001,0.149000004,0.0,0.0025240377678225436,0.0,0.0,2021-09-27 12:00:00
18.36100006,45.61092758,0.0,934.5568237,0.0,3.758510351,21.11100006,19.61100006,0.112000003,0.142000005,0.0,0.0025309199700132012,0.0,0.0,2023-10-16 03:00:00
24.01099968,22.53431511,0.0,927.7105713,0.0,2.620839357,24.41100121,28.76099968,0.133000001,0.150000006,0.0,0.0027040173299610615,0.0,0.0,2022-09-05 12:00:00
35.455498,11.652071,0.0,966.84607,0.0,5.3999996,39.6555,32.3555,0.097,0.143,1.0,0.9953619837760925,1.0,31.96057021,2020-08-20 20:00:00
16.81100082,47.75624847,0.0,932.1129761,1.799999952,4.896529675,17.06100082,20.61100006,0.134000003,0.165000007,0.0,0.0026835260602335134,0.0,0.0,2020-07-03 15:00:00
24.504,43.420403,0.0,961.4233,9.6,7.8954163,27.704,31.754,0.097,0.142,1.0,0.9953619440396627,1.0,34.49558726,2020-08-23 10:00:00
8.211000443,66.60281372,0.0,927.2947388,29.70000076,13.00990295,15.86100006,16.71100044,0.156000003,0.194000006,0.0,0.0025229232075313726,0.0,0.0,2022-04-11 03:00:00
11.06100082,92.00396729,0.0,927.2011719,23.39999962,12.86464882,16.66100121,23.31100082,0.136000007,0.150000006,0.0,0.0029803204039732614,0.0,0.0,2022-09-14 09:00:00
3.111000061,99.64706421,0.0,926.6974487,100.0,11.11928082,4.011000156,5.861000061,0.333999991,0.340000004,0.0,0.0025264240878944597,0.0,0.0,2020-01-16 09:00:00
14.824,91.03388,0.0,1002.0274,44.1,4.802999,17.824,21.724,0.166,0.264,1.0,0.9953588843345642,1.0,36.98547264,2022-10-07 10:00:00
6.960999966,93.99712372,0.0,928.2094727,0.600000024,4.896529675,10.66100025,14.11100006,0.312000006,0.180000007,0.0,0.002525630445840458,0.0,0.0,2021-10-23 12:00:00
24.361,38.726185,0.0,918.40216,12.3,5.00128,23.661,27.711,0.127,0.152,1.0,0.9953592816988627,1.0,34.3412453,2020-08-23 10:00:00
5.460999966,54.30799866,0.0,932.8844604,3.300000191,5.860375404,7.56099987,12.11100006,0.142000005,0.153999999,0.0,0.0025434493630503616,0.0,0.0,2023-11-11 12:00:00
29.502,9.719888,0.0,931.90515,0.0,16.363178,30.202,32.402,0.132,0.15,1.0,0.9952226281166077,1.0,29.94476751,2020-08-19 10:00:00
20.003,56.536427,0.0,965.4405,0.0,16.394829,26.953001,33.503,0.097,0.143,1.0,0.9953617850939432,1.0,33.1184819,2020-08-21 09:00:00
34.3765,15.431395,0.0,939.91626,0.0,18.39878,36.0765,28.176498,0.137,0.151,1.0,0.9953493475914001,1.0,30.65808646,2020-08-19 21:00:00
32.596497,20.299776,0.0,939.53375,27.900002,12.4811535,32.096497,25.6965,0.134,0.154,1.0,0.995343824227651,1.0,34.29895008,2020-08-22 20:00:00
29.154001,17.24051,0.0,969.1006,0.0,3.671294,30.504,34.354,0.104,0.137,1.0,0.9953619043032328,1.0,31.58566524,2020-08-20 09:00:00
28.4805,10.0242815,0.0,930.83386,2.4,14.799459,30.0805,32.9805,0.125,0.148,1.0,0.9953296184539795,1.0,30.18476537,2020-08-19 10:00:00
35.663498,11.692123,0.0,970.2763,0.0,5.3999996,39.8635,32.5635,0.097,0.143,1.0,0.9953619837760925,1.0,31.86099851,2020-08-20 20:00:00
20.0565,75.32766,0.0,974.69446,4.5,21.794127,24.456501,30.206501,0.084,0.13,1.0,0.9953616261482239,1.0,35.04706044,2020-08-25 09:00:00
25.51099968,7.128045559,0.0,932.6060181,0.0,14.65425396,27.56100082,19.21100044,0.134000003,0.165999994,0.0,0.002576930681243539,0.0,0.0,2021-05-09 00:00:00
9.811000824,52.17802811,0.0,933.7070313,86.09999847,8.825508118,10.46100044,8.461000443,0.360000014,0.31400001,0.0,0.0025359445329134664,0.0,0.0,2022-11-09 21:00:00
12.1855,94.546135,0.0,989.2013,84.6,11.726277,18.435501,23.9855,0.184,0.304,1.0,0.995357871055603,1.0,25.0,2020-06-05 10:00:00
26.664501,20.675007,0.0,964.5631,0.0,8.049845,30.514502,34.414497,0.097,0.143,1.0,0.9953617850939432,1.0,30.96993324,2020-08-20 09:00:00
2.260999918,51.61997986,0.0,935.3878174,9.600000381,6.608721733,3.210999966,6.56099987,0.312999994,0.328999996,0.0,0.0025576476473361254,0.0,0.0,2020-02-05 06:00:00
21.06100082,48.59513092,0.0,928.5852661,0.0,3.599999905,25.61100006,28.16100121,0.133000001,0.150999993,0.0,0.002586143440566957,0.0,0.0,2022-08-21 06:00:00
22.6405,55.176567,0.0,1008.9337,77.1,10.464798,23.8905,19.190498,0.179,0.309,1.0,0.9953478972117106,1.0,37.81037677,2023-04-29 19:00:00
34.718998,17.808575,0.0,959.76544,25.2,11.212135,33.518997,27.069,0.136,0.157,1.0,0.9953587055206299,1.0,34.25465142,2020-08-22 20:00:00
13.31100082,90.63311768,0.0,925.3647461,68.09999847,9.693295479,18.01099968,23.51099968,0.115999997,0.152999997,0.0,0.0025994255750750503,0.0,0.0,2023-09-01 15:00:00
7.2025,69.0466,0.0,1008.9945,0.0,0.8049845,4.7525,8.502501,0.478,0.491,1.0,0.9953280091285706,1.0,37.24542683,2023-02-07 10:00:00
26.866001,20.72612,0.0,967.9751,0.0,8.049845,30.716002,34.615997,0.097,0.143,1.0,0.9953618248303732,1.0,30.8977354,2020-08-20 09:00:00
30.848,24.249327,0.0,962.5436,0.0,14.799459,30.698,23.298,0.134,0.158,1.0,0.9953596790631613,1.0,35.56315317,2020-08-30 21:00:00
26.4055,37.64417,0.0,926.0024,16.8,6.618519,26.5055,29.8555,0.137,0.152,1.0,0.9949552814165751,1.0,28.35112677,2020-08-18 10:00:00
26.46100044,34.64393234,0.0,932.2086792,0.0,6.21456337,25.31100082,22.11100006,0.112999998,0.147,0.0,0.0025260879968603453,0.0,0.0,2023-09-14 18:00:00
24.51099968,22.10531044,0.0,931.1502075,0.0,10.70356941,27.01099968,21.81100082,0.133000001,0.150000006,0.0,0.002521399719019731,0.0,0.0,2021-09-02 21:00:00
21.96100044,62.24846268,0.0,929.1000977,17.40000153,1.080000043,23.51099968,27.26099968,0.133000001,0.151999995,0.0,0.5011717254916827,1.0,0.0,2020-08-24 09:00:00
26.91100121,20.3722477,0.0,940.1431274,27.30000114,11.60965061,26.41100121,16.26099968,0.136999995,0.180999994,0.0,0.015251048219700655,0.0,0.0,2021-04-29 21:00:00
27.31100082,22.12672424,0.0,929.4840698,28.80000114,7.70433569,27.11100006,29.46100044,0.112999998,0.155000001,0.0,0.003275633013496796,0.0,0.0,2023-07-23 09:00:00
9.811000824,92.23929596,0.0,927.1174316,46.50000381,4.024922371,14.56100082,16.71100044,0.147,0.193000004,0.0,0.002523255185224116,0.0,0.0,2023-05-29 06:00:00
11.71100044,34.40626144,0.0,937.734375,4.800000191,6.638072014,7.910999775,7.710999966,0.273999989,0.257999986,0.0,0.002541730490823587,0.0,0.0,2021-01-09 18:00:00
13.01100063,58.50447083,0.0,929.036499,51.89999771,3.70642662,12.56100082,8.461000443,0.246999994,0.179000005,0.0,0.0025531494757160544,0.0,0.0,2023-11-29 21:00:00
26.31100082,27.54446411,0.0,929.2269287,0.0,7.208993912,30.91100121,27.11100006,0.133000001,0.150999993,0.0,0.0025303832177693644,0.0,0.0,2022-08-16 03:00:00
32.499,22.232014,0.0,961.7212,41.100002,19.969458,33.949,27.749,0.136,0.157,1.0,0.9953599770863851,1.0,34.79080927,2020-08-23 21:00:00
28.1945,9.972213,0.0,926.2046,2.4,14.799459,29.7945,32.6945,0.125,0.148,1.0,0.9953495264053345,1.0,30.58460173,2020-08-19 10:00:00
27.31100082,29.08103752,0.0,930.5878906,20.40000153,3.599999905,26.31100082,27.51099968,0.112999998,0.157000005,0.0,0.0026511306641623378,0.0,0.0,2023-07-17 15:00:00
5.511000156,91.65748596,0.400000006,919.1895752,100.0,21.25219917,7.06099987,9.561000824,0.432999998,0.432999998,0.0,0.0025479785399511456,0.0,0.0,2023-01-01 06:00:00
23.5285,49.09841,0.0,995.0062,0.0,11.923557,21.9785,17.2285,0.231,0.329,1.0,0.9953467051188151,1.0,37.97123951,2023-05-14 19:00:00
22.11100006,40.0860939,0.0,932.0794067,1.800000072,6.638072014,23.76099968,28.06100082,0.133000001,0.150999993,0.0,0.10428419522941113,0.0,0.0,2021-08-15 12:00:00
7.160999775,98.97823334,0.5,929.274292,100.0,8.404285431,8.811000824,9.811000824,0.338999987,0.317999989,0.0,0.002525265522611638,0.0,0.0,2021-02-12 03:00:00
11.41100025,74.36174774,0.0,922.6310425,1.200000048,10.79999924,14.21100044,12.81100082,0.26699999,0.231000006,0.0,0.0025691730358327427,0.0,0.0,2020-03-13 03:00:00
35.787,11.715924,0.0,972.31726,0.0,5.3999996,39.987,32.687,0.097,0.143,1.0,0.9953619837760925,1.0,31.93823515,2020-08-20 20:00:00
17.01099968,32.05762482,0.0,930.0583496,0.0,8.404284477,20.21100044,21.31100082,0.136999995,0.184,0.0,0.0025384516144792237,0.0,0.0,2020-06-18 06:00:00
35.4015,8.534655,0.0,952.6872,0.0,3.8773184,37.7015,30.9515,0.127,0.15,1.0,0.9953620235125223,1.0,31.95590285,2020-08-20 20:00:00
34.3795,6.0972967,0.0,924.1197,0.0,2.9024127,37.529503,30.4795,0.125,0.148,1.0,0.9953397313753763,1.0,32.31233346,2020-08-20 20:00:00
18.4325,21.145903,0.0,1005.44885,0.0,13.570615,15.032499,10.782499,0.209,0.323,1.0,0.9953363339106241,1.0,36.57366403,2021-03-01 20:00:00
7.960999966,88.70793152,0.0,924.6609497,9.899999619,6.638072014,12.71100044,16.71100044,0.143999994,0.189999998,0.0,0.002530126910035809,0.0,0.0,2023-06-01 09:00:00
23.6445,49.291046,0.0,969.677,1.5,14.039999,26.7445,31.0945,0.084,0.13,1.0,0.9953616658846537,1.0,34.49113751,2020-08-23 10:00:00
21.0285,26.08918,0.0,1002.8342,1.5,2.4149535,11.328501,8.9785,0.334,0.34,1.0,0.9953111807505289,1.0,40.54118263,2023-12-16 19:00:00
13.528501,63.256218,0.0,998.4674,0.0,6.4096174,16.4285,20.1285,0.175,0.295,1.0,0.9953547120094299,1.0,36.76798622,2022-05-23 10:00:00
18.86100006,51.36643982,0.0,934.2342529,25.80000114,12.76858616,26.76099968,23.96100044,0.134000003,0.153999999,0.0,0.03886781384547552,0.0,0.0,2022-07-09 03:00:00
9.361000061,57.99731064,0.0,930.3736572,24.30000114,2.18979454,8.911000252,11.76100063,0.187999994,0.224000007,0.0,0.002547911019064486,0.0,0.0,2020-03-04 09:00:00
6.81099987,38.13850403,0.0,933.8344116,0.0,7.517020702,6.81099987,9.561000824,0.256999999,0.244000003,0.0,0.0025264250968272486,0.0,0.0,2020-12-23 09:00:00
29.4945,9.462914,0.0,946.22894,2.1000001,17.917007,30.9445,34.0445,0.111,0.138,1.0,0.9953609108924866,1.0,30.3978471,2020-08-19 10:00:00
7.7785,89.92476,0.0,994.87726,26.099998,10.009036,9.278501,11.828501,0.307,0.337,1.0,0.9953529636065165,1.0,36.58395924,2021-03-25 10:00:00
13.06100082,99.02455139,0.0,925.0197754,86.3999939,4.213691711,16.36100006,20.26099968,0.112000003,0.144999996,0.0,0.002545541307578484,0.0,0.0,2023-10-10 12:00:00
20.9545,40.721977,0.0,917.6391,10.200001,5.1165614,22.254501,26.9545,0.133,0.153,1.0,0.9953454732894897,1.0,34.18350037,2020-08-22 10:00:00
17.46100044,51.34127808,0.0,932.4751587,0.0,1.799999952,15.71100044,17.31100082,0.158000007,0.207000002,0.0,0.00254060262038062,0.0,0.0,2023-05-21 15:00:00
21.96100044,41.00798798,0.0,929.8348999,0.0,2.620839357,26.26099968,24.31100082,0.133000001,0.150999993,0.0,0.0025299362605437636,0.0,0.0,2020-09-21 03:00:00
31.3055,24.28695,0.0,975.1437,11.7,9.1641035,32.505497,34.755497,0.104,0.137,1.0,0.9953617850939432,1.0,28.20508004,2020-08-18 10:00:00
9.261000633,73.46824646,0.0,941.142334,3.600000143,4.379589081,9.211000443,9.361000061,0.331,0.349999994,0.0,0.0026057767293726406,0.0,0.0,2022-01-11 03:00:00
25.06100082,25.09645271,0.0,934.3275146,0.0,11.87454414,25.36100006,24.51099968,0.133000001,0.150999993,0.0,0.00253839825745672,0.0,0.0,2021-08-05 18:00:00
19.36100006,46.04758453,0.0,933.5444336,2.699999809,9.178235054,19.61100006,18.51099968,0.112999998,0.147,0.0,0.0025236967485398054,0.0,0.0,2023-09-23 18:00:00
16.726,87.70679,0.0,951.052,0.0,6.924738,21.075998,25.175999,0.134,0.159,1.0,0.9953617453575134,1.0,35.18222636,2020-08-26 09:00:00
26.36,38.26159,0.0,957.6903,0.0,12.538134,26.560001,22.26,0.138,0.163,1.0,0.9953575531641642,1.0,35.24644397,2020-08-26 20:00:00
32.33,22.189016,0.0,958.9298,41.100002,19.969458,33.780003,27.58,0.136,0.157,1.0,0.9953610698382059,1.0,34.78341809,2020-08-23 21:00:00
23.76099968,33.99644089,0.0,930.8618164,0.0,9.178235054,22.26099968,18.21100044,0.167999998,0.214000002,0.0,0.0025252500005687275,0.0,0.0,2023-05-18 18:00:00
21.983,20.979084,0.0,905.6759,0.9,10.009036,25.633,29.583,0.137,0.151,1.0,0.9953616658846537,1.0,31.03065775,2020-08-20 09:00:00
22.7585,42.933273,0.0,948.56213,25.800001,3.671294,21.0585,26.0085,0.133,0.151,1.0,0.9953615069389343,1.0,34.08521557,2020-08-22 10:00:00
2.210999966,87.88518524,0.0,925.9683838,0.0,7.65370512,5.06099987,6.460999966,0.389999986,0.400999993,0.0,0.002528795972466469,0.0,0.0,2022-01-01 03:00:00
3.611000061,65.09632111,0.0,933.4244385,0.0,4.334974289,6.111000061,7.410999775,0.356000006,0.372999996,0.0,0.002557678807837268,0.0,0.0,2023-01-24 03:00:00
20.91100121,54.73889542,0.0,930.3815308,27.30000114,11.54247761,26.16100121,22.36100006,0.135000005,0.164000005,0.0,0.0025301976517463722,0.0,0.0,2023-06-18 03:00:00
11.56100082,74.38793182,0.0,929.1749268,0.0,6.696386814,14.76100063,18.21100044,0.123000003,0.147,0.0,0.002538377302698791,0.0,0.0,2023-10-02 06:00:00
15.9985,73.42585,0.0,946.5876,0.9,5.0528407,19.998499,25.0985,0.134,0.153,1.0,0.9953613877296448,1.0,35.79215796,2020-09-01 10:00:00
5.861000061,48.65668488,0.0,929.8043823,0.0,16.73516083,7.210999966,9.861000061,0.209999993,0.241999999,0.0,0.0025207193102687597,0.0,0.0,2022-03-10 15:00:00
4.460999966,59.53717041,0.0,937.2445679,37.20000076,2.620839357,4.06099987,8.711000443,0.218999997,0.261000007,0.0,0.002546823777568837,0.0,0.0,2022-02-18 15:00:00
28.259,15.277094,0.0,979.14056,0.6,10.966713,30.909,34.608997,0.104,0.144,1.0,0.995361864566803,1.0,29.87514348,2020-08-19 10:00:00
12.46100044,72.5426178,0.0,937.5827637,30.00000191,1.799999952,8.561000824,7.31099987,0.335999995,0.328999996,0.0,0.0027774611953645945,0.0,0.0,2022-12-23 18:00:00
3.161000013,91.17796326,0.0,936.0280762,58.79999924,10.5940361,3.710999966,7.861000061,0.250999987,0.194999993,0.0,0.0025468083719412484,0.0,0.0,2023-12-08 15:00:00
30.308,9.864211,0.0,945.02295,0.0,16.363178,31.008,33.208,0.132,0.15,1.0,0.9953616261482239,1.0,30.34844204,2020-08-19 10:00:00
33.1925,16.85526,0.0,923.8961,0.0,7.42159,35.892498,27.2925,0.124,0.148,1.0,0.9946567813555399,1.0,35.37958392,2020-08-28 21:00:00
36.7545,20.768488,0.0,937.6554,26.7,15.778516,39.1545,31.2045,0.132,0.149,1.0,0.995357076327006,1.0,29.13158784,2020-08-18 21:00:00
17.51099968,20.51118469,0.0,935.6078491,4.200000286,0.719999969,13.71100044,8.011000633,0.252000004,0.266000003,0.0,0.0029474988114088774,0.0,0.0,2022-11-22 21:00:00
33.739998,14.1985,0.0,898.31775,0.0,16.78156,36.239998,28.640001,0.137,0.15,1.0,0.9953605930010477,1.0,30.67763012,2020-08-19 21:00:00
11.11100006,43.69504929,0.0,934.4484863,0.0,6.696386814,8.311000824,11.61100006,0.237000003,0.273999989,0.0,0.0025266880014290414,0.0,0.0,2021-03-31 15:00:00
2.510999918,81.77359009,0.0,925.1462402,8.099999428,5.495161057,6.31099987,9.211000443,0.26699999,0.298999995,0.0,0.0025445244585474334,0.0,0.0,2023-04-14 12:00:00
26.362501,10.741388,0.0,905.2649,0.3,14.88242,27.112501,29.612501,0.127,0.152,1.0,0.9953611890474955,1.0,30.15142786,2020-08-19 10:00:00
6.611000061,56.45629883,0.0,936.8838501,84.6000061,6.638072014,7.410999775,7.511000156,0.270000011,0.245000005,0.0,0.002549192557732264,0.0,0.0,2020-12-31 03:00:00
21.514,61.94605,0.0,968.76373,3.0,0.5091169,23.314001,26.914,0.241,0.277,1.0,0.9953613877296448,1.0,34.37022863,2020-08-23 10:00:00
31.448002,12.295802,0.0,921.2131,0.0,11.609651,33.448,27.948,0.133,0.153,1.0,0.9953467051188151,1.0,32.56659605,2020-08-20 20:00:00
2.361000061,81.45632935,0.0,930.3964844,59.10000229,6.409617424,3.06099987,7.31099987,0.25999999,0.254999995,0.0,0.002531912294216454,0.0,0.0,2021-12-12 09:00:00
29.030499,32.34484,0.0,934.78723,0.0,13.627795,29.5805,24.030499,0.138,0.154,1.0,0.9952391584714254,1.0,33.68841074,2020-08-21 20:00:00
9.161000252,62.23818588,0.0,930.7730713,0.0,10.43999958,14.96100044,18.66100121,0.136999995,0.159999996,0.0,0.002544086154860755,0.0,0.0,2022-06-19 06:00:00
17.11100006,63.63790894,0.0,928.3431396,0.0,3.096837044,20.81100082,25.16100121,0.133000001,0.151999995,0.0,0.002764383563771844,0.0,0.0,2021-07-03 09:00:00
30.807999,10.808587,0.0,902.626,0.0,10.805999,32.958,27.358002,0.137,0.15,1.0,0.9953596989313761,1.0,32.54378074,2020-08-20 20:00:00
6.761000156,64.8669281,0.0,931.7165527,100.0,6.489992142,7.960999966,5.761000156,0.361000001,0.301999986,0.0,0.002526909423371156,0.0,0.0,2021-03-11 21:00:00
8.011000633,86.8945694,0.0,933.9139404,60.00000381,4.024922371,7.210999966,8.411000252,0.326999992,0.326999992,0.0,0.002548684172021846,0.0,0.0,2022-12-23 06:00:00
26.443,11.176309,0.0,912.6117,0.0,9.0,25.393,28.593,0.137,0.152,1.0,0.9953579505284628,1.0,30.5024576,2020-08-19 10:00:00
27.424501,10.985892,0.0,928.4968,2.4,14.336861,28.7245,31.174501,0.137,0.151,1.0,0.9953294396400452,1.0,30.19506059,2020-08-19 10:00:00
5.111000061,96.91265869,0.0,935.7955322,88.5,4.198285103,5.861000061,8.811000824,0.229000002,0.180000007,0.0,0.0025607547722756863,0.0,0.0,2023-12-02 09:00:00
19.51099968,31.7487812,0.0,929.270874,0.0,2.18979454,18.66100121,21.91100121,0.136000007,0.156000003,0.0,0.08265470465024312,0.0,0.0,2022-10-21 06:00:00
35.694,8.582367,0.0,957.4435,0.0,3.8773184,37.994,31.244,0.127,0.15,1.0,0.9953620235125223,1.0,31.9049933,2020-08-20 20:00:00
27.256,20.825066,0.0,974.60675,0.0,8.049845,31.106,35.005997,0.097,0.143,1.0,0.9953619043032328,1.0,31.17634032,2020-08-20 09:00:00
36.593502,28.736353,0.0,986.0012,1.2,10.464797,41.8935,30.693499,0.084,0.13,1.0,0.9953616261482239,1.0,34.90947074,2020-08-24 21:00:00
22.6525,21.15264,0.0,916.52625,0.9,10.009036,26.3025,30.2525,0.137,0.151,1.0,0.9953615864117941,1.0,31.01591278,2020-08-20 09:00:00
16.01099968,61.70142365,0.0,931.4333496,0.0,1.835646987,13.81100082,18.61100006,0.118000001,0.150999993,0.0,0.0025541363672042885,0.0,0.0,2023-10-04 15:00:00
26.113,37.561813,0.0,921.26025,16.8,6.618519,26.213001,29.563,0.137,0.152,1.0,0.9953451951344808,1.0,28.46960573,2020-08-18 10:00:00
22.71100044,37.10107422,0.0,928.9312744,9.899999619,13.32486343,26.46100044,20.46100044,0.112999998,0.147,0.0,0.002521896113952001,0.0,0.0,2023-09-21 21:00:00
25.41100121,17.60997963,0.0,932.1202393,0.0,12.10157013,25.51099968,26.91100121,0.133000001,0.150999993,0.0,0.0025404730113223195,0.0,0.0,2020-10-04 06:00:00
20.96100044,23.2135582,0.0,929.2011108,0.0,11.60965061,26.06100082,21.96100044,0.135000005,0.169,0.0,0.002542566585664948,0.0,0.0,2022-06-02 03:00:00
25.796999,18.159264,0.0,932.58215,0.0,14.512064,28.897,32.847,0.125,0.148,1.0,0.9953425923983256,1.0,31.74059625,2020-08-20 09:00:00
26.892,20.732718,0.0,968.4161,0.0,8.049845,30.742,34.642,0.097,0.143,1.0,0.9953618248303732,1.0,30.9769568,2020-08-20 09:00:00
12.96100044,79.83396912,0.0,933.4199829,0.0,8.766572952,16.71100044,15.11100006,0.307000011,0.250999987,0.0,0.0025536628672853112,0.0,0.0,2020-05-21 03:00:00
37.406,12.637019,0.0,934.91254,0.0,14.689588,40.255997,32.455997,0.125,0.148,1.0,0.9953353802363077,1.0,30.70712006,2020-08-19 21:00:00
22.81100082,33.60975647,0.0,927.1201172,1.799999952,10.38398743,23.91100121,25.91100121,0.133000001,0.152999997,0.0,0.004095629866545399,0.0,0.0,2021-06-27 09:00:00
25.66100121,37.43436432,0.0,930.8979492,0.0,5.241678715,30.36100006,26.76099968,0.133000001,0.152999997,0.0,0.004380659355471532,0.0,0.0,2020-08-13 03:00:00
30.36100006,24.20395279,0.0,932.4675293,0.0,14.26436138,33.01099777,25.31100082,0.133000001,0.151999995,0.0,0.007175735430791974,0.0,0.0,2022-07-26 21:00:00
27.061,20.775587,0.0,971.28625,0.0,8.049845,30.911001,34.810997,0.097,0.143,1.0,0.9953618248303732,1.0,30.9946245,2020-08-20 09:00:00
34.0265,22.6965,0.0,914.55255,15.3,18.59845,37.226498,29.6265,0.128,0.152,1.0,0.9953605135281881,1.0,27.5,2020-08-17 21:00:00
12.71100044,44.3190155,0.0,936.0969238,0.0,2.41495347,6.761000156,11.06100082,0.232999995,0.254000008,0.0,0.002651999859760205,0.0,0.0,2021-11-29 15:00:00
1.31099999,93.38665771,0.0,928.6152954,57.89999771,11.18320084,4.960999966,7.361000061,0.400999993,0.407000005,0.0,0.0025334921277438602,0.0,0.0,2021-12-15 03:00:00
21.992,37.022602,0.0,972.8686,0.0,7.342588,26.292,32.792,0.104,0.137,1.0,0.9953619440396627,1.0,32.832921,2020-08-21 09:00:00
26.3165,19.93499,0.0,952.5369,0.0,13.698934,29.716501,33.066498,0.127,0.15,1.0,0.9953619043032328,1.0,30.89585945,2020-08-20 09:00:00
26.91100121,19.17251968,0.0,929.5652466,0.0,12.0317564,30.21100044,23.36100006,0.112000003,0.145999998,0.0,0.0025476786928872266,0.0,0.0,2023-10-09 00:00:00
16.51099968,44.61890411,0.0,932.3052368,0.0,8.587338448,16.16100121,24.16100121,0.133000001,0.151999995,0.0,0.0025565673519546785,0.0,0.0,2020-09-11 12:00:00
12.41100025,54.01581955,0.0,937.5684204,1.5,5.759999752,8.211000443,8.011000633,0.282000005,0.298999995,0.0,0.002545396836164097,0.0,0.0,2022-01-19 18:00:00
21.71100044,32.49212265,0.0,925.8190918,0.0,2.41495347,26.46100044,28.06100082,0.133000001,0.153999999,0.0,0.4365883618593216,0.0,0.0,2021-06-20 06:00:00
4.960999966,66.60939026,0.0,932.3693237,0.0,3.70642662,8.261000633,10.31100082,0.187999994,0.179000005,0.0,0.0025296090558792153,0.0,0.0,2023-11-26 03:00:00
26.6345,10.547805,0.0,913.75336,0.6,14.386494,28.3845,31.484499,0.123,0.149,1.0,0.9953610698382059,1.0,30.24221824,2020-08-19 10:00:00
31.979,23.651804,0.0,961.36835,35.4,15.856354,33.429,26.379002,0.133,0.159,1.0,0.9953605930010477,1.0,34.75687341,2020-08-23 21:00:00
27.369001,10.68649,0.0,925.5811,0.6,14.386494,29.119001,32.218998,0.123,0.149,1.0,0.9953521688779196,1.0,30.50760521,2020-08-19 10:00:00
17.76099968,33.33509445,0.0,928.4290771,0.0,4.394360065,16.36100006,21.26099968,0.136000007,0.156000003,0.0,0.0047134670894593,0.0,0.0,2022-10-21 09:00:00
32.7655,22.299799,0.0,966.13684,41.100002,19.969458,34.2155,28.015501,0.136,0.157,1.0,0.9953598578770956,1.0,34.79220881,2020-08-23 21:00:00
2.760999918,90.49939728,0.0,932.2533569,27.60000229,7.594208241,4.011000156,8.161000252,0.238999993,0.180999994,0.0,0.002530162145073215,0.0,0.0,2023-12-01 15:00:00
19.06100082,44.87467575,0.0,927.4972534,11.40000057,0.719999969,18.16100121,23.86100006,0.133000001,0.150000006,0.0,0.002577841941577693,0.0,0.0,2022-08-29 12:00:00
9.361000061,70.71643066,0.0,932.5698242,29.70000076,3.096837044,13.81100082,13.11100006,0.293000013,0.224000007,0.0,0.0025327857195710144,0.0,0.0,2022-04-18 03:00:00
20.915,56.019943,0.0,983.97327,0.0,13.5515,27.215,32.965,0.102,0.13,1.0,0.9953617453575134,1.0,33.23943199,2020-08-21 09:00:00
13.46100044,61.10022736,0.0,931.7286987,9.300000191,2.41495347,11.01100063,14.46100044,0.180999994,0.202000007,0.0,0.0025860542664304376,0.0,0.0,2022-03-25 15:00:00
16.16100121,35.84759903,0.0,938.7190552,1.200000048,3.82685256,14.36100006,9.111000061,0.216999993,0.25999999,0.0,0.002745361921067039,0.0,0.0,2022-02-18 21:00:00
31.0355,26.615059,0.0,945.2,26.7,10.538843,30.7355,24.1855,0.137,0.153,1.0,0.99535204966863,1.0,34.24924116,2020-08-22 20:00:00
14.06100082,97.12097168,0.0,929.7897339,100.0,10.70356941,16.36100006,18.66100121,0.136999995,0.166999996,0.0,0.002546057919971645,0.0,0.0,2022-06-05 15:00:00
11.16100025,33.47985458,0.0,923.4758301,17.40000153,14.00765514,16.26099968,19.91100121,0.142000005,0.189999998,0.0,0.0025515514813984432,0.0,0.0,2022-05-20 12:00:00
2.911000013,94.4750061,0.0,929.2851563,22.79999924,7.993296623,6.210999966,9.661000252,0.252000004,0.282000005,0.0,0.0025283833189556995,0.0,0.0,2023-04-18 12:00:00
18.96100044,40.71356964,0.0,932.1508789,23.10000038,1.60996902,15.76100063,12.36100006,0.230000004,0.207000002,0.0,0.0025396643904969096,0.0,0.0,2022-04-02 18:00:00
8.561000824,100.0,0.0,927.854126,90.0,5.937272072,12.96100044,15.91100025,0.150999993,0.195999995,0.0,0.0025249239212522903,0.0,0.0,2023-05-27 12:00:00
1.010999918,91.69249725,0.0,926.3328247,60.60000229,5.399999619,3.111000061,6.160999775,0.405000001,0.398999989,0.0,0.0025292006709302464,0.0,0.0,2020-03-18 09:00:00
39.353,17.563227,0.0,940.6957,25.500002,5.771239,42.603,32.503,0.125,0.148,1.0,0.9953612287839254,1.0,28.72191619,2020-08-18 21:00:00
11.96100044,94.53675842,0.0,932.2196045,100.0,8.435069084,13.51100063,12.21100044,0.237000003,0.165999994,0.0,0.0025252283861239753,0.0,0.0,2022-11-06 00:00:00
27.2525,35.807617,0.0,939.9545,0.0,13.479583,27.7525,23.0525,0.134,0.159,1.0,0.9953434268633524,1.0,35.23232926,2020-08-26 20:00:00
26.239,10.717883,0.0,903.30475,0.3,14.88242,26.989,29.489,0.127,0.152,1.0,0.9953611095746359,1.0,30.20723176,2020-08-19 10:00:00
19.81100082,50.08017349,0.0,929.8109131,0.899999976,10.51421833,21.61100006,15.46100044,0.150000006,0.195999995,0.0,0.00252554410447677,0.0,0.0,2023-05-26 21:00:00
16.36100006,29.62284279,0.0,937.857666,29.40000153,5.623379707,13.16100025,8.561000824,0.275999993,0.284000009,0.0,0.0028982654912397265,0.0,0.0,2022-11-17 21:00:00
20.5005,49.595684,0.0,943.6993,17.1,9.885262,25.0005,29.8505,0.127,0.15,1.0,0.9953595995903015,1.0,33.98444324,2020-08-22 10:00:00
12.21100044,76.8142395,0.0,929.5431519,82.79999542,9.605998039,16.71100044,21.56100082,0.134000003,0.155000001,0.0,0.0029937155777588487,0.0,0.0,2022-07-02 15:00:00
8.411000252,39.35625076,0.0,933.3908081,0.0,4.843304634,6.56099987,9.511000633,0.272000015,0.246000007,0.0,0.002527828444726765,0.0,0.0,2020-12-21 06:00:00
8.261000633,70.7489624,0.0,929.8708496,30.00000191,6.830519199,10.66100025,14.01100063,0.291999996,0.298999995,0.0,0.0025302073918282986,0.0,0.0,2021-11-17 09:00:00
27.96100044,28.76846695,0.0,935.6308594,0.0,13.20272636,31.31100082,24.41100121,0.133000001,0.149000004,0.0,0.002535827380294601,0.0,0.0,2021-09-23 00:00:00
13.11100006,75.41654968,0.0,923.3848267,28.20000076,12.32441425,19.96100044,25.16100121,0.134000003,0.170000002,0.0,0.0036353999748826027,0.0,0.0,2020-06-28 09:00:00
5.81099987,87.28862762,0.0,935.6395264,27.30000114,5.154415131,6.960999966,8.761000633,0.370999992,0.36500001,0.0,0.0025757553909594813,0.0,0.0,2020-01-23 09:00:00
36.816498,20.714706,0.0,931.01776,26.1,6.193674,39.0165,30.8665,0.132,0.149,1.0,0.9953460494677225,1.0,27.5,2020-08-16 22:00:00
30.5785,19.733013,0.0,1000.99445,0.0,15.137133,27.7785,23.7785,0.174,0.28,1.0,0.9953610698382059,1.0,36.80015877,2022-06-28 19:00:00
21.31100082,49.1532135,0.0,933.9782715,0.0,13.24682617,19.16100121,12.26100063,0.301999986,0.317000002,0.0,0.002525443211197853,0.0,0.0,2023-04-10 21:00:00
26.589,10.539234,0.0,913.0244,0.6,14.386494,28.339,31.439,0.123,0.149,1.0,0.9953610698382059,1.0,30.54411872,2020-08-19 10:00:00
23.488,25.203873,0.0,950.7381,0.9,5.1544156,24.288,28.988,0.131,0.156,1.0,0.9953621427218119,1.0,31.34789226,2020-08-20 09:00:00
-1.088999987,93.60355377,0.0,927.8739624,0.899999976,8.049844742,2.760999918,5.56099987,0.349999994,0.32100001,0.0,0.002527792976858715,0.0,0.0,2021-03-16 12:00:00
10.26100063,75.19159698,0.0,939.6955566,50.40000153,3.396233082,9.961000443,8.761000633,0.256999999,0.254000008,0.0,0.0025942539796233177,0.0,0.0,2021-01-13 03:00:00
14.06100082,81.87111664,0.0,934.4634399,27.89999962,9.511088371,16.51099968,20.41100121,0.134000003,0.149000004,0.0,0.0026845368168627224,0.0,0.0,2021-09-19 15:00:00
30.96100044,15.49324322,0.0,931.6973877,0.0,7.28944397,28.51099968,24.06100082,0.133000001,0.150999993,0.0,0.0025599218206480145,0.0,0.0,2022-08-15 18:00:00
9.761000633,84.43054199,0.0,926.4623413,68.69999695,4.679999828,14.16100025,18.66100121,0.115999997,0.167999998,0.0,0.0025255422418316207,0.0,0.0,2023-06-27 12:00:00
13.81100082,90.07395935,0.0,926.9708252,0.0,4.334974289,17.51099968,22.06100082,0.112999998,0.147,0.0,0.002537414780817926,0.0,0.0,2023-09-20 09:00:00
19.76099968,46.31620407,0.0,931.449585,25.20000076,7.594207287,18.61100006,15.11100006,0.169,0.215000004,0.0,0.002527275627168516,0.0,0.0,2020-05-16 18:00:00
34.36100006,12.88334751,0.0,922.2183228,13.20000076,15.14141369,39.4109993,31.96100044,0.133000001,0.150000006,0.0,0.3755057652791341,0.0,0.0,2022-09-10 00:00:00
19.292,42.24361,0.0,903.3049,8.099999,5.3999996,21.942,27.542,0.127,0.152,1.0,0.9953577319780985,1.0,32.87131046,2020-08-21 09:00:00
17.96100044,53.79776001,0.0,934.9974365,18.0,6.569382668,17.81100082,12.06100082,0.35800001,0.370000005,0.0,0.002537267282605171,0.0,0.0,2020-04-13 21:00:00
-0.488999993,97.83669281,0.0,932.7125854,45.89999771,8.654987335,3.210999966,6.011000156,0.352999985,0.36500001,0.0,0.002533633766385416,0.0,0.0,2023-04-04 12:00:00
40.2645,17.13453,0.0,957.2108,24.300001,12.224107,43.4645,33.7145,0.111,0.138,1.0,0.9953617850939432,1.0,29.83442034,2020-08-18 21:00:00
8.611000061,85.76448822,0.0,931.0706787,0.0,6.130578518,12.86100006,17.01099968,0.136999995,0.155000001,0.0,0.0027777045809974274,0.0,0.0,2022-10-26 06:00:00
26.7285,45.63664,0.0,996.9513,43.5,7.9526596,26.0285,24.0785,0.174,0.276,1.0,0.9953527649243673,1.0,36.83104441,2022-07-30 19:00:00
2.411000013,73.25769043,0.0,943.1947632,2.699999809,7.928177834,4.410999775,7.511000156,0.347000003,0.356000006,0.0,0.0027241117786616087,0.0,0.0,2020-01-05 15:00:00
12.21100044,51.90104675,0.0,932.1992188,89.40000153,5.904438972,11.76100063,13.01100063,0.187999994,0.237000003,0.0,0.00252436970671018,0.0,0.0,2020-02-29 09:00:00
6.960999966,68.01570129,0.0,928.5752563,0.0,6.489992142,8.811000824,9.611000061,0.215000004,0.201000005,0.0,0.002524443940880398,0.0,0.0,2023-12-13 03:00:00
21.66100121,27.70951462,0.0,936.7354736,28.80000114,3.396233082,12.71100044,11.41100025,0.228,0.246000007,0.0,0.0025522831516961255,0.0,0.0,2021-12-02 18:00:00
21.668999,70.93822,0.0,967.17834,6.6000004,12.979984,25.019,29.869,0.084,0.13,1.0,0.9953613877296448,1.0,34.89249705,2020-08-24 10:00:00
28.1455,27.951857,0.0,943.2172,0.0,13.513193,29.0955,22.3455,0.134,0.159,1.0,0.9953571359316508,1.0,35.43531468,2020-08-29 21:00:00
16.66100121,42.97407913,0.0,937.0239258,0.0,4.334974289,10.81100082,13.21100044,0.224999994,0.247999996,0.0,0.002642471770135065,0.0,0.0,2021-11-29 06:00:00
17.51099968,19.52187729,0.0,930.7458496,0.0,7.559999466,16.46100044,23.21100044,0.112999998,0.148000002,0.0,0.002520937977048258,0.0,0.0,2023-09-11 12:00:00
21.968,70.99375,0.0,972.3448,6.6000004,12.979984,25.318,30.168001,0.084,0.13,1.0,0.9953616261482239,1.0,34.82298566,2020-08-24 10:00:00
15.91100025,31.6221962,0.0,936.8153687,0.0,5.091168404,14.71100044,10.66100025,0.257999986,0.179000005,0.0,0.002968462804953257,0.0,0.0,2023-11-20 21:00:00
7.7785,85.67656,0.0,997.8256,31.8,16.704155,11.328501,15.6285,0.193,0.309,1.0,0.9953551093737284,1.0,36.73838747,2022-04-11 10:00:00
38.4109993,8.550972939,0.0,930.3859253,21.30000114,7.695919991,37.4109993,24.56100082,0.133000001,0.153999999,0.0,0.002684578027886649,0.0,0.0,2021-06-17 21:00:00
15.544,64.58032,0.0,998.62665,3.0,7.145796,14.194,16.944,0.249,0.36,1.0,0.9953492879867554,1.0,25.0,2020-04-25 11:00:00
18.06100082,53.09968567,0.0,931.8139038,14.10000038,11.50311279,23.26099968,19.81100082,0.142000005,0.184,0.0,0.002524139708839357,0.0,0.0,2020-06-15 03:00:00
15.96100044,59.63425446,0.0,930.6859131,8.099999428,8.854828835,20.71100044,25.81100082,0.133000001,0.153999999,0.0,0.005100389321645101,0.0,0.0,2020-08-04 09:00:00
8.511000633,49.95903778,0.0,932.5053711,0.0,2.519999981,8.411000252,5.511000156,0.388999999,0.386000007,0.0,0.0027640555053949356,0.0,0.0,2022-12-13 22:00:00
20.86100006,38.91837311,0.0,932.7557373,0.0,7.100309849,17.46100044,13.11100006,0.219999999,0.261000007,0.0,0.002523926979241272,0.0,0.0,2023-04-22 18:00:00
4.31099987,46.76218796,0.0,930.1641235,0.0,18.62630463,5.56099987,6.710999966,0.333999991,0.342000008,0.0,0.002524646813981235,0.0,0.0,2023-02-14 18:00:00
27.1945,10.900173,0.0,918.55994,0.3,14.88242,27.9445,30.4445,0.127,0.152,1.0,0.995360791683197,1.0,30.60741704,2020-08-19 10:00:00
25.16100121,21.34031296,0.0,927.1826172,0.0,6.43987608,26.81100082,28.31100082,0.133000001,0.150000006,0.0,0.002590301951083044,0.0,0.0,2021-08-30 06:00:00
12.61100006,32.06738281,0.0,932.4042358,0.0,5.154415131,15.06100082,15.91100025,0.136999995,0.155000001,0.0,0.0027343882635856667,0.0,0.0,2022-10-28 03:00:00
20.81100082,29.61083603,0.0,927.9675293,0.0,5.001279831,21.66100121,25.86100006,0.133000001,0.155000001,0.0,0.0028469108510762453,0.0,0.0,2020-07-29 10:00:00
26.66100121,25.08829308,0.0,932.4442139,0.0,8.913181305,25.76099968,21.36100006,0.134000003,0.166999996,0.0,0.002567291958257556,0.0,0.0,2020-06-30 18:00:00
32.1609993,23.2233429,0.0,932.918335,0.0,7.70433569,35.4109993,26.21100044,0.133000001,0.150000006,0.0,0.0025729312716672816,0.0,0.0,2022-09-01 00:00:00
7.910999775,76.91682434,0.0,927.8475952,56.09999847,5.001279831,8.561000824,7.910999775,0.409000009,0.418000013,0.0,0.0025396926406150064,0.0,0.0,2023-03-20 18:00:00
30.31100082,17.57493401,0.0,931.7185059,13.80000019,5.860375404,30.31100082,22.26099968,0.133000001,0.150999993,0.0,0.002525260051091512,0.0,0.0,2020-09-20 21:00:00
7.611000061,99.32023621,0.5,927.0283203,100.0,14.24162865,9.161000252,11.66100025,0.323000014,0.231000006,0.0,0.002524189534597099,0.0,0.0,2022-04-21 12:00:00
15.759,64.193726,0.0,996.083,0.0,7.628263,19.008999,23.258999,0.174,0.265,1.0,0.995358387629191,1.0,36.66503407,2021-10-05 10:00:00
28.91100121,20.65867996,0.0,932.0084839,0.0,14.03999901,29.91100121,21.71100044,0.136999995,0.180999994,0.0,0.004543881630524993,0.0,0.0,2020-06-19 21:00:00
18.51099968,59.4475441,0.0,930.5600586,90.0,9.0,21.81100082,17.41100121,0.158999994,0.182999998,0.0,0.002521893591620028,0.0,0.0,2023-06-08 00:00:00
28.6785,28.097506,0.0,952.0201,0.0,13.513193,29.6285,22.8785,0.134,0.159,1.0,0.9953612685203552,1.0,35.43762583,2020-08-29 21:00:00
15.16100025,54.54964066,0.0,931.1969604,0.0,4.553679466,13.36100006,17.96100044,0.232999995,0.177000001,0.0,0.0025869431362176933,0.0,0.0,2022-09-23 15:00:00
28.919,48.17904,0.0,958.11865,1.8000001,10.883676,31.869,26.419,0.138,0.154,1.0,0.995361864566803,1.0,35.13343673,2020-08-25 21:00:00
8.766,35.499943,0.0,963.3879,0.0,12.6462,6.916,6.166,0.322,0.333,1.0,0.9952945113182068,1.0,37.32650165,2023-02-15 19:00:00
8.711000443,67.9023819,0.0,934.4849854,26.40000153,7.412853241,9.311000824,13.76100063,0.307999998,0.307000011,0.0,0.002528542342285315,0.0,0.0,2021-11-13 12:00:00
9.411000252,46.84425735,0.0,930.7541504,0.0,2.545584202,2.161000013,3.760999918,0.345999986,0.349999994,0.0,0.0026058173971250653,0.0,0.0,2022-12-18 18:00:00
15.51100063,62.63751221,0.0,930.1027222,0.0,9.199390411,19.96100044,24.86100006,0.133000001,0.151999995,0.0,0.002667462336830795,0.0,0.0,2021-07-06 09:00:00
3.960999966,84.3528595,0.0,931.5205688,0.0,6.638072014,3.510999918,6.81099987,0.305000007,0.32100001,0.0,0.0025425766361877322,0.0,0.0,2020-02-07 15:00:00
9.761000633,98.00693512,0.300000012,927.0114746,100.0,16.32352829,11.31100082,14.01100063,0.307000011,0.217999995,0.0,0.002520805651632448,0.0,0.0,2020-05-18 15:00:00
26.21100044,30.39758873,0.0,933.0635986,0.0,8.089993477,24.86100006,19.71100044,0.134000003,0.163000003,0.0,0.002545185658770303,0.0,0.0,2023-06-17 18:00:00
30.6655,9.928467,0.0,950.88916,0.0,16.363178,31.3655,33.5655,0.132,0.15,1.0,0.9953621029853821,1.0,29.97248843,2020-08-19 10:00:00
25.16100121,41.08307648,0.0,930.3085327,3.599999905,13.78381729,27.16100121,19.11100006,0.143999994,0.173999995,0.0,0.0025413634333138666,0.0,0.0,2023-06-14 21:00:00
20.0875,56.557503,0.0,966.9038,0.0,16.394829,27.0375,33.5875,0.097,0.143,1.0,0.9953617850939432,1.0,33.00410148,2020-08-21 09:00:00
25.11100006,27.21487045,0.0,930.4793091,0.0,11.54247761,29.66100121,24.21100044,0.133000001,0.150999993,0.0,0.0025276176165789366,0.0,0.0,2020-10-08 00:00:00
33.585,16.769516,0.0,953.427,0.0,9.255571,35.885,29.985,0.116,0.146,1.0,0.9953617056210836,1.0,33.88535179,2020-08-21 20:00:00
15.61100006,24.58683777,0.0,930.2219238,4.200000286,16.2678566,20.16100121,15.21100044,0.133000001,0.162,0.0,0.0025218609953299165,0.0,0.0,2021-05-20 21:00:00
13.41100025,56.40538025,0.0,923.9267578,84.90000153,11.21213531,13.26100063,9.161000252,0.246999994,0.273000002,0.0,0.002595161631082495,0.0,0.0,2021-03-03 21:00:00
17.51099968,68.77667236,0.0,931.112793,0.0,9.605998039,23.86100006,26.01099968,0.133000001,0.158000007,0.0,0.002645412382359306,0.0,0.0,2020-07-20 06:00:00
4.06099987,86.50045013,0.0,930.0891724,0.0,3.599999905,4.910999775,6.160999775,0.335000008,0.342000008,0.0,0.002562869146155814,0.0,0.0,2022-12-19 03:00:00
13.51100063,79.64484406,0.0,930.7349854,65.40000153,12.0317564,12.26100063,11.86100006,0.201000005,0.162,0.0,0.0025273209903389215,0.0,0.0,2023-11-16 18:00:00
17.21100044,43.28244019,0.0,929.9298706,0.0,12.66156387,22.36100006,24.41100121,0.133000001,0.157000005,0.0,0.002545973868109286,0.0,0.0,2021-06-05 06:00:00
16.76099968,27.93935204,0.0,935.309082,0.0,5.091168404,14.56100082,9.511000633,0.233999997,0.252999991,0.0,0.0032564139692112803,0.0,0.0,2022-11-26 21:00:00
8.111000061,97.31593323,0.0,932.4797974,63.0,11.59289455,8.661000252,8.761000633,0.354999989,0.365999997,0.0,0.002551504837659498,0.0,0.0,2020-01-02 06:00:00
13.96100044,58.33563614,0.0,932.9692383,9.0,12.96499825,20.71100044,24.81100082,0.112999998,0.152999997,0.0,0.0026009539142251015,0.0,0.0,2023-08-03 06:00:00
35.7135,8.585549,0.0,957.76105,0.0,3.8773184,38.0135,31.2635,0.127,0.15,1.0,0.9953620235125223,1.0,32.20362212,2020-08-20 20:00:00
11.36100006,50.03076172,0.0,931.7734985,0.0,3.758510351,10.91100025,13.91100025,0.224999994,0.26699999,0.0,0.002528886621197065,0.0,0.0,2021-04-01 09:00:00
8.961000443,87.28552246,0.0,936.8452759,100.0,6.952754498,9.511000633,11.41100025,0.187000006,0.231000006,0.0,0.0025802579475566745,0.0,0.0,2022-03-15 12:00:00
26.16100121,24.09558868,0.0,934.3381348,0.0,15.61752892,29.11100006,23.46100044,0.134000003,0.155000001,0.0,0.004361212796842058,0.0,0.0,2022-06-30 21:00:00
21.865,62.02581,0.0,974.84406,3.0,0.5091169,23.665,27.265,0.241,0.277,1.0,0.9953613877296448,1.0,34.37022863,2020-08-23 10:00:00
13.11100006,61.65300751,0.0,929.2481689,48.59999847,10.30883026,16.96100044,21.16100121,0.112999998,0.158999994,0.0,0.0025346471617619195,0.0,0.0,2023-07-10 09:00:00
11.76100063,34.93820953,0.0,935.5509033,9.600000381,10.49571323,11.41100025,6.31099987,0.351000011,0.365999997,0.0,0.0026525731664150953,0.0,0.0,2023-03-27 21:00:00
34.1665,17.679544,0.0,950.74744,25.2,11.212135,32.9665,26.5165,0.136,0.157,1.0,0.9953599770863851,1.0,34.2856684,2020-08-22 20:00:00
34.21099854,15.23391342,0.0,932.5040894,0.0,13.49399853,37.51099777,28.21100044,0.112999998,0.156000003,0.0,0.0028958412973831096,0.0,0.0,2023-07-17 21:00:00
28.1425,9.962755,0.0,925.3648,2.4,14.799459,29.7425,32.6425,0.125,0.148,1.0,0.9953498840332031,1.0,30.58974934,2020-08-19 10:00:00
5.660999775,99.65425873,0.0,928.7396851,100.0,4.379589081,7.960999966,10.06100082,0.301999986,0.228,0.0,0.0025248659076169133,0.0,0.0,2023-05-05 06:00:00
25.66100121,22.40565491,0.0,929.6106567,0.0,12.26115704,31.26099968,28.61100006,0.133000001,0.150000006,0.0,0.00254917253429691,0.0,0.0,2022-09-03 03:00:00
21.86100006,34.04133606,0.0,936.8810425,0.0,14.04461479,22.66100121,16.11100006,0.180000007,0.238999993,0.0,0.0025601754120240607,0.0,0.0,2020-05-05 21:00:00
26.804,12.08664,0.0,927.8086,0.3,9.904906,24.904001,27.654001,0.138,0.155,1.0,0.9951151808102926,1.0,29.86648409,2020-08-19 10:00:00
4.410999775,82.61602783,0.0,927.6359253,100.0,7.78799057,6.761000156,9.661000252,0.186000004,0.219999999,0.0,0.0025239055200169482,0.0,0.0,2021-01-22 09:00:00
30.1005,24.053257,0.0,950.1691,0.0,14.799459,29.9505,22.5505,0.134,0.158,1.0,0.9953599969546,1.0,35.58954784,2020-08-30 21:00:00
13.4165,81.51585,0.0,931.88007,1.8,6.763786,17.6665,22.5665,0.134,0.159,1.0,0.9939671556154887,1.0,35.40606486,2020-08-29 10:00:00
33.67,23.065596,0.0,954.2718,0.0,7.42159,32.67,26.67,0.136,0.157,1.0,0.9953579107920328,1.0,33.46304905,2020-08-21 20:00:00
14.081,73.08391,0.0,914.05756,0.9,5.0528407,18.081,23.181,0.134,0.153,1.0,0.9952837427457174,1.0,35.79006441,2020-09-01 10:00:00
41.875,16.273438,0.0,973.7436,27.300001,7.42159,44.275,34.175,0.116,0.146,1.0,0.9953621029853821,1.0,29.47222494,2020-08-18 21:00:00
14.528501,56.300255,0.0,994.39716,0.0,4.32,16.5785,20.5785,0.175,0.294,1.0,0.9953577518463135,1.0,36.60197587,2021-05-11 10:00:00
22.8865,21.213305,0.0,920.3433,0.9,10.009036,26.536499,30.4865,0.137,0.151,1.0,0.995361347993215,1.0,31.47180629,2020-08-20 09:00:00
12.61100006,28.75482368,0.0,924.9845581,0.0,9.686609268,14.96100044,19.26099968,0.141000003,0.187999994,0.0,0.0025299943905944624,0.0,0.0,2022-05-21 09:00:00
1.710999966,91.40732574,0.0,934.0320435,29.70000076,3.758510351,3.861000061,6.011000156,0.365999997,0.363999993,0.0,0.0025391545689975223,0.0,0.0,2022-12-15 06:00:00
9.011000633,80.36920166,0.200000003,932.5594482,100.0,12.10157013,10.21100044,10.11100006,0.237000003,0.197999999,0.0,0.0025229941432674727,0.0,0.0,2022-04-14 21:00:00
12.36100006,58.75170135,0.0,929.4022827,0.0,12.97998428,14.76100063,10.31100082,0.296999991,0.324999988,0.0,0.002524813637137413,0.0,0.0,2020-04-04 00:00:00
29.51099968,33.34861755,0.0,931.2401733,0.0,14.79945946,31.76099968,24.26099968,0.165999994,0.219999999,0.0,0.0035228224393601217,0.0,0.0,2020-05-29 00:00:00
31.015,25.729853,0.0,964.05426,6.0,12.594856,32.065,34.765,0.111,0.138,1.0,0.9953617056210836,1.0,28.31195291,2020-08-18 10:00:00
10.298,52.311058,0.0,1007.0904,2.6999998,11.620809,9.998,8.548,0.404,0.445,1.0,0.9953008492787679,1.0,37.46934776,2023-04-04 19:00:00
26.36100006,32.57839203,0.0,931.4471436,0.0,10.49571323,25.51099968,27.21100044,0.133000001,0.150000006,0.0,0.0025250703717271485,0.0,0.0,2021-09-08 09:00:00
30.508,25.59497,0.0,955.63855,6.0,12.594856,31.558,34.258,0.111,0.138,1.0,0.9953616658846537,1.0,28.56143901,2020-08-18 10:00:00
17.76099968,33.93725967,0.0,941.2729492,0.0,6.287129879,13.66100025,7.861000061,0.256999999,0.284000009,0.0,0.002751898136921227,0.0,0.0,2022-02-07 21:00:00
21.61100006,49.07032394,0.0,932.9564819,0.0,8.587338448,25.06100082,25.91100121,0.109999999,0.150000006,0.0,0.002521543220306436,0.0,0.0,2023-08-13 06:00:00
12.76100063,57.23086929,0.0,930.7980957,2.099999905,12.22410679,19.21100044,18.31100082,0.153999999,0.195999995,0.0,0.0025234129279851913,0.0,0.0,2022-05-17 03:00:00
40.6965,16.122068,0.0,955.8872,26.7,7.9036193,43.2465,33.4465,0.115,0.145,1.0,0.9953621029853821,1.0,29.4573993,2020-08-18 21:00:00
3.760999918,86.16113281,0.0,932.3737793,36.29999924,12.68201828,7.011000156,8.461000443,0.344999999,0.330000013,0.0,0.0026156905417641005,0.0,0.0,2021-02-16 12:00:00
3.81099987,99.99999237,0.0,923.345459,100.0,15.13713264,7.511000156,9.861000061,0.300999999,0.317000002,0.0,0.0025284167689581714,0.0,0.0,2021-03-25 12:00:00
13.578501,92.76123,0.0,994.83276,15.299999,6.2145634,19.0285,23.3285,0.174,0.275,1.0,0.9953590035438538,1.0,36.61098418,2021-06-03 10:00:00
24.81100082,27.13237381,0.0,928.2867432,1.800000072,4.198285103,27.56100082,28.36100006,0.133000001,0.150999993,0.0,0.0027245349095513425,0.0,0.0,2022-08-17 06:00:00
0.811000049,92.01344299,0.0,935.6713867,5.100000381,6.763785839,4.31099987,7.460999966,0.377000004,0.391000003,0.0,0.002568083582445979,0.0,0.0,2021-12-18 06:00:00
18.36100006,41.2539444,0.0,934.6485596,30.00000191,5.315336227,12.41100025,10.06100082,0.224999994,0.243000001,0.0,0.0025710642027358213,0.0,0.0,2022-03-02 18:00:00
8.161000252,100.0,0.0,929.9330444,90.0,3.599999905,10.51100063,11.71100044,0.368999988,0.381999999,0.0,0.002526703989133239,0.0,0.0,2020-04-12 09:00:00
13.66100025,80.1998291,0.400000006,921.9806519,100.0,21.38593864,14.61100006,18.61100006,0.202000007,0.150000006,0.0,0.0025871175651748977,0.0,0.0,2022-09-18 18:00:00
21.96100044,43.58304977,0.0,926.8955688,0.0,15.69616508,26.81100082,23.36100006,0.133000001,0.150000006,0.0,0.0025282074542095265,0.0,0.0,2021-08-21 21:00:00
34.6615,22.330137,0.0,936.8031,24.300001,16.263872,35.461502,27.4615,0.138,0.155,1.0,0.985286275545756,1.0,29.84951424,2020-08-18 21:00:00
14.56100082,57.48637772,0.0,933.1377563,17.09999847,22.36640167,21.91100121,20.46100044,0.144999996,0.193000004,0.0,0.0025212252512574196,0.0,0.0,2020-06-13 00:00:00
4.210999966,69.42784119,0.0,928.6725464,100.0,10.18233681,5.210999966,6.660999775,0.35800001,0.365999997,0.0,0.0025237747468054295,0.0,0.0,2023-03-28 15:00:00
22.3605,43.256283,0.0,934.3243,26.400002,3.096837,20.0105,24.9105,0.138,0.154,1.0,0.9949472943941752,1.0,34.11049588,2020-08-22 10:00:00
9.661000252,75.08888245,0.0,933.5720825,55.20000458,3.096837044,10.61100006,12.61100006,0.31099999,0.296999991,0.0,0.002527491111929218,0.0,0.0,2021-11-19 06:00:00
20.461,46.66774,0.0,996.98737,0.0,5.634891,22.011,25.560999,0.174,0.273,1.0,0.9953603148460388,1.0,36.92112755,2022-09-04 10:00:00
31.713501,10.658758,0.0,974.94055,0.6,14.386494,32.8635,35.5635,0.116,0.146,1.0,0.9953620235125223,1.0,30.37444274,2020-08-19 10:00:00
31.269001,9.309793,0.0,960.51935,0.0,18.171976,32.319,34.919,0.115,0.145,1.0,0.9953619837760925,1.0,30.31664095,2020-08-19 10:00:00
29.369001,35.342705,0.0,941.7868,0.0,14.685176,30.219,24.669,0.134,0.151,1.0,0.9953353802363077,1.0,33.78985839,2020-08-21 20:00:00
23.96100044,22.19992828,0.0,929.0761719,0.0,12.10157013,29.51099968,31.36100006,0.133000001,0.151999995,0.0,0.002887528040446341,0.0,0.0,2021-07-12 06:00:00
26.796999,20.199064,0.0,968.40295,0.0,8.473393,31.296999,35.047,0.116,0.146,1.0,0.9953618248303732,1.0,31.00808257,2020-08-20 09:00:00
7.511000156,70.60084534,0.0,931.8463745,58.5,19.48661041,11.06100082,8.761000633,0.361000001,0.379000008,0.0,0.0025232945724080005,0.0,0.0,2023-04-03 00:00:00
24.86100006,28.79998207,0.0,931.425415,0.900000036,14.51206398,26.31100082,19.01099968,0.165999994,0.213,0.0,0.0025281792040914297,0.0,0.0,2023-05-18 21:00:00
24.46100044,28.19362259,0.0,933.7108765,27.90000153,1.138419867,25.71100044,18.86100006,0.133000001,0.150000006,0.0,0.0025249895406886935,0.0,0.0,2020-11-06 00:00:00
2.010999918,53.35925674,0.0,935.2198486,0.900000036,8.669948578,3.361000061,7.460999966,0.238999993,0.194999993,0.0,0.002530941894898812,0.0,0.0,2023-12-09 12:00:00
23.9615,20.430532,0.0,927.85364,0.0,14.291592,26.761501,30.3115,0.133,0.153,1.0,0.6377161623289188,1.0,30.82776245,2020-08-20 09:00:00
23.61100006,39.16955185,0.0,929.5358276,0.0,9.255571365,23.06100082,26.71100044,0.133000001,0.150000006,0.0,0.0025262273071954646,0.0,0.0,2021-09-08 12:00:00
26.61100006,22.81382751,0.0,935.0985107,0.0,13.39761162,24.76099968,21.76099968,0.112999998,0.148000002,0.0,0.0025347433208177486,0.0,0.0,2023-09-08 18:00:00
34.558502,21.714043,0.0,907.40607,27.000002,14.973577,37.2585,28.9585,0.127,0.152,1.0,0.9953609506289164,1.0,29.80299142,2020-08-18 21:00:00
7.011000156,100.0,4.5,921.0003662,100.0,17.28374863,7.960999966,8.261000633,0.43900001,0.437999994,0.0,0.002536945976316929,0.0,0.0,2021-12-14 00:00:00
27.681002,10.745583,0.0,930.6428,0.6,14.386494,29.431002,32.531,0.123,0.149,1.0,0.995340903600057,1.0,30.26468462,2020-08-19 10:00:00
11.71100044,53.25944519,0.0,935.9943848,5.700000286,3.877318382,12.76100063,12.81100082,0.194000006,0.151999995,0.0,0.002579808817245066,0.0,0.0,2020-11-16 03:00:00
24.96100044,37.11154556,0.0,932.2787476,33.30000305,2.18979454,26.96100044,27.11100006,0.133000001,0.152999997,0.0,0.019550219643861055,0.0,0.0,2020-08-14 06:00:00
12.06100082,28.16304779,0.0,939.0254517,31.20000267,2.902412653,7.210999966,11.31100082,0.246000007,0.264999986,0.0,0.002538727984453241,0.0,0.0,2021-11-26 09:00:00
35.615,8.633272,0.0,951.9864,0.0,3.8773184,38.165,31.665,0.132,0.15,1.0,0.9953621029853821,1.0,32.08005701,2020-08-20 20:00:00
15.578501,87.3195,0.0,998.4896,1.8,7.69592,18.6285,22.9785,0.174,0.277,1.0,0.9953596790631613,1.0,36.10129576,2020-10-19 10:00:00
32.014,20.932295,0.0,936.28503,0.0,13.392774,32.014,23.714,0.134,0.153,1.0,0.9785636266072592,1.0,35.38269788,2020-08-28 21:00:00
3.411000013,94.83274078,0.0,939.848877,18.0,12.39780617,7.761000156,8.161000252,0.386000007,0.395000011,0.0,0.0025424246365825334,0.0,0.0,2023-03-25 03:00:00
2.460999966,90.47723389,0.0,931.522644,30.59999847,16.4185257,7.410999775,9.561000824,0.32100001,0.333999991,0.0,0.0025223897925267615,0.0,0.0,2020-02-03 03:00:00
11.56100082,41.64486313,0.0,932.7461548,30.00000191,4.104631424,9.611000061,14.31100082,0.128999993,0.149000004,0.0,0.00252985042364647,0.0,0.0,2023-11-02 12:00:00
20.5985,20.620378,0.0,883.5678,0.9,10.009036,24.248499,28.1985,0.137,0.151,1.0,0.9953613877296448,1.0,31.33408526,2020-08-20 09:00:00
22.621,21.221722,0.0,913.47046,0.9,5.937272,25.271,29.871,0.127,0.152,1.0,0.9953607122103373,1.0,31.35783855,2020-08-20 09:00:00
5.56099987,67.2276535,0.0,935.0166016,5.099999905,12.06939983,11.01100063,11.36100006,0.172999993,0.206,0.0,0.0025392338866367936,0.0,0.0,2022-05-11 03:00:00
10.61100006,33.56850433,0.0,933.3892212,0.0,7.89541626,13.66100025,16.51099968,0.135000005,0.147,0.0,0.0025268892447153726,0.0,0.0,2021-10-15 06:00:00
6.761000156,73.79312134,0.0,930.5278931,2.100000143,7.342587948,7.261000156,9.861000061,0.257999986,0.287,0.0,0.0025263239707176885,0.0,0.0,2020-02-13 06:00:00
30.965,23.388666,0.0,944.69556,35.4,15.856354,32.415,25.365002,0.133,0.159,1.0,0.9953571557998657,1.0,34.74714471,2020-08-23 21:00:00
27.61100006,25.69540024,0.0,928.824585,0.0,13.49399853,28.51099968,19.61100006,0.144999996,0.185000002,0.0,0.0031931006039182344,0.0,0.0,2023-06-04 21:00:00
18.66100121,47.6124649,0.0,929.6832275,3.599999905,2.545584202,19.01099968,22.56100082,0.133000001,0.158999994,0.0,0.003038079555456837,0.0,0.0,2020-07-15 15:00:00
25.11100006,33.45793533,0.0,931.6744995,0.0,4.213691711,23.06100082,26.56100082,0.133000001,0.150999993,0.0,0.00254063723453631,0.0,0.0,2022-08-18 15:00:00
21.682499,40.928986,0.0,929.6403,10.200001,5.1165614,22.9825,27.682499,0.133,0.153,1.0,0.9947372476259867,1.0,34.17309635,2020-08-22 10:00:00
20.192999,31.49502,0.0,940.2722,0.9,5.3517847,24.442999,28.743,0.135,0.151,1.0,0.995350698630015,1.0,31.0764197,2020-08-20 09:00:00
24.91100121,29.01420403,0.0,933.8286133,0.0,1.527350664,20.56100082,24.81100082,0.112999998,0.156000003,0.0,0.0025679625493163862,0.0,0.0,2023-07-20 15:00:00
14.91100025,55.24277878,0.0,927.2776489,0.0,2.545584202,16.46100044,21.76099968,0.114,0.148000002,0.0,0.0025284598426272473,0.0,0.0,2023-09-05 12:00:00
26.01099968,27.74837875,0.0,934.0231934,49.80000305,7.92817688,23.41100121,22.36100006,0.133000001,0.150999993,0.0,0.0025687681045383215,0.0,0.0,2020-09-17 18:00:00
19.8095,31.38517,0.0,933.82947,0.9,5.3517847,24.0595,28.3595,0.135,0.151,1.0,0.9952475229899088,1.0,31.67389495,2020-08-20 09:00:00
18.4875,55.220997,0.0,942.57196,16.5,5.0911684,20.887499,25.3375,0.137,0.153,1.0,0.9953575134277344,1.0,34.03677102,2020-08-22 10:00:00
14.56100082,52.90201569,0.0,928.6467285,0.0,7.091177464,18.71100044,22.21100044,0.136999995,0.180000007,0.0,0.00252977906105419,0.0,0.0,2020-06-20 12:00:00
4.31099987,56.26552582,0.0,929.9814453,0.900000036,3.259938478,3.460999966,9.661000252,0.188999996,0.222000003,0.0,0.0025291202667479715,0.0,0.0,2021-01-21 12:00:00
20.41100121,22.98146248,0.0,931.4412842,28.20000076,3.893995285,22.61100006,26.56100082,0.133000001,0.150999993,0.0,0.0032230170909315348,0.0,0.0,2021-07-27 09:00:00
22.01099968,31.56954956,0.0,933.1549072,0.0,3.617955208,18.51099968,24.01099968,0.112999998,0.149000004,0.0,0.0025264615348229804,0.0,0.0,2023-08-28 15:00:00
17.806,59.676285,0.0,941.7652,5.3999996,9.007196,23.206,28.656,0.134,0.154,1.0,0.9953595797220866,1.0,32.73825678,2020-08-21 09:00:00
30.979,10.522302,0.0,962.6584,0.6,14.386494,32.128998,34.829,0.116,0.146,1.0,0.9953620235125223,1.0,30.02691164,2020-08-19 10:00:00
15.16100025,44.07756424,0.200000003,929.9136353,21.90000153,7.091177464,15.06100082,11.36100006,0.222000003,0.232999995,0.0,0.0025406205483401814,0.0,0.0,2020-03-11 00:00:00
23.189,25.122591,0.0,945.71216,0.9,5.1544156,23.988998,28.689,0.131,0.156,1.0,0.9953617056210836,1.0,31.6280242,2020-08-20 09:00:00
5.960999966,37.15687561,0.0,927.3661499,25.50000191,5.399999619,3.361000061,7.761000156,0.259000003,0.279000014,0.0,0.0025271145471682153,0.0,0.0,2021-03-02 15:00:00
7.011000156,29.11680031,0.0,932.2476807,0.0,5.154415607,9.011000633,14.46100044,0.119000003,0.136999995,0.0,0.0025234187099461756,0.0,0.0,2023-10-29 09:00:00
2.611000061,72.75789642,0.0,943.3476563,0.0,8.854828835,3.861000061,7.710999966,0.345999986,0.354000002,0.0,0.002858776211117705,0.0,0.0,2020-01-06 12:00:00
7.160999775,98.97823334,0.0,941.4365845,77.69999695,2.30512476,8.711000443,9.011000633,0.345999986,0.356999993,0.0,0.00304521806538105,0.0,0.0,2020-01-05 03:00:00
15.11100006,70.38694763,0.0,926.5081787,0.0,4.334974289,22.91100121,23.76099968,0.133000001,0.150000006,0.0,0.0025258488409842053,0.0,0.0,2021-09-17 03:00:00
2.661000013,89.84459686,0.0,934.1403809,8.699999809,7.729526997,5.56099987,8.161000252,0.319999993,0.328999996,0.0,0.0025325454771518707,0.0,0.0,2021-03-22 12:00:00
11.36100006,53.54539108,0.0,931.5903931,0.0,6.151682854,11.61100006,12.81100082,0.270999998,0.280000001,0.0,0.0025250621838495135,0.0,0.0,2021-11-23 03:00:00
12.91100025,90.00743866,0.0,936.428772,8.099999428,2.902412653,14.41100025,15.01100063,0.338,0.330000013,0.0,0.002918573833691577,0.0,0.0,2021-11-03 03:00:00
22.5495,21.203161,0.0,912.31036,0.9,5.937272,25.1995,29.7995,0.127,0.152,1.0,0.9953607122103373,1.0,31.49974498,2020-08-20 09:00:00
35.295998,22.565489,0.0,912.6395,26.7,14.264361,37.795998,29.346,0.137,0.151,1.0,0.9953591426213583,1.0,29.62906003,2020-08-18 21:00:00
21.31100082,32.83477402,0.0,928.7435913,0.0,8.89134407,24.01099968,25.31100082,0.133000001,0.150000006,0.0,0.002519956169029077,0.0,0.0,2021-08-27 06:00:00
27.31100082,32.29761124,0.0,935.8314209,0.0,5.81597805,25.41100121,23.51099968,0.133000001,0.151999995,0.0,0.0028649182446921864,0.0,0.0,2020-09-02 18:00:00
25.16100121,15.25342369,0.0,930.2165527,0.0,15.03835011,27.51099968,18.61100006,0.136000007,0.170000002,0.0,0.002536825486458838,0.0,0.0,2021-05-04 00:00:00
31.56100082,17.25401878,0.0,932.5845337,0.0,11.45795822,29.41100121,24.31100082,0.142000005,0.157000005,0.0,0.1721115286151568,0.0,0.0,2022-06-25 18:00:00
12.76100063,78.47402954,0.100000001,933.4546509,100.0,15.85635376,12.46100044,9.261000633,0.407999992,0.419999987,0.0,0.0025306698322917023,0.0,0.0,2023-03-13 21:00:00
23.66100121,23.9378109,0.0,933.3166504,0.0,9.06456852,30.51099968,27.21100044,0.112999998,0.153999999,0.0,0.002525842282921076,0.0,0.0,2023-07-29 03:00:00
32.170498,27.827175,0.0,948.98065,0.0,11.367109,32.670498,26.7205,0.134,0.154,1.0,0.9953620235125223,1.0,33.73055211,2020-08-21 20:00:00
39.601498,16.984901,0.0,946.6163,24.300001,12.224107,42.8015,33.0515,0.111,0.138,1.0,0.9953608711560568,1.0,29.72392498,2020-08-18 21:00:00
6.361000061,26.81921959,0.0,932.2380981,0.0,12.64107609,8.911000252,6.410999775,0.234999999,0.252999991,0.0,0.002531521604396403,0.0,0.0,2022-02-24 00:00:00
23.91100121,44.42048264,0.0,934.1178589,3.599999905,9.449571609,25.31100082,23.91100121,0.133000001,0.150999993,0.0,0.002534171682782471,0.0,0.0,2022-08-06 18:00:00
6.31099987,68.12232208,0.0,933.6862183,4.5,14.16864109,11.01100063,13.76100063,0.174999997,0.224999994,0.0,0.002527047569553057,0.0,0.0,2021-04-08 06:00:00
22.66100121,34.15191269,0.0,932.4091187,0.0,7.199999809,24.31100082,26.46100044,0.133000001,0.151999995,0.0,0.0025732344559704265,0.0,0.0,2020-09-04 06:00:00
20.4555,59.911118,0.0,945.2871,3.3000002,3.219938,22.4055,26.105501,0.133,0.16,1.0,0.9953577518463135,1.0,34.37079899,2020-08-23 10:00:00
21.143,40.775646,0.0,920.7345,10.200001,5.1165614,22.443,27.143,0.133,0.153,1.0,0.9953441023826599,1.0,34.17309635,2020-08-22 10:00:00
23.36100006,40.85071564,0.0,937.7402344,0.0,10.39022636,22.51099968,15.01100063,0.194000006,0.207000002,0.0,0.0025665401481091976,0.0,0.0,2022-03-23 21:00:00
25.71100044,35.61211395,0.0,929.2557983,29.10000038,5.588702679,25.11100006,27.91100121,0.112999998,0.157000005,0.0,0.002818072990824779,0.0,0.0,2023-07-16 09:00:00
3.661000013,71.11438751,0.0,932.7088623,30.90000153,8.714676857,3.710999966,5.06099987,0.405000001,0.414999992,0.0,0.0025519437234227857,0.0,0.0,2021-12-26 18:00:00
12.328501,53.99393,0.0,996.82336,0.0,4.1046314,12.4285,16.3785,0.187,0.31,1.0,0.9953480362892151,1.0,36.58653305,2021-04-02 10:00:00
28.31100082,34.81598282,0.0,932.5918579,3.600000143,13.32486343,32.51099777,24.41100121,0.133000001,0.153999999,0.0,0.002983591014829775,0.0,0.0,2020-08-09 00:00:00
28.9795,17.261124,0.0,925.357,0.0,11.246759,28.9295,22.6795,0.134,0.153,1.0,0.9952895840009054,1.0,35.67991232,2020-08-31 20:00:00
33.9285,18.242102,0.0,995.4611,0.0,11.252519,28.1285,23.2285,0.174,0.273,1.0,0.9953593214352926,1.0,36.90825853,2022-09-01 19:00:00
23.46100044,49.40409088,0.0,932.2529907,42.29999924,15.40867138,26.56100082,21.16100121,0.134000003,0.153999999,0.0,0.0025425522277752557,0.0,0.0,2022-07-05 21:00:00
26.4725,19.974117,0.0,955.1477,0.0,13.698934,29.872501,33.2225,0.127,0.15,1.0,0.9953619043032328,1.0,30.88076555,2020-08-20 09:00:00
28.851,10.091872,0.0,936.85895,2.4,14.799459,30.451,33.351,0.125,0.148,1.0,0.995351771513621,1.0,30.49993408,2020-08-19 10:00:00
21.76099968,24.37968063,0.0,933.1802368,0.0,13.83074856,24.26099968,24.66100121,0.134000003,0.164000005,0.0,0.002595396751227478,0.0,0.0,2020-07-05 06:00:00
24.76099968,26.36999321,0.0,926.8948364,0.0,4.349896431,19.91100121,24.71100044,0.133000001,0.150000006,0.0,0.002540814302240809,0.0,0.0,2021-08-28 15:00:00
20.86100006,23.01780891,0.0,938.081543,25.20000076,5.634891033,20.56100082,14.16100025,0.136000007,0.155000001,0.0,0.0025781074073165655,0.0,0.0,2022-10-29 21:00:00
11.11100006,56.6084671,0.0,935.8218384,0.0,8.654987335,12.76100063,13.51100063,0.272000015,0.280000001,0.0,0.0025536600345124802,0.0,0.0,2021-11-22 03:00:00
21.66100121,33.28138733,0.0,933.2453003,0.0,12.49671936,24.16100121,17.66100121,0.130999997,0.165999994,0.0,0.00256029407804211,0.0,0.0,2021-05-07 21:00:00
9.111000061,73.44104004,0.400000006,927.1900024,75.30000305,14.00765514,11.26100063,10.11100006,0.305000007,0.226999998,0.0,0.002524552517570555,0.0,0.0,2023-05-05 00:00:00
12.91100025,77.1856842,0.0,928.3671875,1.799999952,7.559999466,22.06100082,25.76099968,0.133000001,0.153999999,0.0,0.002888968059172233,0.0,0.0,2021-06-22 06:00:00
20.585499,59.94186,0.0,947.4891,3.3000002,3.219938,22.5355,26.2355,0.133,0.16,1.0,0.9953615069389343,1.0,34.43532047,2020-08-23 10:00:00
8.111000061,81.93523407,0.0,925.1619263,12.0,10.1376915,15.81100082,21.26099968,0.133000001,0.157000005,0.0,0.0030741164615998664,0.0,0.0,2021-06-07 12:00:00
22.1245,41.05432,0.0,936.98865,10.200001,5.1165614,23.424501,28.1245,0.133,0.153,1.0,0.9953189889589945,1.0,33.99955966,2020-08-22 10:00:00
18.06100082,40.0322113,0.0,933.3736572,75.30000305,7.172948837,16.11100006,16.06100082,0.120999999,0.158000007,0.0,0.002527169417589903,0.0,0.0,2023-11-05 18:00:00
17.392,58.78086,0.0,923.6211,0.0,2.4149535,19.642,24.092001,0.134,0.153,1.0,0.9951235055923462,1.0,35.64512475,2020-08-31 09:00:00
11.71100044,73.15216064,0.0,933.3387451,81.0,3.599999905,11.96100044,12.76100063,0.286000013,0.296999991,0.0,0.0025273461748535433,0.0,0.0,2021-11-19 03:00:00
8.911000252,61.95746231,0.0,929.0534668,100.0,8.089992523,10.71100044,8.911000252,0.223000005,0.230000004,0.0,0.0025227214597786465,0.0,0.0,2020-03-09 00:00:00
21.5475,20.866222,0.0,898.6741,0.9,10.009036,25.1975,29.147501,0.137,0.151,1.0,0.9953616261482239,1.0,31.11631366,2020-08-20 09:00:00
22.76099968,22.85748863,0.0,935.743042,22.5,17.37349701,25.16100121,18.01099968,0.136000007,0.160999998,0.0,0.002537253312766552,0.0,0.0,2021-05-27 21:00:00
11.31100082,87.50497437,0.0,932.1252441,47.09999847,12.43433952,14.91100025,14.66100025,0.172000006,0.215000004,0.0,0.0025269672429809966,0.0,0.0,2020-05-14 03:00:00
1.010999918,81.27010345,0.0,932.3562622,0.0,8.435069084,1.510999918,5.31099987,0.36500001,0.361999989,0.0,0.0025328634850059948,0.0,0.0,2022-12-16 12:00:00
3.111000061,67.18483734,0.0,933.9122314,7.200000286,3.599999905,2.361000061,7.31099987,0.282000005,0.298000008,0.0,0.002543861628510058,0.0,0.0,2022-01-29 12:00:00
10.81100082,85.99310303,0.0,929.8761597,100.0,10.49571323,15.26100063,20.06100082,0.134000003,0.155000001,0.0,0.002543806176011761,0.0,0.0,2022-07-03 15:00:00
22.01099968,33.96622086,0.0,930.0318604,2.700000048,7.421589851,28.36100006,25.06100082,0.133000001,0.156000003,0.0,0.002656919532455504,0.0,0.0,2020-07-26 03:00:00
26.7035,20.684896,0.0,965.2227,0.0,8.049845,30.553501,34.4535,0.097,0.143,1.0,0.9953617850939432,1.0,30.83384803,2020-08-20 09:00:00
13.81100082,27.92619133,0.0,936.5007935,26.70000076,7.199999809,12.16100025,8.811000824,0.252999991,0.244000003,0.0,0.0025725539696092405,0.0,0.0,2020-12-23 21:00:00
10.31100082,49.02262878,0.0,933.7603149,0.0,7.517020702,8.261000633,8.761000633,0.195999995,0.180999994,0.0,0.0025295375768716135,0.0,0.0,2023-11-25 18:00:00
21.21100044,40.37882614,0.0,935.0535889,0.899999976,10.70356941,22.76099968,22.01099968,0.112999998,0.152999997,0.0,0.002613369724713266,0.0,0.0,2023-08-03 18:00:00
19.96100044,48.45897293,0.0,935.5427856,0.0,9.387651443,19.96100044,12.76100063,0.277999997,0.25999999,0.0,0.00255162346487244,0.0,0.0,2022-04-24 21:00:00
24.96100044,36.61522675,0.0,934.4851685,0.0,3.758510351,27.96100044,26.41100121,0.133000001,0.150999993,0.0,0.0025472826479623714,0.0,0.0,2020-09-30 03:00:00
8.811000824,71.3565979,0.0,934.239563,0.0,5.860375404,10.31100082,7.111000061,0.370000005,0.382999986,0.0,0.0025658050241569677,0.0,0.0,2021-12-19 00:00:00
17.56100082,35.23786163,0.0,929.4752197,0.0,10.18869972,16.26099968,12.91100025,0.194999993,0.231999993,0.0,0.0025325605335334935,0.0,0.0,2022-05-01 18:00:00
8.644,75.43896,0.0,1003.7706,0.0,4.379589,5.1940002,9.144,0.284,0.348,1.0,0.9953471819559733,1.0,36.69591971,2022-01-30 10:00:00
16.505499,41.444363,0.0,911.69666,0.0,4.896529,18.255499,23.255499,0.134,0.153,1.0,0.9952874978383383,1.0,35.52448237,2020-08-30 09:00:00
20.024,31.44662,0.0,937.42865,0.9,5.3517847,24.274,28.574001,0.135,0.151,1.0,0.995325525601705,1.0,31.16242453,2020-08-20 09:00:00
16.508,58.564686,0.0,908.94653,0.0,2.4149535,18.758,23.208,0.134,0.153,1.0,0.9953303535779318,1.0,35.61761956,2020-08-31 09:00:00
27.762,27.846992,0.0,936.9244,0.0,13.513193,28.712,21.962,0.134,0.159,1.0,0.995301365852356,1.0,35.44508459,2020-08-29 21:00:00
27.06100082,28.22961235,0.0,933.0072021,30.00000191,6.287129879,30.36100006,27.11100006,0.133000001,0.152999997,0.0,0.004889394777516524,0.0,0.0,2020-08-14 03:00:00
25.26099968,15.56232166,0.0,933.5524292,0.0,7.280549526,22.61100006,25.86100006,0.133000001,0.151999995,0.0,0.002551617023224632,0.0,0.0,2022-07-21 15:00:00
25.01099968,22.47504807,0.0,934.7740479,0.0,12.96499825,29.36100006,23.71100044,0.133000001,0.150999993,0.0,0.002534269782093664,0.0,0.0,2020-09-23 00:00:00
17.71100044,52.64854431,0.0,932.8190308,11.69999981,10.1376915,19.71100044,20.46100044,0.136000007,0.150000006,0.0,0.002525695754836003,0.0,0.0,2022-09-15 18:00:00
15.16100025,35.42578125,0.0,936.055542,24.90000153,10.82995796,13.11100006,15.51100063,0.185000002,0.241999999,0.0,0.0035533626408626637,0.0,0.0,2020-05-06 15:00:00
21.986,41.01507,0.0,931.14014,9.6,4.0249224,25.185999,30.685999,0.125,0.148,1.0,0.9953307509422302,1.0,34.0592374,2020-08-22 10:00:00
17.46100044,66.9713974,0.0,932.1082153,47.70000076,11.09010315,21.51099968,23.91100121,0.133000001,0.150999993,0.0,0.0025466640945523977,0.0,0.0,2020-09-18 06:00:00
9.211000443,82.36140442,0.0,929.140564,57.0,7.65370512,9.211000443,9.411000252,0.287999988,0.195999995,0.0,0.00252764819500347,0.0,0.0,2023-12-18 03:00:00
29.4085,17.36214,0.0,932.2836,0.0,11.246759,29.358501,23.108501,0.134,0.153,1.0,0.9947748184204102,1.0,35.65890922,2020-08-31 20:00:00
29.532,17.391243,0.0,934.2855,0.0,11.246759,29.482,23.232,0.134,0.153,1.0,0.9944643179575602,1.0,35.6840582,2020-08-31 20:00:00
32.51099777,17.05353546,0.0,930.3338623,0.0,12.87975216,35.31099701,26.31100082,0.133000001,0.150999993,0.0,0.0026700743086015186,0.0,0.0,2022-08-16 00:00:00
15.86100006,51.08654022,0.0,927.6323242,30.00000191,9.449571609,18.36100006,21.71100044,0.136000007,0.164000005,0.0,0.0025289630284532905,0.0,0.0,2022-06-09 09:00:00
8.911000252,91.24803162,0.0,934.1772461,11.69999981,15.00383949,13.01100063,14.81100082,0.187000006,0.199000001,0.0,0.002532298016982774,0.0,0.0,2022-04-05 06:00:00
21.442,40.860672,0.0,925.6617,10.200001,5.1165614,22.742,27.442,0.133,0.153,1.0,0.9951229890187582,1.0,34.16947577,2020-08-22 10:00:00
17.11100006,23.73116684,0.0,932.012085,0.0,3.21993804,12.96100044,19.21100044,0.133000001,0.149000004,0.0,0.0025230705505236983,0.0,0.0,2021-10-01 15:00:00
40.43,16.06348,0.0,951.6287,26.7,7.9036193,42.98,33.18,0.115,0.145,1.0,0.9953621029853821,1.0,29.37596841,2020-08-18 21:00:00
24.5265,39.82645,0.0,935.78424,46.5,4.6800003,26.4265,30.726501,0.125,0.148,1.0,0.9953440229098002,1.0,34.58206466,2020-08-23 10:00:00
14.778501,98.400276,0.0,1000.90094,34.5,11.681987,17.928501,21.0285,0.176,0.277,1.0,0.9953600366910299,1.0,36.03656053,2020-10-11 10:00:00
13.46100044,80.7095108,0.0,928.0637207,2.699999809,8.47339344,18.86100006,25.01099968,0.133000001,0.150000006,0.0,0.00254273961763829,0.0,0.0,2021-08-19 12:00:00
17.06100082,45.08780289,0.0,935.1170654,7.500000477,5.506940842,18.11100006,18.61100006,0.169,0.197999999,0.0,0.0025475702714174986,0.0,0.0,2022-04-08 06:00:00
7.011000156,38.63911438,0.0,927.4013062,0.0,16.42247009,7.81099987,9.761000633,0.216000006,0.257999986,0.0,0.002520939257616798,0.0,0.0,2022-02-16 06:00:00
19.41100121,46.53510666,0.0,933.098877,0.0,6.638072014,16.46100044,23.51099968,0.133000001,0.150999993,0.0,0.002554003537322084,0.0,0.0,2020-09-16 12:00:00
15.66100025,52.10335159,0.0,931.0610352,0.0,5.191993713,18.51099968,25.06100082,0.134000003,0.150000006,0.0,0.01790565368719399,0.0,0.0,2021-09-11 12:00:00
19.06100082,27.47635651,0.0,932.3614502,0.0,10.46479702,23.31100082,25.76099968,0.133000001,0.150999993,0.0,0.002522867522202432,0.0,0.0,2022-08-14 06:00:00
8.211000443,98.98671722,0.0,930.2219849,90.0,10.31511497,13.26100063,17.16100121,0.133000001,0.153999999,0.0,0.0025239785512288413,0.0,0.0,2023-06-23 12:00:00
9.861000061,42.06758881,0.0,930.6098022,45.60000229,11.96695423,10.96100044,12.46100044,0.189999998,0.238000005,0.0,0.002521769298861424,0.0,0.0,2020-02-29 12:00:00
6.611000061,99.31479645,0.100000001,931.7637939,100.0,7.072877884,7.81099987,8.461000443,0.342999995,0.328999996,0.0,0.0025260608720903597,0.0,0.0,2021-02-15 12:00:00
35.76099777,13.40262318,0.0,933.7129517,0.0,19.31962776,38.76099777,30.56100082,0.133000001,0.152999997,0.0,0.0033960662161310515,0.0,0.0,2020-08-19 22:00:00
13.96100044,52.37409592,0.0,933.0609131,0.0,12.30336571,13.56100082,15.46100044,0.275000006,0.301999986,0.0,0.0025333310089384518,0.0,0.0,2020-04-24 12:00:00
17.16100121,33.16078949,0.0,926.3386841,0.0,14.18235493,22.26099968,18.96100044,0.115000002,0.147,0.0,0.002526637244348725,0.0,0.0,2023-10-12 00:00:00
9.261000633,72.70301819,0.0,931.442688,84.6000061,5.959060192,10.71100044,9.961000443,0.388000011,0.393000007,0.0,0.002528200779731075,0.0,0.0,2023-03-18 03:00:00
24.8285,47.39236,0.0,1000.685,1.8,6.6185193,21.928501,19.8285,0.175,0.268,1.0,0.9953537782033285,1.0,36.96745601,2022-10-03 19:00:00
33.9095,20.346,0.0,972.72473,36.0,22.553936,38.4095,30.4095,0.084,0.13,1.0,0.995361864566803,1.0,34.79362704,2020-08-23 21:00:00
29.8405,23.985039,0.0,945.8952,0.0,14.799459,29.6905,22.2905,0.134,0.158,1.0,0.9953557848930359,1.0,35.58533821,2020-08-30 21:00:00
8.561000824,49.06482315,0.0,932.3369141,25.20000076,9.449571609,9.811000824,8.811000824,0.250999987,0.282000005,0.0,0.0025283321738243103,0.0,0.0,2023-04-18 18:00:00
7.8355,61.036697,0.0,1004.97485,0.0,4.0249224,7.6355,11.735499,0.218,0.328,1.0,0.99534805615743,1.0,36.72294465,2022-03-12 10:00:00
13.21100044,37.09664917,0.0,925.2451172,7.200000286,5.623379707,10.01100063,13.41100025,0.159999996,0.211999997,0.0,0.002542950096540153,0.0,0.0,2021-04-12 15:00:00
21.4875,40.873608,0.0,926.4136,10.200001,5.1165614,22.7875,27.4875,0.133,0.153,1.0,0.9950872461001078,1.0,34.17414313,2020-08-22 10:00:00
19.601,63.771034,0.0,959.8312,25.800001,13.363711,24.301,28.551,0.136,0.157,1.0,0.9953619837760925,1.0,33.98171558,2020-08-22 10:00:00
17.0735,58.70313,0.0,918.3121,0.0,2.4149535,19.3235,23.7735,0.134,0.153,1.0,0.9953362147013346,1.0,35.6171393,2020-08-31 09:00:00
8.111000061,78.3065567,1.0,928.3635254,49.5,3.396233082,8.611000061,6.710999966,0.425999999,0.432999998,0.0,0.0025399960189436874,0.0,0.0,2023-03-23 00:00:00
30.8605,9.963575,0.0,954.10126,0.0,16.363178,31.5605,33.7605,0.132,0.15,1.0,0.9953620632489523,1.0,29.95506273,2020-08-19 10:00:00
6.011000156,61.25674057,0.0,932.8656616,0.0,10.78799343,8.661000252,11.71100044,0.163000003,0.181999996,0.0,0.002524745107317964,0.0,0.0,2020-12-11 06:00:00
36.8545,20.381973,0.0,935.6652,22.2,17.673029,39.9045,32.0045,0.123,0.149,1.0,0.995325485865275,1.0,27.92006494,2020-08-17 21:00:00
30.6095,12.128111,0.0,907.9627,0.0,11.609651,32.6095,27.109499,0.133,0.153,1.0,0.9953405857086182,1.0,32.25077977,2020-08-20 20:00:00
4.960999966,99.65229797,0.0,929.6278687,100.0,6.151682854,8.211000443,8.961000443,0.351000011,0.330000013,0.0,0.002526486525312066,0.0,0.0,2021-02-13 12:00:00
21.71100044,41.21647644,0.0,931.6054688,15.60000038,16.48941612,27.46100044,19.61100006,0.136000007,0.159999996,0.0,0.0025254293577745557,0.0,0.0,2021-05-29 00:00:00
10.51100063,53.31705475,0.0,935.923645,0.0,4.896529675,10.46100044,13.21100044,0.272000015,0.280000001,0.0,0.0025609357204909125,0.0,0.0,2021-11-22 06:00:00
3.911000013,46.46633148,0.0,932.2362671,0.0,17.51835632,6.160999775,9.261000633,0.256999999,0.282000005,0.0,0.0025204328897719583,0.0,0.0,2021-02-27 15:00:00
27.81100082,29.21900368,0.0,928.3236694,0.0,8.669948578,27.91100121,20.86100006,0.135000005,0.163000003,0.0,0.0026707482368995747,0.0,0.0,2022-10-14 21:00:00
12.51100063,89.38176727,0.0,930.0861206,1.799999952,10.9489727,18.26099968,22.66100121,0.136000007,0.150000006,0.0,0.0030852319517483315,0.0,0.0,2022-09-15 06:00:00
12.71100044,59.456604,0.0,939.5777588,64.80000305,3.075841427,11.96100044,7.361000061,0.356000006,0.372000009,0.0,0.0026567352081959448,0.0,0.0,2023-02-08 00:00:00
31.9985,22.104689,0.0,953.4734,41.100002,19.969458,33.4485,27.2485,0.136,0.157,1.0,0.9953611890474955,1.0,34.79772787,2020-08-23 21:00:00
25.31100082,25.51951218,0.0,931.1749878,0.0,5.623379707,26.41100121,28.51099968,0.133000001,0.151999995,0.0,0.0026819349732249975,0.0,0.0,2021-07-10 12:00:00
3.06099987,88.91531372,0.0,927.7780151,0.0,8.557102203,5.361000061,8.011000633,0.330000013,0.344999999,0.0,0.002524632029235363,0.0,0.0,2023-01-28 09:00:00
29.71100044,20.78747177,0.0,932.3955078,0.0,9.565437317,32.46099854,23.86100006,0.133000001,0.150000006,0.0,0.002541333126525084,0.0,0.0,2021-09-05 00:00:00
26.81100082,24.95443344,0.0,933.4026489,0.0,12.47596073,31.46100044,25.01099968,0.112999998,0.151999995,0.0,0.0025615193493043384,0.0,0.0,2023-08-08 21:00:00
10.96100044,71.02794647,0.0,930.0106201,30.00000191,3.758510351,13.61100006,12.56100082,0.216999993,0.238999993,0.0,0.0025341756409034133,0.0,0.0,2022-03-03 03:00:00
35.09,17.35159,0.0,968.0829,38.100002,21.817902,39.09,31.34,0.097,0.142,1.0,0.995361864566803,1.0,34.71405672,2020-08-23 21:00:00
30.176498,25.506739,0.0,950.16797,6.0,12.594856,31.2265,33.9265,0.111,0.138,1.0,0.9953616658846537,1.0,28.48712573,2020-08-18 10:00:00
21.7965,42.66296,0.0,932.46625,25.800001,3.671294,20.0965,25.0465,0.133,0.151,1.0,0.6733082309365273,1.0,34.06181121,2020-08-22 10:00:00
2.411000013,100.0,0.800000012,926.1204834,100.0,22.02776337,3.460999966,4.361000061,0.423000008,0.400000006,0.0,0.002523159647050003,0.0,0.0,2023-02-27 18:00:00
20.06100082,52.03247833,0.0,930.7043457,5.400000095,11.79240417,26.11100006,23.76099968,0.136000007,0.177000001,0.0,0.0025329604977741838,0.0,0.0,2020-06-22 03:00:00
15.01100063,66.45481873,0.0,929.1387939,47.40000153,9.0,22.81100082,22.76099968,0.136000007,0.175999999,0.0,0.0025280088496704898,0.0,0.0,2022-05-27 03:00:00
25.51099968,23.25606155,0.0,929.7557373,3.300000191,4.379589081,24.31100082,26.46100044,0.112999998,0.164000005,0.0,0.0025298939629768333,0.0,0.0,2023-07-02 12:00:00
34.841,6.1593294,0.0,931.43164,0.0,2.9024127,37.991,30.941,0.125,0.148,1.0,0.9953275322914124,1.0,32.2209409,2020-08-20 20:00:00
14.51100063,53.25802231,0.0,934.4069824,0.600000024,3.82685256,11.61100006,17.01099968,0.116999999,0.144999996,0.0,0.002527337404899299,0.0,0.0,2023-10-15 15:00:00
19.66100121,54.41929626,0.0,930.1374512,0.899999976,5.634891033,21.11100006,20.86100006,0.133000001,0.153999999,0.0,0.0030324504089852176,0.0,0.0,2020-08-06 18:00:00
2.010999918,98.93505859,0.100000001,926.0904541,100.0,10.13769245,4.410999775,7.011000156,0.372999996,0.273000002,0.0,0.0025240479735657573,0.0,0.0,2021-03-10 12:00:00
34.6875,22.788689,0.0,931.86096,25.500002,14.973577,36.837498,29.037498,0.137,0.152,1.0,0.9945594072341919,1.0,29.62084562,2020-08-18 21:00:00
6.460999966,98.63209534,0.0,931.0792847,100.0,2.902412653,7.660999775,9.361000061,0.414999992,0.402999997,0.0,0.0025376087675491967,0.0,0.0,2023-12-30 15:00:00
18.86100006,54.94640732,0.0,931.2976074,80.1000061,14.51206398,20.66100121,16.81100082,0.279000014,0.219999999,0.0,0.002525170799344778,0.0,0.0,2020-05-31 21:00:00
6.960999966,99.31669617,0.0,932.8729248,90.0,8.350137711,9.911000252,12.66100025,0.338999987,0.250999987,0.0,0.0025269555238385997,0.0,0.0,2020-05-20 12:00:00
34.438503,16.10509,0.0,964.7927,0.0,6.12,37.738503,30.7385,0.097,0.143,1.0,0.9953619440396627,1.0,33.52377357,2020-08-21 20:00:00
5.56099987,93.27754211,0.5,925.3283081,100.0,9.832679749,7.861000061,8.511000633,0.232999995,0.217999995,0.0,0.0025229897582903504,0.0,0.0,2021-01-22 21:00:00
8.761000633,99.66269684,1.600000024,927.6376343,100.0,11.48055744,8.661000252,8.111000061,0.43599999,0.389999986,0.0,0.00252797807722042,0.0,0.0,2022-12-04 06:00:00
6.611000061,81.45046997,0.0,938.3468018,91.80000305,14.18235493,6.56099987,6.410999775,0.354000002,0.351999998,0.0,0.0025463655280570188,0.0,0.0,2020-01-11 18:00:00
14.01100063,65.56748962,0.0,929.8674927,26.70000076,3.758510351,14.36100006,18.06100082,0.247999996,0.219999999,0.0,0.002537225450699528,0.0,0.0,2020-06-02 12:00:00
20.810501,60.38888,0.0,985.9321,0.0,2.5455842,26.2105,29.6105,0.138,0.131,1.0,0.9953578313191732,1.0,25.0,2020-06-25 10:00:00
21.66100121,21.04979897,0.0,932.8779297,0.0,6.638072014,16.11100006,12.36100006,0.218999997,0.263000011,0.0,0.0025303520184631148,0.0,0.0,2021-04-01 18:00:00
20.96100044,50.89538956,0.0,932.4151001,0.0,6.877789974,27.71100044,25.71100044,0.133000001,0.150999993,0.0,0.0025236354364703097,0.0,0.0,2022-08-08 03:00:00
8.061000824,52.65128708,0.0,936.5812378,70.20000458,5.399999619,5.56099987,10.66100025,0.243000001,0.261999995,0.0,0.002539284333276252,0.0,0.0,2021-11-26 12:00:00
5.710999966,83.07489014,0.0,929.3029175,0.0,12.59999847,8.761000633,11.86100006,0.261999995,0.243000001,0.0,0.002527256729081273,0.0,0.0,2023-05-10 09:00:00
5.960999966,60.79836655,0.0,938.7926025,0.0,9.793059349,5.960999966,7.611000061,0.342000008,0.356000006,0.0,0.0025332722580060363,0.0,0.0,2023-01-26 09:00:00
4.410999775,98.95550537,1.299999952,926.9049683,100.0,13.62779522,6.111000061,8.861000061,0.202999994,0.217999995,0.0,0.002525027492083609,0.0,0.0,2021-01-22 15:00:00
39.4285,12.685327,0.0,993.0806,0.0,17.114204,33.9785,28.7785,0.174,0.272,1.0,0.9953595598538717,1.0,36.92884896,2022-09-08 19:00:00
3.260999918,65.01590729,0.0,933.2271729,0.0,4.024922371,3.510999918,6.410999775,0.330000013,0.342000008,0.0,0.0025382821137706437,0.0,0.0,2023-02-01 06:00:00
12.91100025,67.83855438,0.0,927.9091187,0.0,7.559999466,11.81100082,14.96100044,0.223000005,0.234999999,0.0,0.002527560844706992,0.0,0.0,2023-05-13 12:00:00
30.66100121,27.69706154,0.0,931.2538452,28.20000076,4.379589081,24.81100082,26.41100121,0.112999998,0.157000005,0.0,0.0025662726645047465,0.0,0.0,2023-07-16 15:00:00
6.011000156,71.5756073,0.0,930.8546143,61.80000305,4.104631424,7.710999966,9.061000824,0.317999989,0.337000012,0.0,0.0025273101249088845,0.0,0.0,2023-04-07 09:00:00
27.214,10.903903,0.0,918.87317,0.3,14.88242,27.964,30.464,0.127,0.152,1.0,0.995360791683197,1.0,30.14018153,2020-08-19 10:00:00
34.607502,16.143042,0.0,967.58203,0.0,6.12,37.9075,30.907501,0.097,0.143,1.0,0.9953619440396627,1.0,33.43731101,2020-08-21 20:00:00
28.26099968,34.4577179,0.0,933.8673096,0.0,9.504272461,27.56100082,23.86100006,0.133000001,0.158000007,0.0,0.002812440429503719,0.0,0.0,2020-07-19 18:00:00
22.26099968,42.36275864,0.0,931.2006226,0.0,13.04968929,25.91100121,17.91100121,0.145999998,0.187000006,0.0,0.002522254944778979,0.0,0.0,2023-06-03 00:00:00
37.870003,17.934923,0.0,941.32227,23.7,19.969458,41.22,32.82,0.111,0.138,1.0,0.9953564206759135,1.0,28.01205362,2020-08-17 21:00:00
24.2245,38.687553,0.0,916.1899,12.3,5.00128,23.5245,27.574501,0.127,0.152,1.0,0.9953591227531433,1.0,34.32076367,2020-08-23 10:00:00
10.6655,39.00442,0.0,1000.8084,0.0,1.2979984,6.9154997,11.4655,0.219,0.304,1.0,0.9953442414601644,1.0,36.40306492,2021-01-21 10:00:00
19.26099968,44.47123337,0.0,932.3239136,0.0,11.01976395,21.61100006,26.26099968,0.133000001,0.150999993,0.0,0.002535088414636751,0.0,0.0,2022-08-22 09:00:00
5.611000061,99.30928802,0.0,936.3110962,28.50000191,4.80299902,7.710999966,9.161000252,0.372000009,0.36500001,0.0,0.0025671637849882245,0.0,0.0,2020-01-23 06:00:00
14.45,81.650246,0.0,949.68,1.8,6.763786,18.7,23.6,0.134,0.159,1.0,0.9953610301017761,1.0,35.39897372,2020-08-29 10:00:00
26.66100121,24.56933022,0.0,927.845459,0.0,7.92817688,28.91100121,22.61100006,0.133000001,0.150999993,0.0,0.0025250937324017286,0.0,0.0,2020-10-22 00:00:00
7.910999775,41.02289963,0.0,935.0734863,1.200000048,12.68201828,9.911000252,11.31100082,0.228,0.219999999,0.0,0.0025317586647967496,0.0,0.0,2022-03-21 06:00:00
23.31100082,28.46808434,0.0,933.5917969,0.0,4.334974289,26.36100006,25.76099968,0.133000001,0.150999993,0.0,0.0025328510673716664,0.0,0.0,2020-10-06 03:00:00
17.3425,65.40894,0.0,925.4067,27.9,1.1384199,20.5425,25.5425,0.138,0.154,1.0,0.9951875607172648,1.0,33.24610663,2020-08-21 09:00:00
19.932499,44.507862,0.0,915.17346,12.599999,2.7416782,22.2825,27.1325,0.137,0.152,1.0,0.9953588247299194,1.0,32.79734547,2020-08-21 09:00:00
8.811000824,59.75743103,0.0,933.0501709,5.100000381,10.68539143,14.51100063,14.11100006,0.174999997,0.224999994,0.0,0.00252667007346948,0.0,0.0,2021-04-08 03:00:00
34.793,14.423096,0.0,914.6365,0.0,16.78156,37.293,29.693,0.137,0.15,1.0,0.9953607519467672,1.0,30.68604938,2020-08-19 21:00:00
21.51099968,29.18274307,0.0,937.0626221,0.0,9.565437317,18.06100082,12.41100025,0.226999998,0.240999997,0.0,0.0025417259506260357,0.0,0.0,2021-01-16 21:00:00
7.261000156,65.92037201,0.0,929.3035889,24.60000038,4.334974289,7.361000061,10.21100044,0.224000007,0.246999994,0.0,0.00253411044832319,0.0,0.0,2022-11-28 06:00:00
15.7855,78.920425,0.0,996.79926,0.9,3.7064266,21.785501,26.0855,0.174,0.271,1.0,0.9953615466753641,1.0,36.62599514,2021-07-20 10:00:00
19.11100006,43.22323608,0.0,934.7612305,5.399999619,11.6208086,19.86100006,20.31100082,0.133000001,0.149000004,0.0,0.002521372167393565,0.0,0.0,2021-09-18 18:00:00
22.01099968,17.63467598,0.0,934.2571411,0.0,6.193674088,23.01099968,17.31100082,0.133000001,0.150999993,0.0,0.0025278766406700015,0.0,0.0,2020-10-29 00:00:00
27.76099968,33.63827896,0.0,929.1390381,0.0,15.46324635,33.31099701,25.96100044,0.134000003,0.170000002,0.0,0.0025612062696988382,0.0,0.0,2020-06-28 00:00:00
17.71100044,45.27132034,0.0,929.149353,0.0,9.0,22.21100044,23.91100121,0.134000003,0.162,0.0,0.002545570683044692,0.0,0.0,2020-07-08 06:00:00
15.31100082,67.19389343,0.0,925.1882324,11.69999981,3.960000038,19.56100082,24.16100121,0.133000001,0.150000006,0.0,0.002787670741478602,0.0,0.0,2022-08-28 12:00:00
16.36100006,37.75147629,0.0,928.2287598,9.900000572,5.860375404,13.41100025,19.56100082,0.136000007,0.156000003,0.0,0.0025929220331211886,0.0,0.0,2022-10-21 15:00:00
26.096,10.690687,0.0,901.0393,0.3,14.88242,26.846,29.346,0.127,0.152,1.0,0.9953611493110657,1.0,30.15305055,2020-08-19 10:00:00
29.71100044,24.36455727,0.0,933.6842041,21.60000038,13.10419846,30.56100082,23.51099968,0.133000001,0.149000004,0.0,0.002771784163390597,0.0,0.0,2021-09-25 21:00:00
11.81100082,95.15997314,0.200000003,934.7410278,90.0,3.054701328,12.46100044,13.01100063,0.294999987,0.294999987,0.0,0.0025389034999534488,0.0,0.0,2021-11-20 06:00:00
21.96100044,43.144207,0.0,932.682373,0.0,9.793059349,24.96100044,26.01099968,0.112999998,0.152999997,0.0,0.002535457800452908,0.0,0.0,2023-08-06 06:00:00
31.818,8.854201,0.0,919.23,0.0,11.177405,33.668,28.018,0.127,0.152,1.0,0.9953615864117941,1.0,32.4894682,2020-08-20 20:00:00
21.5995,20.8797,0.0,899.50757,0.9,10.009036,25.2495,29.199501,0.137,0.151,1.0,0.9953616261482239,1.0,31.48620234,2020-08-20 09:00:00
17.9,87.81057,0.0,962.52216,4.5,5.904439,22.65,26.75,0.133,0.159,1.0,0.995361864566803,1.0,35.05820352,2020-08-25 09:00:00
19.06100082,22.87245941,0.0,934.1052246,0.0,3.960000038,14.26100063,8.411000252,0.321999997,0.330000013,0.0,0.002612028426180283,0.0,0.0,2021-02-06 21:00:00
31.494,24.336323,0.0,978.32104,11.7,9.1641035,32.694,34.944,0.104,0.137,1.0,0.9953618248303732,1.0,28.2810158,2020-08-18 10:00:00
18.06100082,35.50912476,0.0,930.7129517,0.0,12.31389427,23.51099968,25.76099968,0.133000001,0.152999997,0.0,0.002581929050696393,0.0,0.0,2022-07-15 06:00:00
8.211000443,69.99308014,0.0,923.5441895,55.5,8.891343117,10.71100044,8.561000824,0.273000002,0.240999997,0.0,0.0025259925751015544,0.0,0.0,2020-12-28 00:00:00
35.990997,20.512468,0.0,918.05975,26.1,6.193674,38.191,30.041,0.132,0.149,1.0,0.9953613877296448,1.0,27.5,2020-08-16 22:00:00
29.661001,17.359776,0.0,977.6733,0.0,3.671294,31.011,34.861,0.104,0.137,1.0,0.9953619440396627,1.0,30.94875375,2020-08-20 09:00:00
18.61100006,10.51013279,0.0,935.1754761,0.0,11.59289455,15.41100025,15.71100044,0.133000001,0.150999993,0.0,0.002527238141434888,0.0,0.0,2020-10-27 18:00:00
9.311000824,99.32933807,0.300000012,932.4638062,100.0,14.08147812,8.961000443,10.01100063,0.272000015,0.181999996,0.0,0.002531030603374044,0.0,0.0,2020-12-12 15:00:00
7.06099987,95.6352005,0.0,932.2625122,100.0,1.835646987,9.111000061,10.01100063,0.314999998,0.244000003,0.0,0.0031713191031788788,0.0,0.0,2023-05-07 12:00:00
18.639,63.55715,0.0,943.3693,25.800001,13.363711,23.339,27.589,0.136,0.157,1.0,0.9953608314196268,1.0,33.94989196,2020-08-22 10:00:00
29.86100006,17.03935242,0.0,933.0778198,0.0,11.21213531,34.4109993,29.36100006,0.133000001,0.151999995,0.0,0.002756714898472031,0.0,0.0,2021-07-10 03:00:00
5.861000061,25.41641235,0.0,933.552124,0.0,24.52231598,8.361000061,10.96100044,0.263999999,0.289000005,0.0,0.0025212245139603815,0.0,0.0,2021-02-25 09:00:00
18.36100006,33.15220642,0.0,931.8041382,0.0,8.891343117,19.66100121,22.01099968,0.152999997,0.202000007,0.0,0.0025216011175264916,0.0,0.0,2020-06-11 09:00:00
26.914,20.228493,0.0,970.39014,0.0,8.473393,31.414,35.163998,0.116,0.146,1.0,0.9953618248303732,1.0,30.78645026,2020-08-20 09:00:00
17.31100082,56.23796463,0.0,928.3977051,8.099999428,9.02157402,17.31100082,15.06100082,0.144999996,0.191,0.0,0.002527325530536473,0.0,0.0,2023-05-31 18:00:00
5.910999775,84.57822418,0.0,930.7335815,69.6000061,6.952754498,7.710999966,9.911000252,0.218999997,0.230000004,0.0,0.002530570219581326,0.0,0.0,2020-03-10 09:00:00
23.41100121,45.47555923,0.0,933.3425903,0.899999976,7.172948837,21.96100044,17.46100044,0.157000005,0.207000002,0.0,0.0025259460865830383,0.0,0.0,2023-05-21 18:00:00
13.56100082,44.08825302,0.0,929.8329468,17.40000153,18.28927422,18.06100082,14.71100044,0.182999998,0.226999998,0.0,0.0025219940580427647,0.0,0.0,2022-05-03 00:00:00
31.574999,10.953181,0.0,914.66156,0.0,10.805999,33.725,28.125,0.137,0.15,1.0,0.9953616261482239,1.0,32.5716986,2020-08-20 20:00:00
17.21100044,57.55960846,0.0,925.6187134,0.0,9.366919518,22.66100121,28.41100121,0.133000001,0.150999993,0.0,0.004309316903042297,0.0,0.0,2021-08-17 12:00:00
20.41100121,54.61138916,0.0,929.6050415,0.0,5.506940842,26.11100006,24.41100121,0.112999998,0.148000002,0.0,0.0025233777317528925,0.0,0.0,2023-09-14 03:00:00
17.81100082,44.21444702,0.0,931.2866821,0.0,8.557102203,19.11100006,19.11100006,0.158000007,0.197999999,0.0,0.002523981500416994,0.0,0.0,2022-05-15 06:00:00
13.31100082,92.13839722,0.0,929.6708984,100.0,6.763785839,16.71100044,19.46100044,0.135000005,0.166999996,0.0,0.002558891622660061,0.0,0.0,2022-06-05 09:00:00
18.06100082,41.02428055,0.0,938.328186,0.0,4.024922371,16.31100082,9.911000252,0.243000001,0.275999993,0.0,0.0029576749075204134,0.0,0.0,2022-02-09 00:00:00
16.76099968,29.19864082,0.0,936.6847534,30.00000191,4.610249519,16.91100121,12.06100082,0.142000005,0.156000003,0.0,0.0025525852494562664,0.0,0.0,2023-11-09 21:00:00
6.8285,53.878696,0.0,998.9462,0.0,10.144082,7.1285,9.9785,0.316,0.39,1.0,0.9953396519025167,1.0,25.0,2020-02-10 10:00:00
13.76100063,31.92940903,0.0,936.7613525,0.0,5.904438972,15.76100063,12.51100063,0.254999995,0.272000015,0.0,0.0025925903658693037,0.0,0.0,2021-11-25 00:00:00
6.06099987,86.39835358,0.0,938.5481567,28.20000076,5.959060192,5.910999775,9.661000252,0.213,0.252000004,0.0,0.0025862488352383175,0.0,0.0,2020-02-24 12:00:00
27.36100006,22.06199455,0.0,931.3365479,0.0,5.588702679,27.81100082,31.31100082,0.133000001,0.150000006,0.0,0.00285354966763407,0.0,0.0,2022-09-07 09:00:00
29.5895,17.404789,0.0,937.6187,0.0,14.759999,30.9895,26.1395,0.135,0.151,1.0,0.9953176975250244,1.0,32.73498513,2020-08-20 20:00:00
11.91100025,56.0189476,0.0,932.0221558,23.10000038,3.758510351,12.36100006,8.911000252,0.209999993,0.200000003,0.0,0.0025485801743343472,0.0,0.0,2023-12-14 00:00:00
4.761000156,62.31249619,0.0,924.1768799,0.0,12.62055397,6.31099987,9.961000443,0.279000014,0.305000007,0.0,0.002525438671000302,0.0,0.0,2023-04-13 09:00:00
22.5615,54.085682,0.0,961.8122,3.9,10.661107,25.2115,28.4615,0.136,0.157,1.0,0.9953617453575134,1.0,34.39529518,2020-08-23 10:00:00
14.61100006,40.89467621,0.0,933.5183716,6.900000095,5.315336227,13.26100063,9.411000252,0.289000005,0.308999985,0.0,0.0027454724380125604,0.0,0.0,2022-01-22 21:00:00
11.61100006,86.65540314,0.0,928.5480957,90.0,7.421589851,13.91100025,16.31100082,0.159999996,0.179000005,0.0,0.0025235253075758615,0.0,0.0,2023-06-07 15:00:00
23.61100006,24.26846123,0.0,934.0387573,0.0,4.693825245,19.76099968,24.91100121,0.133000001,0.150999993,0.0,0.002578550367616117,0.0,0.0,2020-10-02 15:00:00
12.71100044,43.68481064,0.0,932.9823608,12.60000038,5.771238804,13.76100063,9.411000252,0.268999994,0.268000007,0.0,0.0026329996762797236,0.0,0.0,2021-03-06 21:00:00
31.3045,20.612291,0.0,953.78973,0.0,11.298495,30.7045,23.0545,0.134,0.154,1.0,0.995359480381012,1.0,35.59327722,2020-08-30 21:00:00
22.51099968,15.33837509,0.0,932.9205933,0.0,13.57061481,22.36100006,14.26100063,0.159999996,0.199000001,0.0,0.0025243877122799554,0.0,0.0,2021-04-17 21:00:00
23.11100006,45.69581604,0.0,933.7227173,29.40000153,18.9983139,25.26099968,19.26099968,0.143999994,0.185000002,0.0,0.0025220788860072694,0.0,0.0,2020-06-15 21:00:00
11.01100063,52.88183594,0.0,930.1166992,0.0,5.959060192,13.11100006,18.16100121,0.137999997,0.162,0.0,0.0025526079504440227,0.0,0.0,2021-05-26 09:00:00
21.91100121,31.54109573,0.0,935.0574341,28.20000076,6.618518829,18.86100006,11.26100063,0.187000006,0.222000003,0.0,0.0025323318938414254,0.0,0.0,2020-03-04 21:00:00
9.061000824,23.12747002,0.0,928.7310181,24.90000153,5.692099094,3.260999918,8.611000061,0.257999986,0.280000001,0.0,0.002529165668723484,0.0,0.0,2021-03-02 12:00:00
19.037,81.185555,0.0,940.39935,10.200001,4.510787,21.787,25.337,0.133,0.159,1.0,0.9953542550404867,1.0,34.84335849,2020-08-24 10:00:00
26.51099968,30.58518028,0.0,935.2565308,1.5,11.5928936,25.56100082,21.26099968,0.134000003,0.153999999,0.0,0.06151257905488213,0.0,0.0,2022-07-08 18:00:00
14.16100025,61.05659485,0.0,927.5267944,14.40000057,13.1041975,22.26099968,21.16100121,0.134000003,0.162,0.0,0.002543502526047329,0.0,0.0,2021-05-15 03:00:00
31.96100044,12.39872456,0.0,936.0001831,21.30000114,13.52757168,33.26099777,24.61100006,0.133000001,0.160999998,0.0,0.006368419465919335,0.0,0.0,2020-07-10 21:00:00
16.31100082,62.18927002,0.0,933.0750732,0.0,7.92817688,19.96100044,24.56100082,0.133000001,0.150999993,0.0,0.0026110781667133174,0.0,0.0,2022-08-11 09:00:00
13.160999,94.5865,0.0,995.69507,7.2,7.5170207,18.011,22.661,0.175,0.296,1.0,0.9953583677609762,1.0,27.5,2020-07-08 10:00:00
2.411000013,99.29122162,0.0,939.7250977,100.0,13.7979126,5.861000061,7.81099987,0.38499999,0.393000007,0.0,0.0025442736223340034,0.0,0.0,2023-03-25 06:00:00
23.15,45.858715,0.0,953.62,8.1,5.1165614,22.55,26.349998,0.137,0.154,1.0,0.9953614672025045,1.0,34.35001349,2020-08-23 10:00:00
13.11100006,53.63331223,0.0,930.8972168,0.600000024,7.729526997,16.26099968,18.86100006,0.134000003,0.166999996,0.0,0.0025418257573619485,0.0,0.0,2021-05-08 06:00:00
11.66100025,57.15158844,0.0,929.9359131,26.10000038,8.217152596,13.86100006,15.31100082,0.216000006,0.204999998,0.0,0.002526761032640934,0.0,0.0,2022-04-03 06:00:00
26.363,30.027382,0.0,919.6299,19.2,1.1384199,23.913,29.563,0.123,0.149,1.0,0.9953597187995911,1.0,34.12360503,2020-08-22 10:00:00
-1.588999987,91.52003479,0.0,927.6269531,92.70000458,10.18233681,3.111000061,4.710999966,0.407999992,0.400000006,0.0,0.0025228896799186864,0.0,0.0,2023-02-27 12:00:00
13.31100082,75.96007538,0.0,929.3960571,0.0,6.569382668,13.41100025,10.76100063,0.354000002,0.354000002,0.0,0.002704723970964551,0.0,0.0,2023-12-23 00:00:00
1.710999966,96.82759857,1.899999976,921.8911133,100.0,9.107358932,4.56099987,7.511000156,0.428000003,0.423000008,0.0,0.002529232995584607,0.0,0.0,2021-12-14 15:00:00
17.7535,85.30152,0.0,967.0851,8.099999,3.6,23.0535,26.7535,0.241,0.276,1.0,0.9953615864117941,1.0,35.09223334,2020-08-25 09:00:00
12.71100044,67.79689789,0.0,930.2342529,0.0,0.719999969,12.96100044,8.811000824,0.218999997,0.199000001,0.0,0.0030404371209442616,0.0,0.0,2023-12-12 00:00:00
10.71100044,78.70069885,0.200000003,922.6151733,100.0,24.27264977,7.761000156,7.06099987,0.423000008,0.423000008,0.0,0.002534299506805837,0.0,0.0,2023-01-04 21:00:00
17.149,41.629913,0.0,935.32214,2.4,10.883676,16.749,12.198999,0.193,0.214,1.0,0.0025932302232831717,0.0,39.89387096,2023-11-13 22:00:00
4.861000061,98.95928192,0.0,931.8824463,89.70000458,5.001279831,4.910999775,7.410999775,0.328000009,0.328000009,0.0,0.002527816027092437,0.0,0.0,2023-12-27 15:00:00
-1.838999987,90.48748016,0.0,928.0960083,0.0,7.342587948,2.260999918,5.31099987,0.393000007,0.393000007,0.0,0.0025256111985072494,0.0,0.0,2022-12-13 12:00:00
12.31100082,52.48330307,0.0,929.204895,19.79999924,10.44620609,18.16100121,23.31100082,0.134000003,0.155000001,0.0,0.00300863121325771,0.0,0.0,2022-07-02 09:00:00
34.097,14.224167,0.0,933.7913,0.0,6.638072,36.397003,29.497,0.125,0.148,1.0,0.9953004717826843,1.0,33.79149422,2020-08-21 20:00:00
20.61100006,46.70916748,0.0,934.3412476,0.0,12.52261925,18.81100082,16.16100121,0.246000007,0.284000009,0.0,0.0025288475832591453,0.0,0.0,2020-04-26 18:00:00
13.4765005,88.283966,0.0,995.25696,36.899998,7.072878,19.2765,23.4265,0.255,0.308,1.0,0.9953575134277344,1.0,38.17843071,2023-07-04 10:00:00
42.4305,11.31398,0.0,958.69415,4.2000003,5.1544156,38.7305,28.1305,0.134,0.153,1.0,0.9953454732894897,1.0,35.8848149,2020-09-06 20:00:00
20.81100082,45.67215347,0.0,928.4266357,0.0,9.178235054,23.86100006,27.76099968,0.134000003,0.150999993,0.0,0.00370686004559199,0.0,0.0,2021-07-30 12:00:00
22.022001,53.947803,0.0,952.62524,3.9,10.661107,24.672,27.922,0.136,0.157,1.0,0.9953610301017761,1.0,34.4209019,2020-08-23 10:00:00
12.26100063,40.05920029,0.0,932.7630615,4.5,13.97987175,15.56100082,17.51099968,0.237000003,0.280999988,0.0,0.00252685210822771,0.0,0.0,2020-04-27 06:00:00
5.06099987,67.1187973,0.200000003,931.4855347,54.90000153,9.511088371,5.261000156,5.210999966,0.356000006,0.300999999,0.0,0.002525978605262935,0.0,0.0,2021-03-11 18:00:00
33.11100006,19.94391441,0.0,933.246521,0.0,5.241678715,30.21100044,22.46100044,0.114,0.165000007,0.0,0.0025308131395528712,0.0,0.0,2023-06-30 18:00:00
34.36100006,14.43228149,0.0,927.5640259,0.0,16.03920174,37.96099854,27.86100006,0.133000001,0.153999999,0.0,0.01899392654498418,0.0,0.0,2021-06-19 00:00:00
13.2560005,60.63067,0.0,1015.845,0.0,6.763786,8.806,7.3059998,0.466,0.48,1.0,0.9953027963638306,1.0,37.30252308,2023-02-08 19:00:00
9.061000824,23.31202316,0.0,933.3060913,0.0,6.162207127,11.51100063,15.76100063,0.184,0.243000001,0.0,0.0025241317537923655,0.0,0.0,2020-05-04 09:00:00
28.41100121,27.45880699,0.0,931.3290405,0.0,11.88545322,34.61100006,25.86100006,0.112999998,0.162,0.0,0.002525277668610215,0.0,0.0,2023-07-05 00:00:00
16.91100121,46.47742081,0.0,935.6256104,75.0,6.034699917,7.111000061,9.311000824,0.308999985,0.31099999,0.0,0.002641515340656042,0.0,0.0,2022-12-26 15:00:00
19.61100006,43.0682373,0.0,929.9404907,0.0,10.43999958,22.51099968,23.51099968,0.136999995,0.180000007,0.0,0.00252740989283969,0.0,0.0,2020-06-20 06:00:00
28.059,33.05402,0.0,911.64075,35.4,13.363711,28.259,29.909,0.128,0.152,1.0,0.9953596393267313,1.0,27.5,2020-08-17 10:00:00
6.31099987,37.69602203,0.0,937.0687866,0.600000024,2.099142551,2.911000013,8.861000061,0.279000014,0.286000013,0.0,0.0025489231338724494,0.0,0.0,2022-11-17 12:00:00
26.81100082,22.23138809,0.0,930.5513306,0.0,4.334974289,20.31100082,25.51099968,0.133000001,0.150000006,0.0,0.00254355165331314,0.0,0.0,2022-09-01 12:00:00
27.61100006,12.38842678,0.0,933.1485596,0.0,4.349896431,23.06100082,25.26099968,0.133000001,0.159999996,0.0,0.002658024779520929,0.0,0.0,2020-07-12 15:00:00
12.76100063,59.26227188,0.0,932.630188,1.799999952,15.9134655,15.66100025,18.51099968,0.137999997,0.162,0.0,0.002526484973107775,0.0,0.0,2021-05-25 09:00:00
7.761000156,99.32103729,0.0,935.6696777,90.0,4.104631424,9.311000824,12.41100025,0.323000014,0.170000002,0.0,0.0025487588718533516,0.0,0.0,2020-11-19 06:00:00
21.9135,42.695908,0.0,934.412,25.800001,3.671294,20.213501,25.1635,0.133,0.151,1.0,0.7030987739562988,1.0,34.0593462,2020-08-22 10:00:00
4.261000156,35.64516449,0.0,932.7988281,1.5,3.21993804,2.210999966,7.160999775,0.254999995,0.268000007,0.0,0.0025308969585845866,0.0,0.0,2022-11-22 15:00:00
35.995502,28.576752,0.0,976.0376,1.2,10.464797,41.2955,30.095499,0.084,0.13,1.0,0.9953610698382059,1.0,34.92336401,2020-08-24 21:00:00
26.76099968,22.21841431,0.0,932.6540527,0.0,11.88545322,31.01099968,23.61100006,0.133000001,0.150000006,0.0,0.002522612533842524,0.0,0.0,2021-08-26 00:00:00
6.611000061,97.61988831,0.400000006,933.6838379,100.0,13.32486343,8.361000061,7.460999966,0.441000015,0.43900001,0.0,0.0025422211814050875,0.0,0.0,2023-01-12 00:00:00
21.3785,20.822433,0.0,895.96857,0.9,10.009036,25.0285,28.9785,0.137,0.151,1.0,0.9953616261482239,1.0,31.06776031,2020-08-20 09:00:00
15.26100063,26.60176277,0.0,931.5915527,31.80000114,8.049844742,14.16100025,10.91100025,0.291000009,0.301999986,0.0,0.0025283696983630457,0.0,0.0,2021-11-08 21:00:00
27.66100121,26.33567047,0.0,934.449646,0.0,10.43999958,27.46100044,25.51099968,0.133000001,0.150999993,0.0,0.002545356013191243,0.0,0.0,2022-08-21 18:00:00
9.611000061,65.04737091,0.0,930.079895,0.899999976,11.38419914,14.96100044,17.86100006,0.153999999,0.195999995,0.0,0.002528506602781514,0.0,0.0,2022-05-17 06:00:00
4.410999775,95.54321289,0.0,930.7423706,58.79999924,4.394360065,6.111000061,8.911000252,0.257999986,0.286000013,0.0,0.0025283050878594318,0.0,0.0,2020-02-14 09:00:00
9.111000061,61.34593582,0.0,928.9285278,28.80000114,9.449571609,11.56100082,14.46100044,0.182999998,0.225999996,0.0,0.002524138971542319,0.0,0.0,2022-05-03 06:00:00
29.5145,20.379047,0.0,958.2113,0.0,9.885262,29.0145,23.164501,0.134,0.154,1.0,0.9953571955362955,1.0,35.67816385,2020-08-31 20:00:00
30.973999,24.20011,0.0,969.5764,11.7,9.1641035,32.174,34.424,0.104,0.137,1.0,0.9953617453575134,1.0,28.24633225,2020-08-18 10:00:00
19.76099968,36.89361954,0.0,933.1018677,0.0,3.617955208,18.36100006,24.11100006,0.134000003,0.150000006,0.0,0.003315991023555398,0.0,0.0,2021-09-11 15:00:00
